-- MySQL dump 10.18  Distrib 10.3.27-MariaDB, for debian-linux-gnu (x86_64)
--
-- Host: localhost    Database: dc_general
-- ------------------------------------------------------
-- Server version	10.3.27-MariaDB-0+deb10u1

/*!40101 SET @OLD_CHARACTER_SET_CLIENT=@@CHARACTER_SET_CLIENT */;
/*!40101 SET @OLD_CHARACTER_SET_RESULTS=@@CHARACTER_SET_RESULTS */;
/*!40101 SET @OLD_COLLATION_CONNECTION=@@COLLATION_CONNECTION */;
/*!40101 SET NAMES utf8mb4 */;
/*!40103 SET @OLD_TIME_ZONE=@@TIME_ZONE */;
/*!40103 SET TIME_ZONE='+00:00' */;
/*!40014 SET @OLD_UNIQUE_CHECKS=@@UNIQUE_CHECKS, UNIQUE_CHECKS=0 */;
/*!40014 SET @OLD_FOREIGN_KEY_CHECKS=@@FOREIGN_KEY_CHECKS, FOREIGN_KEY_CHECKS=0 */;
/*!40101 SET @OLD_SQL_MODE=@@SQL_MODE, SQL_MODE='NO_AUTO_VALUE_ON_ZERO' */;
/*!40111 SET @OLD_SQL_NOTES=@@SQL_NOTES, SQL_NOTES=0 */;
-- MySQL dump 10.18  Distrib 10.3.27-MariaDB, for debian-linux-gnu (x86_64)
--
-- Host: localhost    Database: dc_general
-- ------------------------------------------------------
-- Server version	10.3.27-MariaDB-0+deb10u1

/*!40101 SET @OLD_CHARACTER_SET_CLIENT=@@CHARACTER_SET_CLIENT */;
/*!40101 SET @OLD_CHARACTER_SET_RESULTS=@@CHARACTER_SET_RESULTS */;
/*!40101 SET @OLD_COLLATION_CONNECTION=@@COLLATION_CONNECTION */;
/*!40101 SET NAMES utf8mb4 */;
/*!40103 SET @OLD_TIME_ZONE=@@TIME_ZONE */;
/*!40103 SET TIME_ZONE='+00:00' */;
/*!40014 SET @OLD_UNIQUE_CHECKS=@@UNIQUE_CHECKS, UNIQUE_CHECKS=0 */;
/*!40014 SET @OLD_FOREIGN_KEY_CHECKS=@@FOREIGN_KEY_CHECKS, FOREIGN_KEY_CHECKS=0 */;
/*!40101 SET @OLD_SQL_MODE=@@SQL_MODE, SQL_MODE='NO_AUTO_VALUE_ON_ZERO' */;
/*!40111 SET @OLD_SQL_NOTES=@@SQL_NOTES, SQL_NOTES=0 */;
-- MySQL dump 10.18  Distrib 10.3.27-MariaDB, for debian-linux-gnu (x86_64)
--
-- Host: localhost    Database: dc_general
-- ------------------------------------------------------
-- Server version	10.3.27-MariaDB-0+deb10u1

/*!40101 SET @OLD_CHARACTER_SET_CLIENT=@@CHARACTER_SET_CLIENT */;
/*!40101 SET @OLD_CHARACTER_SET_RESULTS=@@CHARACTER_SET_RESULTS */;
/*!40101 SET @OLD_COLLATION_CONNECTION=@@COLLATION_CONNECTION */;
/*!40101 SET NAMES utf8mb4 */;
/*!40103 SET @OLD_TIME_ZONE=@@TIME_ZONE */;
/*!40103 SET TIME_ZONE='+00:00' */;
/*!40014 SET @OLD_UNIQUE_CHECKS=@@UNIQUE_CHECKS, UNIQUE_CHECKS=0 */;
/*!40014 SET @OLD_FOREIGN_KEY_CHECKS=@@FOREIGN_KEY_CHECKS, FOREIGN_KEY_CHECKS=0 */;
/*!40101 SET @OLD_SQL_MODE=@@SQL_MODE, SQL_MODE='NO_AUTO_VALUE_ON_ZERO' */;
/*!40111 SET @OLD_SQL_NOTES=@@SQL_NOTES, SQL_NOTES=0 */;
-- MySQL dump 10.18  Distrib 10.3.27-MariaDB, for debian-linux-gnu (x86_64)
--
-- Host: localhost    Database: dc_general
-- ------------------------------------------------------
-- Server version	10.3.27-MariaDB-0+deb10u1

/*!40101 SET @OLD_CHARACTER_SET_CLIENT=@@CHARACTER_SET_CLIENT */;
/*!40101 SET @OLD_CHARACTER_SET_RESULTS=@@CHARACTER_SET_RESULTS */;
/*!40101 SET @OLD_COLLATION_CONNECTION=@@COLLATION_CONNECTION */;
/*!40101 SET NAMES utf8mb4 */;
/*!40103 SET @OLD_TIME_ZONE=@@TIME_ZONE */;
/*!40103 SET TIME_ZONE='+00:00' */;
/*!40014 SET @OLD_UNIQUE_CHECKS=@@UNIQUE_CHECKS, UNIQUE_CHECKS=0 */;
/*!40014 SET @OLD_FOREIGN_KEY_CHECKS=@@FOREIGN_KEY_CHECKS, FOREIGN_KEY_CHECKS=0 */;
/*!40101 SET @OLD_SQL_MODE=@@SQL_MODE, SQL_MODE='NO_AUTO_VALUE_ON_ZERO' */;
/*!40111 SET @OLD_SQL_NOTES=@@SQL_NOTES, SQL_NOTES=0 */;
-- MySQL dump 10.18  Distrib 10.3.27-MariaDB, for debian-linux-gnu (x86_64)
--
-- Host: localhost    Database: dc_general
-- ------------------------------------------------------
-- Server version	10.3.27-MariaDB-0+deb10u1

/*!40101 SET @OLD_CHARACTER_SET_CLIENT=@@CHARACTER_SET_CLIENT */;
/*!40101 SET @OLD_CHARACTER_SET_RESULTS=@@CHARACTER_SET_RESULTS */;
/*!40101 SET @OLD_COLLATION_CONNECTION=@@COLLATION_CONNECTION */;
/*!40101 SET NAMES utf8mb4 */;
/*!40103 SET @OLD_TIME_ZONE=@@TIME_ZONE */;
/*!40103 SET TIME_ZONE='+00:00' */;
/*!40014 SET @OLD_UNIQUE_CHECKS=@@UNIQUE_CHECKS, UNIQUE_CHECKS=0 */;
/*!40014 SET @OLD_FOREIGN_KEY_CHECKS=@@FOREIGN_KEY_CHECKS, FOREIGN_KEY_CHECKS=0 */;
/*!40101 SET @OLD_SQL_MODE=@@SQL_MODE, SQL_MODE='NO_AUTO_VALUE_ON_ZERO' */;
/*!40111 SET @OLD_SQL_NOTES=@@SQL_NOTES, SQL_NOTES=0 */;
-- MySQL dump 10.18  Distrib 10.3.27-MariaDB, for debian-linux-gnu (x86_64)
--
-- Host: localhost    Database: dc_general
-- ------------------------------------------------------
-- Server version	10.3.27-MariaDB-0+deb10u1

/*!40101 SET @OLD_CHARACTER_SET_CLIENT=@@CHARACTER_SET_CLIENT */;
/*!40101 SET @OLD_CHARACTER_SET_RESULTS=@@CHARACTER_SET_RESULTS */;
/*!40101 SET @OLD_COLLATION_CONNECTION=@@COLLATION_CONNECTION */;
/*!40101 SET NAMES utf8mb4 */;
/*!40103 SET @OLD_TIME_ZONE=@@TIME_ZONE */;
/*!40103 SET TIME_ZONE='+00:00' */;
/*!40014 SET @OLD_UNIQUE_CHECKS=@@UNIQUE_CHECKS, UNIQUE_CHECKS=0 */;
/*!40014 SET @OLD_FOREIGN_KEY_CHECKS=@@FOREIGN_KEY_CHECKS, FOREIGN_KEY_CHECKS=0 */;
/*!40101 SET @OLD_SQL_MODE=@@SQL_MODE, SQL_MODE='NO_AUTO_VALUE_ON_ZERO' */;
/*!40111 SET @OLD_SQL_NOTES=@@SQL_NOTES, SQL_NOTES=0 */;
-- MySQL dump 10.18  Distrib 10.3.27-MariaDB, for debian-linux-gnu (x86_64)
--
-- Host: localhost    Database: c34
-- ------------------------------------------------------
-- Server version	10.3.27-MariaDB-0+deb10u1

/*!40101 SET @OLD_CHARACTER_SET_CLIENT=@@CHARACTER_SET_CLIENT */;
/*!40101 SET @OLD_CHARACTER_SET_RESULTS=@@CHARACTER_SET_RESULTS */;
/*!40101 SET @OLD_COLLATION_CONNECTION=@@COLLATION_CONNECTION */;
/*!40101 SET NAMES utf8mb4 */;
/*!40103 SET @OLD_TIME_ZONE=@@TIME_ZONE */;
/*!40103 SET TIME_ZONE='+00:00' */;
/*!40014 SET @OLD_UNIQUE_CHECKS=@@UNIQUE_CHECKS, UNIQUE_CHECKS=0 */;
/*!40014 SET @OLD_FOREIGN_KEY_CHECKS=@@FOREIGN_KEY_CHECKS, FOREIGN_KEY_CHECKS=0 */;
/*!40101 SET @OLD_SQL_MODE=@@SQL_MODE, SQL_MODE='NO_AUTO_VALUE_ON_ZERO' */;
/*!40111 SET @OLD_SQL_NOTES=@@SQL_NOTES, SQL_NOTES=0 */;

--
-- Table structure for table `bill_type`
--

DROP TABLE IF EXISTS `bill_type`;
/*!40101 SET @saved_cs_client     = @@character_set_client */;
/*!40101 SET character_set_client = utf8 */;
CREATE TABLE `bill_type` (
  `bill_type` varchar(100) NOT NULL,
  PRIMARY KEY (`bill_type`)
) ENGINE=InnoDB DEFAULT CHARSET=latin1;
/*!40101 SET character_set_client = @saved_cs_client */;

--
-- Dumping data for table `bill_type`
--

LOCK TABLES `bill_type` WRITE;
/*!40000 ALTER TABLE `bill_type` DISABLE KEYS */;
INSERT INTO `bill_type` VALUES (''),('Arrears Bill'),('Pay Bill'),('Supplimentary bill');
/*!40000 ALTER TABLE `bill_type` ENABLE KEYS */;
UNLOCK TABLES;
/*!40103 SET TIME_ZONE=@OLD_TIME_ZONE */;

/*!40101 SET SQL_MODE=@OLD_SQL_MODE */;
/*!40014 SET FOREIGN_KEY_CHECKS=@OLD_FOREIGN_KEY_CHECKS */;
/*!40014 SET UNIQUE_CHECKS=@OLD_UNIQUE_CHECKS */;
/*!40101 SET CHARACTER_SET_CLIENT=@OLD_CHARACTER_SET_CLIENT */;
/*!40101 SET CHARACTER_SET_RESULTS=@OLD_CHARACTER_SET_RESULTS */;
/*!40101 SET COLLATION_CONNECTION=@OLD_COLLATION_CONNECTION */;
/*!40111 SET SQL_NOTES=@OLD_SQL_NOTES */;

-- Dump completed on 2021-07-27 13:19:29
-- MySQL dump 10.18  Distrib 10.3.27-MariaDB, for debian-linux-gnu (x86_64)
--
-- Host: localhost    Database: c34
-- ------------------------------------------------------
-- Server version	10.3.27-MariaDB-0+deb10u1

/*!40101 SET @OLD_CHARACTER_SET_CLIENT=@@CHARACTER_SET_CLIENT */;
/*!40101 SET @OLD_CHARACTER_SET_RESULTS=@@CHARACTER_SET_RESULTS */;
/*!40101 SET @OLD_COLLATION_CONNECTION=@@COLLATION_CONNECTION */;
/*!40101 SET NAMES utf8mb4 */;
/*!40103 SET @OLD_TIME_ZONE=@@TIME_ZONE */;
/*!40103 SET TIME_ZONE='+00:00' */;
/*!40014 SET @OLD_UNIQUE_CHECKS=@@UNIQUE_CHECKS, UNIQUE_CHECKS=0 */;
/*!40014 SET @OLD_FOREIGN_KEY_CHECKS=@@FOREIGN_KEY_CHECKS, FOREIGN_KEY_CHECKS=0 */;
/*!40101 SET @OLD_SQL_MODE=@@SQL_MODE, SQL_MODE='NO_AUTO_VALUE_ON_ZERO' */;
/*!40111 SET @OLD_SQL_NOTES=@@SQL_NOTES, SQL_NOTES=0 */;

--
-- Table structure for table `department`
--

DROP TABLE IF EXISTS `department`;
/*!40101 SET @saved_cs_client     = @@character_set_client */;
/*!40101 SET character_set_client = utf8 */;
CREATE TABLE `department` (
  `department` varchar(200) NOT NULL,
  PRIMARY KEY (`department`)
) ENGINE=InnoDB DEFAULT CHARSET=utf8;
/*!40101 SET character_set_client = @saved_cs_client */;

--
-- Dumping data for table `department`
--

LOCK TABLES `department` WRITE;
/*!40000 ALTER TABLE `department` DISABLE KEYS */;
INSERT INTO `department` VALUES (''),('Anatomy'),('Anesthesiology'),('Biochemistry'),('Burns and Plastic Surgery'),('Cardiology'),('Community Medicine'),('Dentistry'),('Emergency Medicine'),('ENT'),('ENT-NPPCD'),('Forensic Medicine'),('General surgery'),('IHBT'),('Medicine'),('Microbiology'),('Neurology'),('Neurosurgery'),('Obstetrics and Gynacology(NTMO)'),('Obstetrics and Gynecology'),('Obstetrics and Gynecology(MCHO)'),('Office of The Dean'),('Opthalmology'),('Orthopedics'),('Paediatrics'),('Pathology'),('Pharmacology'),('Physiology'),('Psychiatry'),('Radiology'),('Respiratory Medicine'),('Skin and VD');
/*!40000 ALTER TABLE `department` ENABLE KEYS */;
UNLOCK TABLES;
/*!40103 SET TIME_ZONE=@OLD_TIME_ZONE */;

/*!40101 SET SQL_MODE=@OLD_SQL_MODE */;
/*!40014 SET FOREIGN_KEY_CHECKS=@OLD_FOREIGN_KEY_CHECKS */;
/*!40014 SET UNIQUE_CHECKS=@OLD_UNIQUE_CHECKS */;
/*!40101 SET CHARACTER_SET_CLIENT=@OLD_CHARACTER_SET_CLIENT */;
/*!40101 SET CHARACTER_SET_RESULTS=@OLD_CHARACTER_SET_RESULTS */;
/*!40101 SET COLLATION_CONNECTION=@OLD_COLLATION_CONNECTION */;
/*!40111 SET SQL_NOTES=@OLD_SQL_NOTES */;

-- Dump completed on 2021-07-27 13:19:29
-- MySQL dump 10.18  Distrib 10.3.27-MariaDB, for debian-linux-gnu (x86_64)
--
-- Host: localhost    Database: c34
-- ------------------------------------------------------
-- Server version	10.3.27-MariaDB-0+deb10u1

/*!40101 SET @OLD_CHARACTER_SET_CLIENT=@@CHARACTER_SET_CLIENT */;
/*!40101 SET @OLD_CHARACTER_SET_RESULTS=@@CHARACTER_SET_RESULTS */;
/*!40101 SET @OLD_COLLATION_CONNECTION=@@COLLATION_CONNECTION */;
/*!40101 SET NAMES utf8mb4 */;
/*!40103 SET @OLD_TIME_ZONE=@@TIME_ZONE */;
/*!40103 SET TIME_ZONE='+00:00' */;
/*!40014 SET @OLD_UNIQUE_CHECKS=@@UNIQUE_CHECKS, UNIQUE_CHECKS=0 */;
/*!40014 SET @OLD_FOREIGN_KEY_CHECKS=@@FOREIGN_KEY_CHECKS, FOREIGN_KEY_CHECKS=0 */;
/*!40101 SET @OLD_SQL_MODE=@@SQL_MODE, SQL_MODE='NO_AUTO_VALUE_ON_ZERO' */;
/*!40111 SET @OLD_SQL_NOTES=@@SQL_NOTES, SQL_NOTES=0 */;

--
-- Table structure for table `map`
--

DROP TABLE IF EXISTS `map`;
/*!40101 SET @saved_cs_client     = @@character_set_client */;
/*!40101 SET character_set_client = utf8 */;
CREATE TABLE `map` (
  `id` int(2) NOT NULL DEFAULT 0,
  `type` varchar(2) NOT NULL DEFAULT '',
  `type_name` varchar(32) DEFAULT NULL,
  `field` varchar(36) DEFAULT NULL,
  PRIMARY KEY (`id`,`type`)
) ENGINE=InnoDB DEFAULT CHARSET=utf8;
/*!40101 SET character_set_client = @saved_cs_client */;

--
-- Dumping data for table `map`
--

LOCK TABLES `map` WRITE;
/*!40000 ALTER TABLE `map` DISABLE KEYS */;
INSERT INTO `map` VALUES (1,'ns','bill_number','bill_number'),(1,'s','Pay of Officer','Pay_of_Officer_0101(+)'),(2,'ns','department','department'),(2,'s','Grade Pay of Officer ','Grade_Pay_of_Officer_0101(+)'),(3,'ns','post','post'),(3,'s','Pay of Establishment','Pay_of_Establishment_0102(+)'),(4,'ns','bank','bank'),(4,'s','Grade Pay of Establishment ','Grade_Pay_of_Establishment_0102(+)'),(5,'ns','bank account number','bank_acc_number'),(5,'s','NPA','NPA_0128(+)'),(6,'ns','GPF account number','gpf_acc'),(6,'s','Leave Salary Encash ','Leave_Salary_Encash_0109(+)'),(7,'ns','CPF account number','cpf_acc'),(7,'s','Dearness Allowance ','Dearness_Allowance_0103(+)'),(8,'ns','PAN','pan'),(8,'s','Compansatory Local Allowance ','Compansatory_Local_Allowance_0111(+)'),(9,'ns','Quarter','quarter'),(9,'s','House Rent Allowance ','House_Rent_Allowance_0110(+)'),(10,'ns','Pay Scale','pay_scale'),(10,'s','Medical Allowance ','Medical_Allowance_0107(+)'),(11,'ns','Old Pay Scale','old_pay_scale'),(11,'s','Book Allowance ','BA_0104(+)'),(12,'s','Transport Allowance ','Transport_Allowance_0113(+)'),(13,'s','Interim Relief ','Interim_Relief_0112(+)'),(14,'s','Washing Allowance ','Washing_Allowance_0132(+)'),(15,'s','Uniform Allowance ','Uniform_Allowance_0131(+)'),(16,'s','Nursing Allownace ','Nursing_Allownace_0129(+)'),(17,'s','Special Post Allowance','Special_Post_Allow_0104(+)'),(18,'s','Family Welfare Allowance ','Family_Welfare_Allow_0104(+)'),(19,'s','Ceiling Extra ','Ceiling_Extra_0104(+)'),(20,'s','Income Tax','Income_Tax_9510(-)'),(21,'s','Rent of Building ','Rent_of_Building_9560(-)'),(22,'s','Professional Tax ','Professional_Tax_9570(-)'),(23,'s','SIS I/F','SIS_I_9581(-)'),(24,'s','SIS S/F','SIS_S_9582(-)'),(25,'s','GPF non IV ','GPF_non_IV_9670(-)'),(26,'s','GPF IV','GPF_IV_9531(-)'),(27,'s','CPF','CPF_9690(-)'),(28,'s','Recovery of Pay of Officer','Pay_of_Officer_0101(-)'),(29,'s','Recovery of Pay of Establishment','Pay_of_Establishment_0102(-)'),(30,'s','Festival Advance Recovery','Festival_A_5701(-)'),(31,'s','Food Grains Advance Recovery','Food_Grains_A_5801(-)'),(32,'s','Car Advance Recovery','Car_A_9741(-)'),(33,'s','HBA Recovery','HBA_9591(-)'),(34,'s','Festival Advance',''),(35,'s','Food Grains Advance',''),(36,'s','Car Advance',''),(37,'s','HBA',''),(38,'s','GPF  Advance non IV ',''),(39,'s','GPF  Advance Recovery non IV ','');
/*!40000 ALTER TABLE `map` ENABLE KEYS */;
UNLOCK TABLES;
/*!40103 SET TIME_ZONE=@OLD_TIME_ZONE */;

/*!40101 SET SQL_MODE=@OLD_SQL_MODE */;
/*!40014 SET FOREIGN_KEY_CHECKS=@OLD_FOREIGN_KEY_CHECKS */;
/*!40014 SET UNIQUE_CHECKS=@OLD_UNIQUE_CHECKS */;
/*!40101 SET CHARACTER_SET_CLIENT=@OLD_CHARACTER_SET_CLIENT */;
/*!40101 SET CHARACTER_SET_RESULTS=@OLD_CHARACTER_SET_RESULTS */;
/*!40101 SET COLLATION_CONNECTION=@OLD_COLLATION_CONNECTION */;
/*!40111 SET SQL_NOTES=@OLD_SQL_NOTES */;

-- Dump completed on 2021-07-27 13:19:29
-- MySQL dump 10.18  Distrib 10.3.27-MariaDB, for debian-linux-gnu (x86_64)
--
-- Host: localhost    Database: c34
-- ------------------------------------------------------
-- Server version	10.3.27-MariaDB-0+deb10u1

/*!40101 SET @OLD_CHARACTER_SET_CLIENT=@@CHARACTER_SET_CLIENT */;
/*!40101 SET @OLD_CHARACTER_SET_RESULTS=@@CHARACTER_SET_RESULTS */;
/*!40101 SET @OLD_COLLATION_CONNECTION=@@COLLATION_CONNECTION */;
/*!40101 SET NAMES utf8mb4 */;
/*!40103 SET @OLD_TIME_ZONE=@@TIME_ZONE */;
/*!40103 SET TIME_ZONE='+00:00' */;
/*!40014 SET @OLD_UNIQUE_CHECKS=@@UNIQUE_CHECKS, UNIQUE_CHECKS=0 */;
/*!40014 SET @OLD_FOREIGN_KEY_CHECKS=@@FOREIGN_KEY_CHECKS, FOREIGN_KEY_CHECKS=0 */;
/*!40101 SET @OLD_SQL_MODE=@@SQL_MODE, SQL_MODE='NO_AUTO_VALUE_ON_ZERO' */;
/*!40111 SET @OLD_SQL_NOTES=@@SQL_NOTES, SQL_NOTES=0 */;

--
-- Table structure for table `nonsalary_type`
--

DROP TABLE IF EXISTS `nonsalary_type`;
/*!40101 SET @saved_cs_client     = @@character_set_client */;
/*!40101 SET character_set_client = utf8 */;
CREATE TABLE `nonsalary_type` (
  `nonsalary_type_id` int(11) NOT NULL,
  `name` varchar(50) NOT NULL,
  `shortform` varchar(6) NOT NULL,
  PRIMARY KEY (`nonsalary_type_id`)
) ENGINE=InnoDB DEFAULT CHARSET=latin1;
/*!40101 SET character_set_client = @saved_cs_client */;

--
-- Dumping data for table `nonsalary_type`
--

LOCK TABLES `nonsalary_type` WRITE;
/*!40000 ALTER TABLE `nonsalary_type` DISABLE KEYS */;
INSERT INTO `nonsalary_type` VALUES (1,'bill_number','BILL'),(2,'department','DEPT'),(3,'post','POST'),(4,'bank','BANK'),(5,'bank account number','BACC'),(6,'GPF account number','GPFACC'),(7,'CPF account number','CPFACC'),(8,'PAN','PAN'),(9,'Quarter','QTR'),(10,'Pay Scale Basic','PAY'),(11,'Grade  Pay Scale','GPAY'),(12,'Remark','RMR'),(13,'email','EMAIL'),(14,'6_pay_basic_O','6PBASO'),(15,'6_pay_GP_O','6PGPO'),(16,'6_pay_basic_E','6PBASE'),(17,'6_pay_GP_E','6PGPE'),(18,'Pay Scale','PAYS');
/*!40000 ALTER TABLE `nonsalary_type` ENABLE KEYS */;
UNLOCK TABLES;
/*!40103 SET TIME_ZONE=@OLD_TIME_ZONE */;

/*!40101 SET SQL_MODE=@OLD_SQL_MODE */;
/*!40014 SET FOREIGN_KEY_CHECKS=@OLD_FOREIGN_KEY_CHECKS */;
/*!40014 SET UNIQUE_CHECKS=@OLD_UNIQUE_CHECKS */;
/*!40101 SET CHARACTER_SET_CLIENT=@OLD_CHARACTER_SET_CLIENT */;
/*!40101 SET CHARACTER_SET_RESULTS=@OLD_CHARACTER_SET_RESULTS */;
/*!40101 SET COLLATION_CONNECTION=@OLD_COLLATION_CONNECTION */;
/*!40111 SET SQL_NOTES=@OLD_SQL_NOTES */;

-- Dump completed on 2021-07-27 13:19:29
-- MySQL dump 10.18  Distrib 10.3.27-MariaDB, for debian-linux-gnu (x86_64)
--
-- Host: localhost    Database: c34
-- ------------------------------------------------------
-- Server version	10.3.27-MariaDB-0+deb10u1

/*!40101 SET @OLD_CHARACTER_SET_CLIENT=@@CHARACTER_SET_CLIENT */;
/*!40101 SET @OLD_CHARACTER_SET_RESULTS=@@CHARACTER_SET_RESULTS */;
/*!40101 SET @OLD_COLLATION_CONNECTION=@@COLLATION_CONNECTION */;
/*!40101 SET NAMES utf8mb4 */;
/*!40103 SET @OLD_TIME_ZONE=@@TIME_ZONE */;
/*!40103 SET TIME_ZONE='+00:00' */;
/*!40014 SET @OLD_UNIQUE_CHECKS=@@UNIQUE_CHECKS, UNIQUE_CHECKS=0 */;
/*!40014 SET @OLD_FOREIGN_KEY_CHECKS=@@FOREIGN_KEY_CHECKS, FOREIGN_KEY_CHECKS=0 */;
/*!40101 SET @OLD_SQL_MODE=@@SQL_MODE, SQL_MODE='NO_AUTO_VALUE_ON_ZERO' */;
/*!40111 SET @OLD_SQL_NOTES=@@SQL_NOTES, SQL_NOTES=0 */;

--
-- Table structure for table `post`
--

DROP TABLE IF EXISTS `post`;
/*!40101 SET @saved_cs_client     = @@character_set_client */;
/*!40101 SET character_set_client = utf8 */;
CREATE TABLE `post` (
  `shortform` varchar(100) NOT NULL,
  `post` varchar(100) NOT NULL,
  `senctioned` int(11) NOT NULL,
  `class` int(11) NOT NULL,
  PRIMARY KEY (`post`)
) ENGINE=InnoDB DEFAULT CHARSET=latin1;
/*!40101 SET character_set_client = @saved_cs_client */;

--
-- Dumping data for table `post`
--

LOCK TABLES `post` WRITE;
/*!40000 ALTER TABLE `post` DISABLE KEYS */;
INSERT INTO `post` VALUES ('AL',' ASSISTANT  LIBRARIAN',3,34),('AO','Account Officer',1,12),('AA','Administrative Officer',1,12),('A/A','ANIMAL ATTENDENT',2,34),('AK','ANIMAL KEEPER',2,34),('ANTO','ANTOMOLOGIST',1,12),('ART','ARTIST',1,34),('AsstP','Assistant Professor',140,12),('AssoP','Associate Professor',94,12),('AT','ATTENDENT',1,34),('AMN','Auxiliary Midwife Nurse',1,34),('AYA','AYA',2,34),('CAR','CARPENTOR',1,34),('CHEM','CHEMIST',1,12),('CHI.PSY.','CHILD PSYCHOLOGIS',1,12),('C.P','CHILD PSYCHOLOGIST',1,34),('CL4','CLASS-4 SERVANT',9,34),('C/A','CLENER & CLENER-CUM-ATTENDANT',6,34),('CCT','CLERK -CUM-TYPIST ',12,34),('CHI.PSY.','CLINICAL PSYCHOLOGIS (ON CONTRACT)',4,12),('CP','Clinical Psychologist',1,12),('Dean','Dean',1,12),('DM','DENTAL  MECHANIC',2,34),('DRA','DISSECTION ROOM ASSISTANT',3,34),('DRI','DRIVER',8,34),('E.T','ENGLISH TYPIST',1,34),('F/S','FEMALE SERVANT',1,34),('G.T','GUJARATI TYPIST',1,34),('HAM','HAMAL',10,34),('H/A','HAMAL -CUM-ANIMAL KEEPER',1,34),('HC','HEAD  CLERK',14,34),('H.N','HEAD NURSE',1,34),('HTC','HEALPER TO CARPENTER',1,34),('HE','HEALTH   EDUCATOR',1,34),('H.T','HEALTH INSPECTOR',1,34),('H/S','HOSTEL SUPERINTENDENT',2,34),('JRC','JUNIOR CLERK',25,34),('JF','JUNIOR PHARMACIST',3,34),('LA','LABORATORY  ASSISTANT',24,34),('LAT','LABORATORY ATTENDANT',24,34),('LT','LABORATORY TECHNICIAN',42,34),('LMO','LADY MEDICAL OFFICE',4,12),('LB','Lecturer in Biophysics',1,12),('LIB','LIBRARIAN',1,34),('LO','LIFT OPERATOR',1,34),('MLI','MALI',4,34),('MS','Medical Superintendent',0,12),('MUK','MUKADAM',1,34),('M.C','MUSEUM CURATOR',1,34),('NAI','NAIK',1,34),('OS','OFFICE  SUPERINTENDENT',5,34),('OTA','OPERATION THEATRE ASSISTANT',1,34),('PEO','PEON',4,34),('PH.CHEM.','PHARMA CHEMIST',1,12),('P.G','PHOTOGRAPHER',1,34),('PI','PHYSICAL INSTRUCTOR',1,34),('PHY','PHYSICIST',1,34),('PHY.','PHYSISIST',3,12),('PLU','PLUMBER',1,34),('Prof','Professor',33,12),('PRO','Projectionist',1,34),('PSW','PSYCHIATRICT SOCIAL WORKER',3,34),('PHN','PUBLIC HEALTH NURSE  (PHN)',2,34),('R.C','RECORD CLERK',1,34),('SI','SANITARY   INSPECTOR',2,34),('SO','SECURITY OFFICER',1,34),('SRC','SENIOR CLERK',14,34),('S.OP','SENIOR OPTOMESTRIST',1,34),('S.W','SOCIAL WORKER',3,34),('S.T','SPEECH THERAPIST',1,34),('SN','STAFF NURSE',9,34),('STA','STATISTICIAN',1,34),('E.S','STENOGRAPHER GRADE-2(ENGLISH)',2,34),('G.S','STENOGRAPHER GRADE-3 (GUJARATI)',1,34),('SWE','SWEEPER- MAN & FEMALE',40,34),('SYM','SYSTEM MANAGER',1,34),('Tutor','Tutor',73,12),('V.O','VATERNARY OFFICER',1,34),('VET. OFF.','VETARNARY OFFICER',1,12),('WAT','WATCHMAN',20,34),('XT','X-RAY  TECHNICIAN',8,34),('X/A','X-RAY ATTENDENT',2,34),('X.S','X-RAY SERVANT',1,34);
/*!40000 ALTER TABLE `post` ENABLE KEYS */;
UNLOCK TABLES;
/*!40103 SET TIME_ZONE=@OLD_TIME_ZONE */;

/*!40101 SET SQL_MODE=@OLD_SQL_MODE */;
/*!40014 SET FOREIGN_KEY_CHECKS=@OLD_FOREIGN_KEY_CHECKS */;
/*!40014 SET UNIQUE_CHECKS=@OLD_UNIQUE_CHECKS */;
/*!40101 SET CHARACTER_SET_CLIENT=@OLD_CHARACTER_SET_CLIENT */;
/*!40101 SET CHARACTER_SET_RESULTS=@OLD_CHARACTER_SET_RESULTS */;
/*!40101 SET COLLATION_CONNECTION=@OLD_COLLATION_CONNECTION */;
/*!40111 SET SQL_NOTES=@OLD_SQL_NOTES */;

-- Dump completed on 2021-07-27 13:19:29
-- MySQL dump 10.18  Distrib 10.3.27-MariaDB, for debian-linux-gnu (x86_64)
--
-- Host: localhost    Database: c34
-- ------------------------------------------------------
-- Server version	10.3.27-MariaDB-0+deb10u1

/*!40101 SET @OLD_CHARACTER_SET_CLIENT=@@CHARACTER_SET_CLIENT */;
/*!40101 SET @OLD_CHARACTER_SET_RESULTS=@@CHARACTER_SET_RESULTS */;
/*!40101 SET @OLD_COLLATION_CONNECTION=@@COLLATION_CONNECTION */;
/*!40101 SET NAMES utf8mb4 */;
/*!40103 SET @OLD_TIME_ZONE=@@TIME_ZONE */;
/*!40103 SET TIME_ZONE='+00:00' */;
/*!40014 SET @OLD_UNIQUE_CHECKS=@@UNIQUE_CHECKS, UNIQUE_CHECKS=0 */;
/*!40014 SET @OLD_FOREIGN_KEY_CHECKS=@@FOREIGN_KEY_CHECKS, FOREIGN_KEY_CHECKS=0 */;
/*!40101 SET @OLD_SQL_MODE=@@SQL_MODE, SQL_MODE='NO_AUTO_VALUE_ON_ZERO' */;
/*!40111 SET @OLD_SQL_NOTES=@@SQL_NOTES, SQL_NOTES=0 */;

--
-- Table structure for table `salary_type`
--

DROP TABLE IF EXISTS `salary_type`;
/*!40101 SET @saved_cs_client     = @@character_set_client */;
/*!40101 SET character_set_client = utf8 */;
CREATE TABLE `salary_type` (
  `salary_type_id` int(11) NOT NULL,
  `name` varchar(50) NOT NULL,
  `code1` varchar(5) NOT NULL,
  `code2` varchar(5) NOT NULL,
  `type` varchar(1) NOT NULL,
  `shortform` varchar(6) NOT NULL,
  PRIMARY KEY (`salary_type_id`)
) ENGINE=InnoDB DEFAULT CHARSET=latin1;
/*!40101 SET character_set_client = @saved_cs_client */;

--
-- Dumping data for table `salary_type`
--

LOCK TABLES `salary_type` WRITE;
/*!40000 ALTER TABLE `salary_type` DISABLE KEYS */;
INSERT INTO `salary_type` VALUES (1,'Pay of Officer','0101','0','+','P.OFF'),(2,'Grade Pay of Officer ','0101','0','+','GPOFF'),(3,'Pay of Establishment','0102','0','+','P.EST'),(4,'Grade Pay of Establishment ','0102','0','+','GPEST'),(5,'NPA','0128','0','+','NPA'),(6,'Leave Salary Encash ','0109','0','+','LSE'),(7,'Dearness Allowance ','0103','0','+','DA'),(8,'Compansatory Local Allowance ','0111','0','+','CLA'),(9,'House Rent Allowance ','0110','0','+','HRA'),(10,'Medical Allowance','0107','0','+','MA'),(11,'Book Allowance ','0104','0','+','BA'),(12,'Transport Allowance ','0113','0','+','TA'),(13,'Interim Relief ','0112','0','+','IR'),(14,'Washing Allowance ','0132','0','+','WA'),(15,'Uniform Allowance ','0131','0','+','UA'),(16,'Nursing Allownace ','0129','0','+','NA'),(17,'Special Post Allowance','0104','0','+','SPOST'),(18,'Family Welfare Allowance ','0104','0','+','FWA'),(19,'Ceiling Extra (Personal Pay)','0104','0','+','CEIL'),(20,'Income Tax','9510','0','-','IT'),(21,'Rent of Building ','9560','0','-','ROB'),(22,'Professional Tax ','9570','0','-','PT'),(23,'SIS I/F','9581','0','-','SISIF'),(24,'SIS S/F','9582','0','-','SISSF'),(25,'GPF non IV ','9670','0','-','GPNIV'),(26,'GPF IV','9531','0','-','GPIV'),(27,'CPF','9690','0','-','CPF'),(28,'Recovery of Pay of Officer','0101','0','-','RECOFF'),(29,'Recovery of Pay of Establishment','0102','0','-','RECEST'),(33,'HBA Recovery (Principle)','9591','0','-','HBARP'),(36,'Car Advance','9741','0','+','CA'),(37,'HBA','9591','0','+','HBA'),(38,'GPF  Advance non IV ','9670','0','+','GPANIV'),(39,'GPF Advance Recovery non IV','9670','0','-','GPRNIV'),(40,'HBA Recovery (Interest)','9591','0','-','HBARI'),(42,'GMCS Society','','','-','GMCSS'),(43,'LIC','','','-','LIC'),(44,'Dearness Pay','','','+','DP'),(45,'GPF Advance IV ','','','+','GPAIV'),(46,'GPF Advance Recovery IV ','','','-','GPRIV'),(47,'Bonus','0108','0108','+','BONUS'),(48,'ROP Arr Gz','0117','0117','+','ROPGZ'),(49,'ROP Arr Non-Gz','0118','0118','+','ROPNGZ');
/*!40000 ALTER TABLE `salary_type` ENABLE KEYS */;
UNLOCK TABLES;
/*!40103 SET TIME_ZONE=@OLD_TIME_ZONE */;

/*!40101 SET SQL_MODE=@OLD_SQL_MODE */;
/*!40014 SET FOREIGN_KEY_CHECKS=@OLD_FOREIGN_KEY_CHECKS */;
/*!40014 SET UNIQUE_CHECKS=@OLD_UNIQUE_CHECKS */;
/*!40101 SET CHARACTER_SET_CLIENT=@OLD_CHARACTER_SET_CLIENT */;
/*!40101 SET CHARACTER_SET_RESULTS=@OLD_CHARACTER_SET_RESULTS */;
/*!40101 SET COLLATION_CONNECTION=@OLD_COLLATION_CONNECTION */;
/*!40111 SET SQL_NOTES=@OLD_SQL_NOTES */;

-- Dump completed on 2021-07-27 13:19:29
