-- MySQL dump 10.13  Distrib 5.5.44, for debian-linux-gnu (i686)
--
-- Host: localhost    Database: c34
-- ------------------------------------------------------
-- Server version	5.5.44-0+deb7u1

/*!40101 SET @OLD_CHARACTER_SET_CLIENT=@@CHARACTER_SET_CLIENT */;
/*!40101 SET @OLD_CHARACTER_SET_RESULTS=@@CHARACTER_SET_RESULTS */;
/*!40101 SET @OLD_COLLATION_CONNECTION=@@COLLATION_CONNECTION */;
/*!40101 SET NAMES utf8 */;
/*!40103 SET @OLD_TIME_ZONE=@@TIME_ZONE */;
/*!40103 SET TIME_ZONE='+00:00' */;
/*!40014 SET @OLD_UNIQUE_CHECKS=@@UNIQUE_CHECKS, UNIQUE_CHECKS=0 */;
/*!40014 SET @OLD_FOREIGN_KEY_CHECKS=@@FOREIGN_KEY_CHECKS, FOREIGN_KEY_CHECKS=0 */;
/*!40101 SET @OLD_SQL_MODE=@@SQL_MODE, SQL_MODE='NO_AUTO_VALUE_ON_ZERO' */;
/*!40111 SET @OLD_SQL_NOTES=@@SQL_NOTES, SQL_NOTES=0 */;

--
-- Table structure for table `TABLE 13`
--

DROP TABLE IF EXISTS `TABLE 13`;
/*!40101 SET @saved_cs_client     = @@character_set_client */;
/*!40101 SET character_set_client = utf8 */;
CREATE TABLE `TABLE 13` (
  `fullname` varchar(25) DEFAULT NULL,
  `post` varchar(3) DEFAULT NULL,
  `bank account number` bigint(12) DEFAULT NULL,
  `bank` varchar(9) DEFAULT NULL,
  `Pay of Establishment` int(5) DEFAULT NULL,
  `Grade Pay of Establishment` varchar(4) DEFAULT NULL,
  `Old Pay Scale` varchar(4) DEFAULT NULL,
  `Dearness Pay` varchar(5) DEFAULT NULL,
  `Dearness Allowance` varchar(1) DEFAULT NULL,
  `Spl Pay (Infection Allowance)` varchar(2) DEFAULT NULL,
  `Family Welfare Allowance` varchar(3) DEFAULT NULL,
  `House Rent Allowance` varchar(4) DEFAULT NULL,
  `Compansatory Local Allowance` varchar(3) DEFAULT NULL,
  `Washing Allowance` varchar(4) DEFAULT NULL,
  `Transport Allowance` varchar(1) DEFAULT NULL,
  `Medical Allowance` varchar(3) DEFAULT NULL,
  `Interim Relief` varchar(4) DEFAULT NULL,
  `Income Tax` varchar(4) DEFAULT NULL,
  `PAN` varchar(11) DEFAULT NULL,
  `Rent of Building` varchar(3) DEFAULT NULL,
  `Professional Tax` varchar(10) DEFAULT NULL,
  `SIS I/F` varchar(4) DEFAULT NULL,
  `SIS S/F` varchar(5) DEFAULT NULL,
  `GPF IV` int(5) DEFAULT NULL,
  `GPF non IV` int(5) DEFAULT NULL,
  `GPF Advance Recovery non IV` decimal(6,2) DEFAULT NULL,
  `Recovery of Pay of Establishment` varchar(7) DEFAULT NULL,
  `Festival Advance Recovery` int(3) DEFAULT NULL,
  `^Festival Advance Recovery` varchar(4) DEFAULT NULL,
  `^HBA Recovery (Interest)` varchar(14) DEFAULT NULL,
  `HBA Recovery (Interest)` int(4) DEFAULT NULL,
  `GMCS Society` varchar(6) DEFAULT NULL,
  `LIC` varchar(6) DEFAULT NULL,
  `^LIC` varchar(10) DEFAULT NULL,
  `GPF account number` varchar(23) DEFAULT NULL,
  `Quarter` varchar(21) DEFAULT NULL,
  `Pay Scale` varchar(23) DEFAULT NULL
) ENGINE=InnoDB DEFAULT CHARSET=utf8;
/*!40101 SET character_set_client = @saved_cs_client */;

--
-- Dumping data for table `TABLE 13`
--

LOCK TABLES `TABLE 13` WRITE;
/*!40000 ALTER TABLE `TABLE 13` DISABLE KEYS */;
INSERT INTO `TABLE 13` VALUES ('ABDUL Y SHAIKH','WAT',111110002232,'Dena Bank',31100,'0','3860','1930','0','0','0','2352','150','30','0','300','800','0','CFUPS6777M','0','200','15.0','35.00',12000,0,0.00,'',500,'6/10','',0,'0','0.00','','M/DAT/GUJ/09959','','15700-50000'),('AESHAKUMARI I PATEL','LA',111110028306,'Dena Bank',19950,'','0','','','0','','','','','','','','0','','','200','','',0,0,0.00,'',0,'','',0,'','','','','','19950-FIXED'),('AJAY S RANA','HC',111110003963,'Dena Bank',47600,'0','','0','0','0','0','3612','240','0','0','300','800','1000','ABEPR9118F','0','200','30.0','70.00',0,11000,0.00,'',0,'','',0,'0.00','0.00','0','MED/GUJ/26547','','35400-112400'),('AKRUTI HIREN PATEL','LA',111110035316,'Dena Bank',0,'','','','','0','','','','','','','','','','0','0','','',0,0,0.00,'',0,'','',0,'0.00','0.00','','','','19950-FIXED'),('ALIHUSEN H ANSARI','WAT',111110003956,'Dena Bank',30200,'0','3790','1895','0','0','0','2324','150','60','0','300','800','0','AWJPA8120A','0','200','15.0','35.00',10000,0,0.00,'',500,'6/10','',0,'3402.0','0.00','0','M/DAT/GUJ/12343','','15700-50000'),('ALPANA H CHAUDHARI','LT',111110027638,'Dena Bank',31340,'0','','','','0','0','','','','','','','200','BDOPC 9029H','','200','','',0,0,0.00,'',0,'','',0,'','','','','','31340FIX'),('ALPESH D RATHOD','JRC',111110024986,'Dena Bank',21100,'1900','','23000','','','','4600','150','','','300','800','0','0','C','30.00','0','0',0,0,0.00,'',0,'','',0,'','','','','','CPF A/C2015140746600021'),('AMBA CHHOTA SOLANKI','SWE',111110004098,'Dena Bank',29300,'0','3720','1860','0','0','0','2256','150','60','0','300','800','200','CFUPS6770N','0','200','15.0','35.00',6000,0,0.00,'',500,'6/10','',0,'3490','0.00','','M/DAT/GUJ/12254','','15700-50000'),('AMISHA K SOLANKI','PHN',111110001723,'Dena Bank',60400,'0','0','0','0','0','150','4572','240','1100','0','0','800','3500','AHHPS2367N','0','200','60.0','140.0',0,20000,0.00,'',0,'','',0,'0.00','0.00','','MED/GUJ/26483','','39900-126600'),('ANIL J PATEL','HC',111110004082,'Dena Bank',39900,'0','0','0','0','0','0','3042','240','0','0','300','800','200','AIBPP 0174D','0','200','30.0','70.00',0,8000,0.00,'',0,'','',0,'0','0.00','','MED/GUJ/32155','','35400-112400'),('ANIL MAGAN SOLANKI','SWE',111110003194,'Dena Bank',28400,'0','3475','1738','0','0','0','0','150','60','0','300','0','100','ASUPS5051K','80','200','15.0','35.00',3000,0,0.00,'',500,'6/10','',0,'5768','510.00','860498477','M/DAT/GUJ/12511','E-5, NEW CIVIL CAMPUS','15700-50000'),('ANIL P BHATARIA','WAT',111110003981,'Dena Bank',29300,'0','3475','1738','0','0','55','2244','150','48','0','300','800','0','AGSPB2276R','0','200','15.0','35.00',11000,0,0.00,'',500,'6/10','',0,'200','0.00','','M/DAT/GUJ/12372','','15700-50000'),('ANIL TULSI SOLANKI','SWE',111110004095,'Dena Bank',27200,'0','3410','1705','0','0','0','2056','150','60','0','300','800','0','APPLIED FOR','0','200','15.0','35.00',12500,0,0.00,'',500,'6/10','',0,'200','0.00','','M/DAT/GUJ/13701','','15000-47600'),('ANILA S PATEL','JRC',111110024391,'Dena Bank',21100,'1900','','23000','','','','0','150','','','300','0','0','0','C','30.00','0','0',0,0,0.00,'',0,'','',0,'','','','CPF A/C2015140746600025','','CPF A/C2015140746600025'),('ANJANA B SURATI','LT',111110027640,'Dena Bank',31340,'0','','','','0','0','','','','','','','0','BOOPS 9424P','200','200','','',0,0,0.00,'',0,'','',0,'','','','','','31340FIX'),('ANKITA S PATEL','LT',111110027650,'Dena Bank',31340,'0','','','','0','0','','','','','','','0','COZPP 1961C','','200','','',0,0,0.00,'',0,'','',0,'','','','','','31340FIX'),('ANUKUMAR N GAMIT','LT',111110002083,'Dena Bank',44100,'0','0','0','0','50','0','0','240','0','0','300','0','600','ABUPG4613Q','0','200','30.0','70.00',0,17000,0.00,'',0,'','',0,'200.00','0.00','','MED/GUJ/26577','B-9,NEW CIVIL CAMPUS','29200-92300'),('ARVIND K SURATI','SWE',111110002506,'Dena Bank',28400,'0','3475','1738','0','','','2206','150','60','0','300','800','0','ASUPS5901Q','','200','15.0','35.00',12000,0,0.00,'',500,'6/10','',0,'0','0.00','','M/DAT/GUJ/13515','','15700-50000'),('BALAVANT L CHAUHAN','SWE',111110002242,'Dena Bank',27200,'0','3475','1738','0','','','2090','150','60','0','300','800','0','ANMPC5682P','','200','15.0','35.00',10000,0,0.00,'',500,'6/10','',0,'0.00','0.00','0','M/DAT/GUJ/13630','','15000-47600'),('BALU P PATEL','WAT',111110003397,'Dena Bank',29300,'0','3540','1770','0','0','0','0','150','60','0','300','0','0','APPLIED FOR','0','200','15.0','35.00',9000,0,0.00,'',500,'6/10','',0,'200','154.00','861966584','M/DAT/GUJ/12434','A-12,NEW CIVIL CAMPUS','15700-50000'),('BHAGVATI M PATEL','WAT',111110001647,'Dena Bank',31100,'0','3860','1930','0','','60','0','150','44','0','300','0','0','AJCPP6693H','0','200','15.0','35.00',10000,0,0.00,'',0,'','1660697(55/60)',2206,'1814.0','0.00','860358655','M/DAT/GUJ/09390','A-5,NEW CIVIL CAMPUS','15700-50000'),('BHAVINI Y SHAH','SO',111110004289,'Dena Bank',70000,'0','0','0','0','0','0','5446','240','0','0','300','800','4500','AHPPS 3493M','0','200','60.0','140.0',0,7000,0.00,'',0,'','',0,'0','0.00','','PH/GUJ/15550','','44900-142400'),('BHAVNABEN S DESAI','LT',111110002234,'Dena Bank',64100,'0','0','0','0','50','175','4968','240','0','0','300','800','2300','ABWPD3309G','0','200','60.0','140.0',0,12000,0.00,'',0,'','',0,'0.00','0.00','','PH/GUJ/23766','','39900-126600'),('BIPIN A PURANI','WAT',111110002358,'Dena Bank',29300,'0','3540','1770','0','','55','2244','150','60','0','0','800','0','BBAPP5404K','0','200','15.0','35.00',10000,0,0.00,'',500,'6/10','1660699(55/60)',2000,'0.00','510.00','862528546','M/DAT/GUJ/12333','','15700-50000'),('BV KHAROSE','HC',111110001524,'Dena Bank',47600,'0','0','0','0','75','0','3664','240','0','0','300','800','1500','ACPPK 1387D','0','200','30.0','70.00',11000,0,0.00,'',0,'','',0,'200','0.00','','M/DAT/GUJ/10729','','35400-112400'),('CHANDRAKANT PBHARUCHI','SRC',111110001682,'Dena Bank',35300,'0','0','0','0','0','0','2682','240','0','0','300','800','150','AGRPB2923L','0','200','30.0','70.00',0,10000,0.00,'10000',0,'','',0,'0.00','0.00','69559004','MED/GUJ/26609','','25500-81100'),('CHARU P BHATT','LT',111110001368,'Dena Bank',46800,'0','0','0','0','50','0','0','240','0','0','300','0','200','AFRPB 3806M','0','200','30.0','70.00',0,10000,0.00,'',0,'','',0,'0','0.00','','MED/GUJ/26151','D-5 NEW CIVIL CAMPUS','29200-92300'),('CHETAN V JARIWALA','HC',111110003794,'Dena Bank',38700,'0','0','0','0','0','0','2948','240','0','0','300','1600','0','AEEPJ2398Q','0','0','30.0','70.00',0,12000,0.00,'',0,'','',0,'0.00','0.00','','MED/GUJ/36076','','35400-112400'),('CHETANA H PATEL','JRC',111110024347,'Dena Bank',21100,'1900','','23000','','','','4600','150','','','300','800','','0','C','30.00','0','0',0,0,0.00,'',0,'','',0,'','0','','','','CPF A/C2015140746600020'),('CHIRAG S LAD','SI',111110029691,'Dena Bank',19950,'','','','','0','','','','','','','','0','','0','200','','',0,0,0.00,'',0,'','',0,'','','','','','7800-FIXED'),('DAHYA MOTI SOLANKI','SWE',111110001784,'Dena Bank',29300,'0','3540','1770','0','','','0','150','60','0','300','0','0','ASVPS8425Q','80','200','15.0','35.00',4000,0,0.00,'',500,'6/10','',0,'0','0.00','','M/DAT/GUJ/12309','E-4,NEW CIVIL CAMPUS','15700-50000'),('DC AHIR','C/A',111110002734,'Dena Bank',30200,'0','3860','1930','0','0','0','2292','150','40','0','300','800','0','AOVPA1378N','0','200','15.0','35.00',5000,0,0.00,'',500,'6/10','',0,'5800','248.00','861880432','M/DAT/GUJ/11874','','15700-50000'),('DEEPIKA S CHAUDHARY','LT',111110002158,'Dena Bank',44100,'0','0','0','0','50','0','3362','240','0','0','300','1600','100','ABNPC5875F','0','0','30.0','70.00',0,20000,0.00,'',0,'','1661010(35/50)',2160,'0.00','0.00','','MED/GUJ/26548','','29200-92300'),('DEVAJI R GOHIL','MLI',111110003406,'Dena Bank',0,'0','0','0','0','0','0','0','0','0','0','0','0','0','','0','0','0.00','0.00',0,0,0.00,'',0,'','',0,'0','0.00','','M/DAT/GUJ/11865','','4440-7440'),('DEVENDRA B CHAUDHARI','LA',111110023793,'Dena Bank',44800,'0','0','0','0','50','0','3460','240','0','0','300','800','800','AAYPC4544K','0','200','30.0','70.00',0,15000,0.00,'',0,'','',0,'0.00','0.00','','PH/GUJ/30189','','25500-81100'),('DHAEMISHTHA RATHVA','LT',111110027648,'Dena Bank',31340,'0','','','','0','0','','','','','','','0','AZFPR 6320L','','200','','',0,0,0.00,'',0,'','',0,'','','','','','31340FIX'),('DHANSHUKH B PATEL','LT',111110003877,'Dena Bank',55200,'0','0','0','0','50','','4286','240','','','300','800','2250','ADPPP8698D','0','200','30.0','70.00',0,13000,0.00,'',0,'','',0,'0.00','0.00','','MED/GUJ/26399','','35400-112400'),('DHANSHUKH D SOLANKI','SWE',111110002920,'Dena Bank',0,'0','0','0','0','0','0','0','0','0','0','0','0','0','CFUPS7075E','0','0','0.00','0.00',0,0,0.00,'',0,'','',0,'0.00','0.00','860841559','M/DAT/GUJ/13594','A-9,NEW CIVIL CAMPUS','15000-47600'),('DHARMESH N PATEL','LA',111110004379,'Dena Bank',2500,'0','','0','0','0','0','0','0','0','0','0','0','0','','0','0','0.00','0.00',0,0,0.00,'',0,'','',0,'0.00','0.00','','NOT ALLOTED','','2500-FIXED'),('DHARMISTHA PATEL','CL4',111110005023,'Dena Bank',17700,'1300','','19000','','0','0','3800','95','60','0','300','800','0','0','D','15.00','0','0',0,0,0.00,'',500,'6/10','',0,'510.00','','','CPF A/c2010140746600056','','CPF A/c2010140746600056'),('DIMPLE R SIROYA','LA',11111002970,'Dena Bank',19950,'','','','','0','','','','','','','','0','','','200','','',0,0,0.00,'',0,'','',0,'0.00','0.00','','','','19950-FIXED'),('DIVYABEN R PATEL','LA',111110028124,'Dena Bank',19950,'','','','','0','','','','','','','','0','','140','200','','',0,0,0.00,'',0,'','',0,'','','','','B-9,AKASH BLOCK','19950-FIXED'),('GANGA MANOJ SOLANKI','SWE',111110003158,'Dena Bank',29300,'0','3540','1770','0','0','0','0','150','50','0','300','0','0','CFUPS6856M','80','200','15.0','35.00',6000,0,0.00,'',500,'6/10','',0,'2571','0.00','','M/DAT/GUJ/12401','A-3,NEW CIVIL CAMPUS','15700-50000'),('GANPAT S SOLANKI','SWE',111110003884,'Dena Bank',31100,'0','3790','1895','0','0','0','2358','150','34','0','300','800','100','CHNPS4375Q','0','200','15.0','35.00',8000,0,0.00,'',500,'6/10','',0,'0','0.00','','M/DAT/GUJ/11075','','15700-50000'),('GORDHAN S SOLANKI','SWE',111110001637,'Dena Bank',31100,'0','3790','1895','0','','','2358','150','60','0','300','800','0','CFUPS7067A','0','200','15.0','35.00',10000,0,0.00,'',500,'6/10','1660923(20/60)',2730,'0.00','116.00','8604922473','M/DAT/GUJ/11740','','15700-50000'),('GYNANESHVAR DSURYAVANSHI','LT',111110001743,'Dena Bank',52000,'0','0','0','0','50','0','0','240','0','0','300','0','1000','AFDPS3147J','0','200','30.0','70.00',0,25000,0.00,'',0,'','',0,'0.00','0.00','','MED/GUJ/26415','D-5,NEW CIVIL CAMPUS','35400-112400'),('HARENDRA D SOLANKI','SWE',111110003886,'Dena Bank',28400,'0','3475','1738','0','','0','2206','150','40','0','0','800','0','ASWPS2987A','','200','15.0','35.00',5000,0,0.00,'',0,'','',0,'0','368.00','','M/DAT/GUJ/13514','','15000-47600'),('HARSHIDA CHAUDHARI','JRC',111110024417,'Dena Bank',21100,'1900','','23000','','','','4600','150','','','300','800','0','0','C','30.00','0','0',0,0,0.00,'',0,'','',0,'','','','','',''),('HASMUKH H PATEL','LT',111110001718,'Dena Bank',55200,'0','0','0','0','50','125','4198','240','0','0','300','800','2300','ADGPP3306F','0','200','30.0','70.00',0,15000,0.00,'',0,'','',0,'0.00','0.00','','MED/GUJ/26407','','35400-112400'),('HEENA D THAKUREL','SRC',111110003876,'Dena Bank',42200,'0','0','0','0','0','0','3254','240','0','0','300','800','0','AAQPT2627Q','0','200','30.0','70.00',0,10000,0.00,'',0,'','',0,'200.00','0.00','','MED/GUJ/26214','','25500-81100'),('HEMANGINI A PATEL','LA',111110028489,'Dena Bank',19950,'','','','','0','','','','','','','','0','','','200','','',0,0,0.00,'',0,'','',0,'','','','','','19950-FIXED'),('HETALBEN B PATEL','LA',111110028108,'Dena Bank',19950,'','','','','0','','','','','','','','0','','','200','','',0,0,0.00,'',0,'','',0,'','','','','','19950-FIXED'),('HETALKUMAR NAIK','LT',111110003833,'Dena Bank',60400,'0','0','0','0','50','176','4626','240','','0','300','800','3500','AAXPN5725G','0','200','30.0','70.00',0,16000,0.00,'',0,'','',0,'200.00','0.00','','PH/GUJ/28920','','39900-126600'),('HIRA MAGAN GAMIT','LAT',111110001795,'Dena Bank',0,'0','0','0','0','0','0','0','0','0','0','0','0','0','ACLPG5243J','0','0','0.00','0.00',0,0,0.00,'',0,'','',0,'0','0.00','','M/DAT/GUJ/11799','','15700-50000'),('HITESHKUMAR M PATEL','JRC',111110024422,'Dena Bank',21100,'1900','','23000','','','','4600','150','','','300','0','0','0','C','30.00','0','0',0,0,0.00,'',0,'','',0,'','','','CPF A/C2015140746600026','',''),('IA PATEL','HC',111110001603,'Dena Bank',47600,'0','0','0','0','0','0','3690','240','0','0','300','800','0','ABYPP 6055D','0','200','30.0','70.00',20000,0,0.00,'',0,'','',0,'0','0.00','860845349','M/DAT/GUJ/9178','','35400-112400'),('INDRASIGH C SOLANKI','LAT',111110003855,'Dena Bank',31100,'0','3790','1895','0','0','0','2358','150','44','0','300','800','0','ASWPS2929N','0','200','15.0','35.00',7000,0,0.00,'',500,'6/10','',0,'0','1021.0','863499220','M/DAT/GUJ/11868','','15700-50000'),('INDUBEN R SOLANKI','SWE',111110002278,'Dena Bank',29300,'0','3540','1770','0','0','0','2246','150','50','0','300','800','0','BYMPS9721D','0','200','15.0','35.00',15000,0,0.00,'',500,'6/10','',0,'200','924.00','860359999','M/DAT/GUJ/12256','','15700-50000'),('ISHVAR M SOLANKI','SWE',111110004103,'Dena Bank',27200,'0','0','0','0','0','0','0','150','40','0','300','0','0','ASWPS2947Q','80','200','15.0','35.00',3000,0,0.00,'',500,'6/10','',0,'4776','0.00','','M/DAT/GUJ/09192','A-10,NEW CIVIL CAMPUS','15000-47600'),('J K GAMIT','HC',111110004189,'Dena Bank',42300,'0','','','0','0','','3288','240','','','300','800','1500','AGEPG0440L','0','200','30.0','70.00',0,20000,0.00,'',0,'','',0,'0.00','0.00','','MED/GUJ/36363','','35400-112400'),('JATINKUMAR M CHAUDHARI','LT',111110001969,'Dena Bank',53600,'0','0','0','0','50','','0','240','','','300','0','850','AAXPC5877G','0','200','30.0','70.00',0,10000,0.00,'',0,'','',0,'200.00','0.00','','MED/GUJ/26492','D-36,NEW CIVIL CAMPUS','35400-112400'),('JAYANTI R SOLANKI','LAT',111110001504,'Dena Bank',31100,'0','3860','1930','0','','','0','150','60','0','300','0','0','AGSPS2469K','','200','15.0','35.00',12500,0,0.00,'',0,'','',0,'0','0.00','','M/DAT/GUJ/10150','E-16,NEW CIVIL CAMPUS','15700-50000'),('JH JOSHI','DM',111110001923,'Dena Bank',62200,'0','','0','0','0','0','4784','240','0','0','300','800','3200','ABNPJ1305M','0','200','60.0','140.0',0,15000,0.00,'',0,'','',0,'200.00','0.00','860702517','MED/GUJ/26446','','39900-126600'),('JIGISHABEN I GAMIT','LT',10338130216,'Dena Bank',31340,'','','','','','','','','','','','','','','','200','','',0,0,0.00,'',0,'','',0,'0.00','0.00','','','','31340-FIXED'),('JINESH F CHAUDHARI','LA',33713713350,'Dena Bank',19950,'','','','','0','','','','','','','','','','140','200','','',0,0,0.00,'',0,'','',0,'0.00','0.00','','','','19950-FIXED'),('JITENDRA N PRAJAPATI','JRC',111110005883,'Dena Bank',23100,'1900','','25000','','','0','5000','150','0','','300','800','0','0','C','30.00','0','0',0,0,0.00,'',0,'','',0,'','','','CPF A/C2013140746600005','',''),('JIVRAJ U CHAUHAN','DRA',111110034074,'Dena Bank',24200,'0','','0','0','0','0','0','95','34','0','300','0','0','','80','200','15.0','35.00',3000,0,0.00,'',500,'6/10','',0,'3665','0.00','','M/DAT/GUJ/11670','','15000-47600'),('K P CHAUHAN','SRC',111110001902,'Dena Bank',33300,'0','0','0','0','0','0','2524','240','0','0','300','800','0','ALPPC3184B','0','200','30.0','70.00',0,20000,0.00,'',0,'','',0,'0.00','0.00','','MED/GUJ/40094','','25500-81100'),('KAMLESH A VASAVA','JRC',111110024423,'Dena Bank',21100,'1900','','23000','','','','0','150','','','300','800','','0','C','30.00','0','0',0,0,0.00,'',0,'','',0,'','','','CPF A/C2015140746600047','',''),('KANTI L SURATI','SWE',111110003907,'Dena Bank',28400,'0','3475','1738','0','0','0','2208','150','60','0','300','800','0','ASWPS2890L','','200','15.0','35.00',15000,0,0.00,'',500,'6/10','',0,'0','0.00','861875317','M/DAT/GUJ/13302','','15700-50000'),('KANTI ZINA PATEL','WAT',111110003455,'Dena Bank',31100,'0','3790','1895','0','','0','2358','150','60','0','300','800','100','BBFPP0388D','0','200','15.0','35.00',13000,0,0.00,'',500,'6/10','',0,'0.00','0.00','0','M/DAT/GUJ/10753','','15700-50000'),('KANTILAL C SOLANKI','SWE',111110001502,'Dena Bank',30200,'0','3860','1930','0','','','0','150','26','0','300','0','0','ASVPS8975M','80','200','15.0','35.00',11500,0,0.00,'',500,'6/10','1661165(6/29)',3400,'2474','155.00','860359086','M/DAT/GUJ/10304','A-12,NEW CIVIL CAMPUS','15700-50000'),('KANTILAL D PATEL','JRC',111110005724,'Dena Bank',14150,'2800','0','21188','','0','0','3390','0','240','0','0','0','300','0','0','ADTPP1095L','0','C',0,30,0.00,'15000.0',0,'','',0,'0','0.00','','','BANK-9952',''),('KANU D SOLANKI','DRI',111110002418,'Dena Bank',30200,'0','0','0','0','0','0','0','150','60','0','300','0','0','BKXPS7770K','200','200','30.0','70.00',0,9000,0.00,'',0,'','',0,'6054.0','1241.0','861876464','MED/GUJ/40531','D-61,NEW CIVIL CAMPUS','19900-63200'),('KANU SOMA BHANGI','SWE',111110004072,'Dena Bank',30200,'0','0','0','0','0','0','0','150','60','0','300','0','0','APPLIED FOR','80','200','15.0','35.00',8000,0,0.00,'',500,'6/10','',0,'0','3024.0','860492943','M/DAT/GUJ/10303','A-1, NEW CIVIL CAMPUS','15700-50000'),('KARNIK G PATEL','XT',111110002923,'Dena Bank',64100,'0','0','0','0','50','0','0','240','0','0','300','0','2500','ABYPP5956D','0','200','60.0','140.0',0,15000,0.00,'',0,'','',0,'200.00','0.00','','PH/GUJ/28978','D-42,NEW CIVIL CAMPUS','39900-126600'),('KAVITA S HATHIWALA','LA',111110028640,'Dena Bank',19950,'0','','0','0','0','0','0','0','0','0','0','0','0','','0','200','0.00','0.00',0,0,0.00,'',0,'','',0,'0.00','0.00','','NOT ALLOTED','','19950-FIXED'),('KAVITABEN I PATEL','LT',111110029444,'Dena Bank',31340,'','','','','0','','','','','','','','0','','','200','','',0,0,0.00,'',0,'','',0,'','','','','','31340-FIXED'),('KEYUR N PATEL','JRC',111110034234,'Dena Bank',19950,'0','','0','0','0','0','0','0','0','','0','0','0','','0','200','','',0,0,0.00,'',0,'','',0,'0.00','0.00','','NOT ALLOTED','','19950-FIXED'),('KHUSHBU RAMANIK CHOVATIYA','LA',111110035338,'Dena Bank',19950,'0','','0','0','0','0','0','0','0','0','0','0','0','','0','200','0.00','0.00',0,0,0.00,'',0,'','',0,'0.00','0.00','','NOT ALLOTED','','19950-FIXED'),('KIRIT MAGAN SOLANKI','SWE',111110004067,'Dena Bank',28400,'0','3475','1738','0','0','0','2206','150','60','0','300','800','0','APTPS2149J','0','200','15.0','35.00',8000,0,0.00,'',500,'6/10','',0,'3812','0.00','','M/DAT/GUJ/13303','','15000-47600'),('KISHOR B VAGHANI','LT',111110027643,'Dena Bank',31340,'0','','','','0','0','','','','','','','100','ATEPV 1126D','','200','','',0,0,0.00,'',0,'','',0,'','','','','','31340FIX'),('KOKILA D PATEL','LT',111110029437,'Dena Bank',31340,'0','','','','0','0','','','','','','','0','BTYPP 7158J','','200','','',0,0,0.00,'',0,'','',0,'','','','','','31340FIX'),('LALITABEN BILLIMORIA','SWE',111110004233,'Dena Bank',26400,'0','3280','1640','0','0','0','0','150','60','0','300','0','0','ATAPB9962D','80','200','15.0','35.00',8000,0,0.00,'',500,'6/10','',0,'200','0.00','','M/DAT/GUJ/12512','A-15 NEW CIVIL CAMPUS','15000-47600'),('LATABEN S GAMIT','LT',111110032823,'Dena Bank',31340,'0','','','','0','0','','','','','','','0','AMHPG 0516A','','200','','',0,0,0.00,'',0,'','',0,'','','','','','31340FIX'),('MAHAVIRSINH MAHIDA','HE',111110029773,'Dena Bank',31340,'','','','','0','','','','','','','','0','','200','200','','',0,0,0.00,'',0,'','',0,'','','','','','31340-FIXED'),('MAHESH C SHETH','SWE',111110002594,'Dena Bank',29300,'0','3540','1770','0','0','','2244','150','60','0','300','800','0','ANHPS5020L','0','200','15.0','35.00',6000,0,0.00,'',0,'','',0,'5746','3793.0','860845823','M/DAT/GUJ/12608','','15700-50000'),('MAHESH V PATEL','LT',111110002073,'Dena Bank',44100,'0','0','0','0','50','80','3362','240','0','0','300','800','500','ADSPP2053M','0','200','30.0','70.00',0,7000,0.00,'',0,'','',0,'200.00','0.00','','MED/GUJ/26511','','29200-92300'),('MALATI A SOLANKI','SWE',111110002516,'Dena Bank',26400,'0','3280','1640','0','0','0','2016','150','60','0','300','800','0','CFUPS6876R','0','200','15.0','35.00',6000,0,0.00,'',500,'6/10','',0,'4617.0','0.00','866237433','M/DAT/GUJ/14479','','15000-47600'),('MALLIKABEN NBHAVSAR','OS',111110001607,'Dena Bank',52000,'0','0','0','0','0','0','0','240','0','0','300','0','250','ACKPB 2210M','0','200','60.0','140.0',0,25000,0.00,'',0,'','',0,'0','0.00','','MED/GUJ/26148','D-21,NEW CIVIL CAMPUS','39900-126600'),('MAMENDRA I PATEL','OS',111110004190,'Dena Bank',44900,'0','0','0','0','0','0','3470','240','0','0','300','800','800','AIDPP 4272E','0','200','60.0','140.0',0,15000,0.00,'',0,'','',0,'0','0.00','','MED/GUJ/36632','','39900-126600'),('MANHARBHAI J PATEL','LT',111110001651,'Dena Bank',55200,'0','0','0','0','50','125','4286','240','0','0','300','800','2500','ADPPP9666D','0','200','30.0','70.00',0,20000,0.00,'',0,'','',0,'0.00','0.00','','MED/GUJ/26317','','35400-112400'),('MANISHA K GOHIL','LA',111110028133,'Dena Bank',19950,'','','','','0','','','','','','','','0','','','200','','',0,0,0.00,'',0,'','',0,'','','','','','19950-FIXED'),('MANISHA M PATEL','LA',111110028132,'Dena Bank',19950,'0','','','','0','','','','','','','','0','','','200','','',0,0,0.00,'',0,'','',0,'','','','','','19950-FIXED'),('MANISHABEN C HADIYA','S/N',111110034991,'Dena Bank',31340,'','','','','0','','','','500','','','','0','','','200','','',0,0,0.00,'',0,'','',0,'','','','','','31340FIX'),('MANJI G PATEL','WAT',111110004054,'Dena Bank',28400,'0','3475','1738','0','0','0','2090','150','60','0','300','800','0','NOT ALLOT','0','200','15.0','35.00',7000,0,0.00,'',500,'6/10','1661167(11/44)',3000,'0.00','0.00','0','M/DAT/GUJ/12337','','15700-50000'),('MEETA R PATEL','S/N',111110003910,'Dena Bank',49000,'0','0','0','0','0','0','1885','0','1100','0','300','800','950','AHUPP6189N','0','200','30.0','70.00',0,17000,0.00,'',0,'','',0,'0.00','0.00','','MED/GUJ/40074','','35400-112400'),('MEGHNA V PATEL','LT',111110027649,'Dena Bank',31340,'0','','','','0','0','','','','','','','0','BHSPP 1693Q','','200','','',0,0,0.00,'',0,'','',0,'','','','','','31340FIX'),('MINAXI V NAIK','LT',111110001894,'Dena Bank',46800,'0','0','0','0','50','0','3554','240','0','0','300','800','800','AAPPN6450Q','0','200','30.0','70.00',0,20000,0.00,'',0,'','',0,'0.00','0.00','','MED/GUJ/26314','','29200-92300'),('MOHMAD S ANSARI','WAT',111110002945,'Dena Bank',31100,'0','3860','1930','0','','0','0','150','60','0','300','0','0','AOVPA1407N','0','200','15.0','35.00',14000,0,0.00,'',500,'6/10','1661164(28/46)',2280,'0.00','615.00','862454406','M/DAT/GUJ/12255','A-7,NEW CIVIL CAMPUS','15700-50000'),('MOTI MATHUR SOLANKI','MUK',111110001801,'Dena Bank',31100,'0','3790','1895','0','0','0','2358','150','44','0','0','800','100','ASVPS8956N','0','200','15.0','35.00',11000,0,0.00,'',500,'6/10','',0,'6916','118.00','860841557','M/DAT/GUJ/10093','','15700-50000'),('MOTIBHAI D PATEL','PLU',111110003390,'Dena Bank',41600,'0','','0','0','','','0','240','0','0','300','0','450','AEDPP1144D','0','200','30.0','70.00',0,12000,0.00,'',0,'','',0,'0.00','130.00','862527125','MED/GUJ/26558','B-5,NEW CIVIL CAMPUS','25500-81100'),('NARENDRA D CHAUDHARI','AL',111110002238,'Dena Bank',60400,'0','0','0','0','0','0','4694','240','0','0','300','800','1000','AAXPC6168N','0','200','60.0','140.0',0,12000,0.00,'',0,'','1660837(30/45)',4344,'0.00','0.00','860702102','MED/GUJ/26550','','39900-126600'),('NATVAR D GARANIYA','SWE',111110002259,'Dena Bank',31100,'0','3860','1930','0','','','0','150','18','0','300','0','0','AGIPG8148H','80','200','15.0','35.00',0,0,0.00,'',0,'','',0,'0','0.00','','M/DAT/GUJ/11875','E-47,NEW CIVIL CAMPUS','15700-50000'),('NAVIN K KARUSKAR','AK',111110002687,'Dena Bank',31100,'0','3930','1965','0','0','0','2384','150','60','0','300','800','0','AKCPK4033D','0','200','15.0','35.00',0,0,0.00,'',0,'','',0,'0','737.00','860844592','M/DAT/GUJ/08954','A-2, NEW CIVIL CAMPUS','15700-50000'),('NIHARIKA PATEL','LT',111110027660,'Dena Bank',31340,'0','','','','0','0','','','','','','','150','AOVPP 8918F','','200','','',0,0,0.00,'',0,'','',0,'','','','','','31340FIX'),('NIKUNJ M PATEL','LA',111110032034,'Dena Bank',19950,'0','','0','0','0','0','0','0','0','0','0','0','0','','0','200','0.00','0.00',0,0,0.00,'',0,'','',0,'0.00','0.00','','NOT ALLOTED','','19950-FIXED'),('NIRALI C BHADJA','S/N',111110034992,'Dena Bank',31340,'','','','','0','','','','500','','','','0','','','200','','',0,0,0.00,'',0,'','',0,'','','','','','31340FIX'),('NIRMALBHAI J PATEL','LA',111110035325,'Dena Bank',19950,'','','','','0','','','','','','','','','','140','200','','',0,0,0.00,'',0,'','',0,'0.00','0.00','','','','19950-FIXED'),('PIYUSH D SARBHONIYA','SWE',111110002568,'Dena Bank',29300,'0','3540','1770','0','','','2244','150','14','0','300','800','0','AGSPS2129Q','','200','15.0','35.00',10000,0,0.00,'',500,'6/10','',0,'3216','0.00','','M/DAT/GUJ/12502','','15700-50000'),('POPATBHAI P PRAJAPATI','XT',111110005646,'Dena Bank',60400,'0','0','0','0','50','0','4694','240','0','0','300','800','1800','ADVPP6046R','0','200','60.0','140.0',0,10000,0.00,'',0,'','',0,'200.00','0.00','','PH/GUJ/15525','','39900-126600'),('PRAKASH SHAIDANE','SWE',111110005506,'Dena Bank',17200,'1300','','18500','','','','0','95','60','','300','0','0','0','D','15.00','0','0',0,0,0.00,'',500,'6/10','',0,'615.00','','','CPF A/c2011140746600021','',''),('PRAMODKUMAR CPATEL','XT',111110002270,'Dena Bank',60400,'0','0','0','0','50','','4604','240','','0','300','800','2500','ACIPP3760A','0','200','30.0','70.00',0,10000,0.00,'',0,'','',0,'200.00','536.00','861875559','PH/GUJ/28882','','35400-112400'),('PRATAPBHAI D RATHOD','LT',111110001885,'Dena Bank',55200,'0','0','0','0','50','0','4292','240','0','0','300','800','1500','ABHPR4155P','0','200','30.0','70.00',0,15000,0.00,'',0,'','',0,'200.00','0.00','','MED/GUJ/26426','','35400-112400'),('PRATIBHA C PATEL','JRC',111110024415,'Dena Bank',21100,'1900','','23000','','','','0','150','','','300','0','','0','C','30.00','0','0',0,0,0.00,'',0,'','',0,'','','','','',''),('PRATIKSHA D PATEL','LA',111110005556,'Dena Bank',19950,'0','','0','0','0','0','0','0','0','0','0','0','0','','0','200','0.00','0.00',0,0,0.00,'',0,'','',0,'0.00','0.00','','NOT ALLOTED','','19950-FIXED'),('PREMABHAI V GAMIT','LT',111110003283,'Dena Bank',53600,'0','0','0','0','50','','4110','240','','','300','800','800','ABWPG0962A','0','200','30.0','70.00',0,6000,0.00,'',0,'','',0,'0.00','579.00','860361777','MED/GUJ/26497','','35400-112400'),('RACHANA B PATEL','LT',111110027653,'Dena Bank',31340,'0','','','','0','0','','','','','','','0','BKAPP 1702K','','200','','',0,0,0.00,'',0,'','',0,'','','','','','31340FIX'),('RAHUL V GHOGHARI','LA',111110031968,'Dena Bank',19950,'0','','0','0','0','0','0','0','0','0','0','0','0','','0','200','0.00','0.00',0,0,0.00,'',0,'','',0,'0.00','0.00','','NOT ALLOTED','','19950-FIXED'),('RAJENDRA I PATEL','PEO',111110003964,'Dena Bank',29300,'0','3540','0','0','0','60','2244','150','60','0','300','800','0','AJEPP2213P','0','200','15.0','35.00',11000,0,0.00,'',500,'6/10','1661019(32/59)',1925,'0','0.00','','M/DAT/GUJ/13007','','15700-50000'),('RAJENDRA M NAIK','XT',111110002436,'Dena Bank',62200,'0','0','0','0','50','0','0','240','0','0','0','0','3000','AAOPN6331P','0','200','60.0','140.0',0,9000,0.00,'',0,'','',0,'0.00','321.00','861875610','MED/GUJ/14298','B-2,NEW CIVIL CAMPUS','39900-126600'),('RAJENDRA N PATEL','JRC',111110005437,'Dena Bank',43500,'0','0','0','0','0','0','3358','240','0','0','300','800','800','ABUPP0308B','0','200','30.0','70.00',0,25000,0.00,'',0,'','',0,'0.00','0.00','','PW/GUJ/40496','','25500-81100'),('RAJESH S SOLANKI','SWE',111110002281,'Dena Bank',28400,'0','3475','1738','0','','','2208','150','60','0','300','800','0','ASYPS2068J','0','200','15.0','35.00',18000,0,0.00,'',500,'6/10','',0,'2478','3712.0','860844782','M/DAT/GUJ/13081','','15700-50000'),('RAKESH R PATEL','HC',111110003023,'Dena Bank',39900,'0','0','0','0','0','0','3066','240','0','0','300','800','100','AFVPP 6795D','0','600','30.0','70.00',0,10000,0.00,'',0,'','',0,'3812','0.00','','MED/GUJ/26682','','35400-112400'),('RAMESH D SURATI','DRA',111110004051,'Dena Bank',25920,'0','0','0','0','0','0','1915','150','54','0','270','800','0','DDCPS8847F','0','200','15.0','35.00',5000,0,0.00,'',0,'','',0,'200','0.00','860193604','M/DAT/GUJ/10152','','15000-47600'),('RAMESH L PATEL','CL4',111110001358,'Dena Bank',31100,'0','3930','1965','0','0','60','2384','150','52','0','300','800','200','BGSPP7182H','0','200','15.0','35.00',6000,0,0.00,'',0,'','',0,'200','0.00','','M/DAT/GUJ/08815','','15700-50000'),('RAMIKSHA N PATEL','LT',111110027659,'Dena Bank',31340,'0','','','','0','0','','','','','','','0','ASVPP 6540K','','200','','',0,0,0.00,'',0,'','',0,'','','','','','31340FIX'),('RAMILA R CHAUDHARI','SWE',111110004277,'Dena Bank',23100,'0','2840','1420','0','0','0','0','95','4','0','300','0','0','ALPPC3108H','80','200','15.0','35.00',6000,0,0.00,'',500,'6/10','',0,'0','0.00','','M/DAT/GUJ/15016','A-6, NEW CIVIL CAMPUS','14800-47100'),('RATILAL I PATEL','HTC',111110002947,'Dena Bank',29300,'0','0','0','0','','','2256','150','60','0','300','800','0','','','200','15.0','35.00',8000,0,0.00,'',500,'6/10','',0,'200','0.00','861880238','M/DAT/GUJ/12332','','15700-50000'),('RH SURTI','SRC',111110003862,'Dena Bank',34300,'0','0','0','0','0','0','2642','240','0','0','300','800','100','AEQPS5353C','0','200','30.0','70.00',0,10000,0.00,'',0,'','',0,'0.00','2042.0','861968448','MED/GUJ/26610','','25500-81100'),('RINABEN A PRAJAPATI','LA',111110028377,'Dena Bank',19950,'','','','','0','','','','','','','','0','','140','200','','',0,0,0.00,'',0,'','',0,'','','','','B-6,AKASH BLOCK','19950-FIXED'),('RV RAVAT','WAT',111110003864,'Dena Bank',29300,'0','3540','1770','0','0','0','2244','150','60','0','300','800','0','APPLIED FOR','0','200','15.0','35.00',7000,0,0.00,'',500,'6/10','1661163(17/37)',2500,'5136','0.00','','M/DAT/GUJ/12549','','15700-50000'),('SALIM R MALEK','LAT',111110001748,'Dena Bank',31100,'0','3790','1895','0','0','0','2358','150','60','0','300','800','0','AYIPM6596R','0','200','15.0','35.00',11000,0,0.00,'',500,'6/10','',0,'0','0.00','','M/DAT/GUJ/11741','','15700-50000'),('SANDEEP C GOYAL','LT',111110005702,'Dena Bank',58600,'0','0','0','0','50','0','0','240','0','0','300','0','800','ABUPG4060F','0','200','30.0','70.00',0,9000,0.00,'',0,'','',0,'0.00','0.00','','MED/GUJ/26591','D-10,NEW CIVIL CAMPUS','35400-112400'),('SANGITABEN I RATHAVA','LT',111110032067,'Dena Bank',15670,'0','0','0','0','0','','0','0','','','','0','0','','200','200','','',0,0,0.00,'',0,'','',0,'0.00','0.00','','NOT ALLOTED','D-33, JYOTI BL','31340-FIXED'),('SATYAM N PATEL','JF',111110029015,'Dena Bank',31340,'0','0','0','0','0','0','0','0','0','0','0','0','700','BDVPF 3460J','140','200','0.00','0.00',0,0,0.00,'',0,'','',0,'0.00','2056.0','','','','15000-FIX'),('SD DIVAKAR','AL',111110001721,'Dena Bank',68000,'0','','0','0','0','0','4868','240','0','0','300','800','4500','ABCPD8187E','0','200','60.0','140.0',0,25000,0.00,'',0,'','1661154(32/50)',4000,'0.00','0.00','0','MED/GUJ/26413','','44900-142400'),('SHAILESH B SOLANKI','SWE',111110004104,'Dena Bank',25600,'0','3280','1640','0','0','0','0','150','44','0','300','0','0','APPLIED FOR','80','200','15.0','35.00',3000,0,0.00,'',500,'6/10','',0,'4685','0.00','','M/DAT/GUJ/11873','A-9, NEW CIVIL CAMPUS','15000-47600'),('SHANKARBHAI D CHAUDHARI','LT',111110003401,'Dena Bank',55200,'0','0','0','0','50','0','4276','240','0','0','300','800','500','ABFPC2745L','0','200','30.0','70.00',0,6000,0.00,'',0,'','',0,'200.00','0.00','','MED/GUJ/08962','','35400-112400'),('SHANTI D SOLANKI','SWE',111110002915,'Dena Bank',27600,'0','3410','1705','0','0','0','0','150','48','0','300','0','0','CFUPS7143P','80','200','15.0','35.00',5000,0,0.00,'',500,'6/10','',0,'2993','2611.0','860846901','M/DAT/GUJ/13096','A-4, NEW CIVIL CAMPUS','15700-50000'),('SHIVAJI F MALI','WAT',111110002861,'Dena Bank',31100,'0','3860','1930','0','','0','2352','150','60','0','300','800','0','AIFPM6528E','0','200','15.0','35.00',0,0,0.00,'',0,'','',0,'2224.0','0.00','','M/DAT/GUJ/09250','A-6,NEW CIVIL CAMPUS','15700-50000'),('SHWETA J PATEL','LT',111110027664,'Dena Bank',31340,'0','','','','0','0','','','','','','','0','BDGPP 1581B','','200','','',0,0,0.00,'',0,'','',0,'','','','','','31340FIX'),('SMTPARVATI N PATEL','OS',111110002190,'Dena Bank',52000,'0','0','0','0','0','0','4002','240','0','0','300','800','1000','AEDPP1004J','0','200','60.0','140.0',0,10000,0.00,'',0,'','',0,'0.00','0.00','','MED/GUJ/26164','','39900-126600'),('SUBHASH C SOLANKI','SWE',111110004034,'Dena Bank',28400,'0','0','0','0','0','60','2208','150','60','0','300','800','0','ASYPS3582K','0','200','15.0','35.00',3000,0,0.00,'',500,'6/10','',0,'3841','0.00','864158928','M/DAT/GUJ/13811','','15700-50000'),('SUKHDEV C SONI','JRC',111110005018,'Dena Bank',55200,'0','0','0','0','0','100','4214','240','0','0','300','800','2250','AGSPS1920R','0','200','30.0','70.00',0,25000,0.00,'',0,'','',0,'0.00','0.00','','PW/GUJ/38502','','35400-112400'),('SULTAN M LAKHANI','L/A',111110026160,'Dena Bank',19900,'','','19900','','0','0','0','95','','','300','0','','','C','30.00','0','0',0,0,0.00,'',0,'','',0,'','','','','',''),('SUMAN R HALPATI','LAT',111110002257,'Dena Bank',26400,'0','3280','1640','0','0','0','0','150','60','0','300','0','0','ABEPH3744F','0','200','15.0','35.00',5500,0,0.00,'',500,'6/10','',0,'200','1503.0','','M/DAT/GUJ/14451','A-1,NEW CIVIL CAMPUS','15000-47600'),('SURENDRASINH P SOLANKI','LT',111110002225,'Dena Bank',42800,'0','0','0','0','50','0','3296','240','0','0','300','800','600','AGSPS2114F','0','200','30.0','70.00',0,10000,0.00,'',0,'','',0,'7328.0','0.00','','MED/GUJ/36075','','29200-92300'),('THAKOR B PATEL','WAT',111110003992,'Dena Bank',28400,'0','3540','1770','0','0','60','2180','150','60','0','300','800','0','BAVPP0506L','0','200','15.0','35.00',5000,0,0.00,'',500,'6/10','1661092(19/60)',1985,'5610.0','292.00','861969701','M/DAT/GUJ/12336','','15700-50000'),('TRUPTI C PATEL','LT',111110027641,'Dena Bank',31340,'0','','','','0','0','','','','','','','100','BKIPG 9051L','','200','','',0,0,0.00,'',0,'','',0,'','','','','','31340FIX'),('UDAY L SOLANKI','SWE',111110004080,'Dena Bank',27200,'0','3410','1705','0','0','0','2056','150','44','0','300','800','0','CGUPS4907C','0','200','15.0','35.00',3000,0,0.00,'',500,'6/10','',0,'4105.0','0.00','0','M/DAT/GUJ/12563','','15000-47600'),('UDAY S MISHRA','CL4',111110005087,'Dena Bank',17700,'0','','17700','','0','0','3540','95','60','0','300','800','0','0','D','15.00','0','0',0,0,0.00,'',500,'6/10','',0,'0.00','0','','CPF A/c2011140746600006','',''),('URMILA B GAMIT','SRC',111110002031,'Dena Bank',39800,'0','0','0','0','0','75','3046','240','0','0','300','800','120','ABNPG7849K','0','200','30.0','70.00',0,12000,5000.00,'',0,'','1660922(25/43)',3500,'200.00','0.00','','MED/GUJ/26515','','25500-81100'),('URMILA M VASAVA','JRC',111110025148,'Dena Bank',21100,'1900','','23000','','','','0','150','','','300','0','0','0','C','30.00','0','0',0,0,0.00,'',0,'','',0,'','','','','',''),('URMISH J DHARANI','HC',111110003778,'Dena Bank',41100,'0','0','0','0','0','0','3148','240','0','0','300','800','0','ADTPD 0476B','0','200','30.0','70.00',0,20000,0.00,'',0,'','',0,'0','0.00','','MED/GUJ/26665','','35400-112400'),('VARSHA M PATEL','LT',111110029474,'Dena Bank',31340,'0','','0','0','0','','0','0','','0','0','0','0','','','200','0.00','0.00',0,0,0.00,'',0,'','',0,'0.00','0.00','','NOT ALLOTED','','31340-FIXED'),('VIBHA C PATEL','LT',111110029442,'Dena Bank',31340,'0','','','','0','0','','','','','','','0','BBNPP 6365A','','200','','',0,0,0.00,'',0,'','',0,'','','','','','31340FIX'),('YOGITA K PATEL','LA',9910030862,'Dena Bank',19950,'','','','','0','0','','','','','','','0','','','200','','',0,0,0.00,'',0,'','',0,'0.00','0.00','','','','19950-FIXED'),('ZINA HIRA PARMAR','SWE',111110004002,'Dena Bank',31100,'0','3790','1895','0','','60','2358','150','24','0','300','800','0','BAVPP0554J','','200','15.0','35.00',0,0,0.00,'',0,'','',0,'0','0.00','','M/DAT/GUJ/10673','','15700-50000');
/*!40000 ALTER TABLE `TABLE 13` ENABLE KEYS */;
UNLOCK TABLES;

--
-- Table structure for table `TABLE 14`
--

DROP TABLE IF EXISTS `TABLE 14`;
/*!40101 SET @saved_cs_client     = @@character_set_client */;
/*!40101 SET character_set_client = utf8 */;
CREATE TABLE `TABLE 14` (
  `staff_id` int(4) NOT NULL DEFAULT '0',
  `fullname` varchar(25) DEFAULT NULL,
  `_post` varchar(3) DEFAULT NULL,
  `_bank account number` bigint(12) DEFAULT NULL,
  `_bank` varchar(9) DEFAULT NULL,
  `Pay of Establishment` int(5) DEFAULT NULL,
  `Grade Pay of Establishment` varchar(4) DEFAULT NULL,
  `_Old Pay Scale` varchar(4) DEFAULT NULL,
  `Dearness Pay` varchar(5) DEFAULT NULL,
  `Dearness Allowance` varchar(1) DEFAULT NULL,
  `Spl Pay (Infection Allowance)` varchar(2) DEFAULT NULL,
  `Family Welfare Allowance` varchar(3) DEFAULT NULL,
  `House Rent Allowance` varchar(4) DEFAULT NULL,
  `Compansatory Local Allowance` varchar(3) DEFAULT NULL,
  `Washing Allowance` varchar(4) DEFAULT NULL,
  `Transport Allowance` varchar(1) DEFAULT NULL,
  `Medical Allowance` varchar(3) DEFAULT NULL,
  `Interim Relief` varchar(4) DEFAULT NULL,
  `Income Tax` varchar(4) DEFAULT NULL,
  `_PAN` varchar(11) DEFAULT NULL,
  `Rent of Building` varchar(3) DEFAULT NULL,
  `Professional Tax` varchar(10) DEFAULT NULL,
  `SIS I/F` varchar(4) DEFAULT NULL,
  `SIS S/F` varchar(5) DEFAULT NULL,
  `GPF IV` int(5) DEFAULT NULL,
  `GPF non IV` int(5) DEFAULT NULL,
  `GPF Advance Recovery non IV` decimal(6,2) DEFAULT NULL,
  `Recovery of Pay of Establishment` varchar(7) DEFAULT NULL,
  `Festival Advance Recovery` int(3) DEFAULT NULL,
  `^Festival Advance Recovery` varchar(4) DEFAULT NULL,
  `^HBA Recovery (Interest)` varchar(14) DEFAULT NULL,
  `HBA Recovery (Interest)` int(4) DEFAULT NULL,
  `GMCS Society` varchar(6) DEFAULT NULL,
  `LIC` varchar(6) DEFAULT NULL,
  `^LIC` varchar(10) DEFAULT NULL,
  `_GPF account number` varchar(23) DEFAULT NULL,
  `_Quarter` varchar(21) DEFAULT NULL,
  `_Pay Scale` varchar(23) DEFAULT NULL,
  PRIMARY KEY (`staff_id`)
) ENGINE=InnoDB DEFAULT CHARSET=utf8;
/*!40101 SET character_set_client = @saved_cs_client */;

--
-- Dumping data for table `TABLE 14`
--

LOCK TABLES `TABLE 14` WRITE;
/*!40000 ALTER TABLE `TABLE 14` DISABLE KEYS */;
INSERT INTO `TABLE 14` VALUES (1001,'ABDUL Y SHAIKH','WAT',111110002232,'Dena Bank',31100,'0','3860','1930','0','0','0','2352','150','30','0','300','800','0','CFUPS6777M','0','200','15.0','35.00',12000,0,0.00,'',500,'6/10','',0,'0','0.00','','M/DAT/GUJ/09959','','15700-50000'),(1002,'AESHAKUMARI I PATEL','LA',111110028306,'Dena Bank',19950,'','0','','','0','','','','','','','','0','','','200','','',0,0,0.00,'',0,'','',0,'','','','','','19950-FIXED'),(1003,'AJAY S RANA','HC',111110003963,'Dena Bank',47600,'0','','0','0','0','0','3612','240','0','0','300','800','1000','ABEPR9118F','0','200','30.0','70.00',0,11000,0.00,'',0,'','',0,'0.00','0.00','0','MED/GUJ/26547','','35400-112400'),(1004,'AKRUTI HIREN PATEL','LA',111110035316,'Dena Bank',0,'','','','','0','','','','','','','','','','0','0','','',0,0,0.00,'',0,'','',0,'0.00','0.00','','','','19950-FIXED'),(1005,'ALIHUSEN H ANSARI','WAT',111110003956,'Dena Bank',30200,'0','3790','1895','0','0','0','2324','150','60','0','300','800','0','AWJPA8120A','0','200','15.0','35.00',10000,0,0.00,'',500,'6/10','',0,'3402.0','0.00','0','M/DAT/GUJ/12343','','15700-50000'),(1006,'ALPANA H CHAUDHARI','LT',111110027638,'Dena Bank',31340,'0','','','','0','0','','','','','','','200','BDOPC 9029H','','200','','',0,0,0.00,'',0,'','',0,'','','','','','31340FIX'),(1007,'ALPESH D RATHOD','JRC',111110024986,'Dena Bank',21100,'1900','','23000','','','','4600','150','','','300','800','0','0','C','30.00','0','0',0,0,0.00,'',0,'','',0,'','','','','','CPF A/C2015140746600021'),(1008,'AMBA CHHOTA SOLANKI','SWE',111110004098,'Dena Bank',29300,'0','3720','1860','0','0','0','2256','150','60','0','300','800','200','CFUPS6770N','0','200','15.0','35.00',6000,0,0.00,'',500,'6/10','',0,'3490','0.00','','M/DAT/GUJ/12254','','15700-50000'),(1009,'AMISHA K SOLANKI','PHN',111110001723,'Dena Bank',60400,'0','0','0','0','0','150','4572','240','1100','0','0','800','3500','AHHPS2367N','0','200','60.0','140.0',0,20000,0.00,'',0,'','',0,'0.00','0.00','','MED/GUJ/26483','','39900-126600'),(1010,'ANIL J PATEL','HC',111110004082,'Dena Bank',39900,'0','0','0','0','0','0','3042','240','0','0','300','800','200','AIBPP 0174D','0','200','30.0','70.00',0,8000,0.00,'',0,'','',0,'0','0.00','','MED/GUJ/32155','','35400-112400'),(1011,'ANIL MAGAN SOLANKI','SWE',111110003194,'Dena Bank',28400,'0','3475','1738','0','0','0','0','150','60','0','300','0','100','ASUPS5051K','80','200','15.0','35.00',3000,0,0.00,'',500,'6/10','',0,'5768','510.00','860498477','M/DAT/GUJ/12511','E-5, NEW CIVIL CAMPUS','15700-50000'),(1012,'ANIL P BHATARIA','WAT',111110003981,'Dena Bank',29300,'0','3475','1738','0','0','55','2244','150','48','0','300','800','0','AGSPB2276R','0','200','15.0','35.00',11000,0,0.00,'',500,'6/10','',0,'200','0.00','','M/DAT/GUJ/12372','','15700-50000'),(1013,'ANIL TULSI SOLANKI','SWE',111110004095,'Dena Bank',27200,'0','3410','1705','0','0','0','2056','150','60','0','300','800','0','APPLIED FOR','0','200','15.0','35.00',12500,0,0.00,'',500,'6/10','',0,'200','0.00','','M/DAT/GUJ/13701','','15000-47600'),(1014,'ANILA S PATEL','JRC',111110024391,'Dena Bank',21100,'1900','','23000','','','','0','150','','','300','0','0','0','C','30.00','0','0',0,0,0.00,'',0,'','',0,'','','','CPF A/C2015140746600025','','CPF A/C2015140746600025'),(1015,'ANJANA B SURATI','LT',111110027640,'Dena Bank',31340,'0','','','','0','0','','','','','','','0','BOOPS 9424P','200','200','','',0,0,0.00,'',0,'','',0,'','','','','','31340FIX'),(1016,'ANKITA S PATEL','LT',111110027650,'Dena Bank',31340,'0','','','','0','0','','','','','','','0','COZPP 1961C','','200','','',0,0,0.00,'',0,'','',0,'','','','','','31340FIX'),(1017,'ANUKUMAR N GAMIT','LT',111110002083,'Dena Bank',44100,'0','0','0','0','50','0','0','240','0','0','300','0','600','ABUPG4613Q','0','200','30.0','70.00',0,17000,0.00,'',0,'','',0,'200.00','0.00','','MED/GUJ/26577','B-9,NEW CIVIL CAMPUS','29200-92300'),(1018,'ARVIND K SURATI','SWE',111110002506,'Dena Bank',28400,'0','3475','1738','0','','','2206','150','60','0','300','800','0','ASUPS5901Q','','200','15.0','35.00',12000,0,0.00,'',500,'6/10','',0,'0','0.00','','M/DAT/GUJ/13515','','15700-50000'),(1019,'BALAVANT L CHAUHAN','SWE',111110002242,'Dena Bank',27200,'0','3475','1738','0','','','2090','150','60','0','300','800','0','ANMPC5682P','','200','15.0','35.00',10000,0,0.00,'',500,'6/10','',0,'0.00','0.00','0','M/DAT/GUJ/13630','','15000-47600'),(1020,'BALU P PATEL','WAT',111110003397,'Dena Bank',29300,'0','3540','1770','0','0','0','0','150','60','0','300','0','0','APPLIED FOR','0','200','15.0','35.00',9000,0,0.00,'',500,'6/10','',0,'200','154.00','861966584','M/DAT/GUJ/12434','A-12,NEW CIVIL CAMPUS','15700-50000'),(1021,'BHAGVATI M PATEL','WAT',111110001647,'Dena Bank',31100,'0','3860','1930','0','','60','0','150','44','0','300','0','0','AJCPP6693H','0','200','15.0','35.00',10000,0,0.00,'',0,'','1660697(55/60)',2206,'1814.0','0.00','860358655','M/DAT/GUJ/09390','A-5,NEW CIVIL CAMPUS','15700-50000'),(1022,'BHAVINI Y SHAH','SO',111110004289,'Dena Bank',70000,'0','0','0','0','0','0','5446','240','0','0','300','800','4500','AHPPS 3493M','0','200','60.0','140.0',0,7000,0.00,'',0,'','',0,'0','0.00','','PH/GUJ/15550','','44900-142400'),(1023,'BHAVNABEN S DESAI','LT',111110002234,'Dena Bank',64100,'0','0','0','0','50','175','4968','240','0','0','300','800','2300','ABWPD3309G','0','200','60.0','140.0',0,12000,0.00,'',0,'','',0,'0.00','0.00','','PH/GUJ/23766','','39900-126600'),(1024,'BIPIN A PURANI','WAT',111110002358,'Dena Bank',29300,'0','3540','1770','0','','55','2244','150','60','0','0','800','0','BBAPP5404K','0','200','15.0','35.00',10000,0,0.00,'',500,'6/10','1660699(55/60)',2000,'0.00','510.00','862528546','M/DAT/GUJ/12333','','15700-50000'),(1025,'BV KHAROSE','HC',111110001524,'Dena Bank',47600,'0','0','0','0','75','0','3664','240','0','0','300','800','1500','ACPPK 1387D','0','200','30.0','70.00',11000,0,0.00,'',0,'','',0,'200','0.00','','M/DAT/GUJ/10729','','35400-112400'),(1026,'CHANDRAKANT PBHARUCHI','SRC',111110001682,'Dena Bank',35300,'0','0','0','0','0','0','2682','240','0','0','300','800','150','AGRPB2923L','0','200','30.0','70.00',0,10000,0.00,'10000',0,'','',0,'0.00','0.00','69559004','MED/GUJ/26609','','25500-81100'),(1027,'CHARU P BHATT','LT',111110001368,'Dena Bank',46800,'0','0','0','0','50','0','0','240','0','0','300','0','200','AFRPB 3806M','0','200','30.0','70.00',0,10000,0.00,'',0,'','',0,'0','0.00','','MED/GUJ/26151','D-5 NEW CIVIL CAMPUS','29200-92300'),(1028,'CHETAN V JARIWALA','HC',111110003794,'Dena Bank',38700,'0','0','0','0','0','0','2948','240','0','0','300','1600','0','AEEPJ2398Q','0','0','30.0','70.00',0,12000,0.00,'',0,'','',0,'0.00','0.00','','MED/GUJ/36076','','35400-112400'),(1029,'CHETANA H PATEL','JRC',111110024347,'Dena Bank',21100,'1900','','23000','','','','4600','150','','','300','800','','0','C','30.00','0','0',0,0,0.00,'',0,'','',0,'','0','','','','CPF A/C2015140746600020'),(1030,'CHIRAG S LAD','SI',111110029691,'Dena Bank',19950,'','','','','0','','','','','','','','0','','0','200','','',0,0,0.00,'',0,'','',0,'','','','','','7800-FIXED'),(1031,'DAHYA MOTI SOLANKI','SWE',111110001784,'Dena Bank',29300,'0','3540','1770','0','','','0','150','60','0','300','0','0','ASVPS8425Q','80','200','15.0','35.00',4000,0,0.00,'',500,'6/10','',0,'0','0.00','','M/DAT/GUJ/12309','E-4,NEW CIVIL CAMPUS','15700-50000'),(1032,'DC AHIR','C/A',111110002734,'Dena Bank',30200,'0','3860','1930','0','0','0','2292','150','40','0','300','800','0','AOVPA1378N','0','200','15.0','35.00',5000,0,0.00,'',500,'6/10','',0,'5800','248.00','861880432','M/DAT/GUJ/11874','','15700-50000'),(1033,'DEEPIKA S CHAUDHARY','LT',111110002158,'Dena Bank',44100,'0','0','0','0','50','0','3362','240','0','0','300','1600','100','ABNPC5875F','0','0','30.0','70.00',0,20000,0.00,'',0,'','1661010(35/50)',2160,'0.00','0.00','','MED/GUJ/26548','','29200-92300'),(1034,'DEVAJI R GOHIL','MLI',111110003406,'Dena Bank',0,'0','0','0','0','0','0','0','0','0','0','0','0','0','','0','0','0.00','0.00',0,0,0.00,'',0,'','',0,'0','0.00','','M/DAT/GUJ/11865','','4440-7440'),(1035,'DEVENDRA B CHAUDHARI','LA',111110023793,'Dena Bank',44800,'0','0','0','0','50','0','3460','240','0','0','300','800','800','AAYPC4544K','0','200','30.0','70.00',0,15000,0.00,'',0,'','',0,'0.00','0.00','','PH/GUJ/30189','','25500-81100'),(1036,'DHAEMISHTHA RATHVA','LT',111110027648,'Dena Bank',31340,'0','','','','0','0','','','','','','','0','AZFPR 6320L','','200','','',0,0,0.00,'',0,'','',0,'','','','','','31340FIX'),(1037,'DHANSHUKH B PATEL','LT',111110003877,'Dena Bank',55200,'0','0','0','0','50','','4286','240','','','300','800','2250','ADPPP8698D','0','200','30.0','70.00',0,13000,0.00,'',0,'','',0,'0.00','0.00','','MED/GUJ/26399','','35400-112400'),(1038,'DHANSHUKH D SOLANKI','SWE',111110002920,'Dena Bank',0,'0','0','0','0','0','0','0','0','0','0','0','0','0','CFUPS7075E','0','0','0.00','0.00',0,0,0.00,'',0,'','',0,'0.00','0.00','860841559','M/DAT/GUJ/13594','A-9,NEW CIVIL CAMPUS','15000-47600'),(1039,'DHARMESH N PATEL','LA',111110004379,'Dena Bank',2500,'0','','0','0','0','0','0','0','0','0','0','0','0','','0','0','0.00','0.00',0,0,0.00,'',0,'','',0,'0.00','0.00','','NOT ALLOTED','','2500-FIXED'),(1040,'DHARMISTHA PATEL','CL4',111110005023,'Dena Bank',17700,'1300','','19000','','0','0','3800','95','60','0','300','800','0','0','D','15.00','0','0',0,0,0.00,'',500,'6/10','',0,'510.00','','','CPF A/c2010140746600056','','CPF A/c2010140746600056'),(1041,'DIMPLE R SIROYA','LA',11111002970,'Dena Bank',19950,'','','','','0','','','','','','','','0','','','200','','',0,0,0.00,'',0,'','',0,'0.00','0.00','','','','19950-FIXED'),(1042,'DIVYABEN R PATEL','LA',111110028124,'Dena Bank',19950,'','','','','0','','','','','','','','0','','140','200','','',0,0,0.00,'',0,'','',0,'','','','','B-9,AKASH BLOCK','19950-FIXED'),(1043,'GANGA MANOJ SOLANKI','SWE',111110003158,'Dena Bank',29300,'0','3540','1770','0','0','0','0','150','50','0','300','0','0','CFUPS6856M','80','200','15.0','35.00',6000,0,0.00,'',500,'6/10','',0,'2571','0.00','','M/DAT/GUJ/12401','A-3,NEW CIVIL CAMPUS','15700-50000'),(1044,'GANPAT S SOLANKI','SWE',111110003884,'Dena Bank',31100,'0','3790','1895','0','0','0','2358','150','34','0','300','800','100','CHNPS4375Q','0','200','15.0','35.00',8000,0,0.00,'',500,'6/10','',0,'0','0.00','','M/DAT/GUJ/11075','','15700-50000'),(1045,'GORDHAN S SOLANKI','SWE',111110001637,'Dena Bank',31100,'0','3790','1895','0','','','2358','150','60','0','300','800','0','CFUPS7067A','0','200','15.0','35.00',10000,0,0.00,'',500,'6/10','1660923(20/60)',2730,'0.00','116.00','8604922473','M/DAT/GUJ/11740','','15700-50000'),(1046,'GYNANESHVAR DSURYAVANSHI','LT',111110001743,'Dena Bank',52000,'0','0','0','0','50','0','0','240','0','0','300','0','1000','AFDPS3147J','0','200','30.0','70.00',0,25000,0.00,'',0,'','',0,'0.00','0.00','','MED/GUJ/26415','D-5,NEW CIVIL CAMPUS','35400-112400'),(1047,'HARENDRA D SOLANKI','SWE',111110003886,'Dena Bank',28400,'0','3475','1738','0','','0','2206','150','40','0','0','800','0','ASWPS2987A','','200','15.0','35.00',5000,0,0.00,'',0,'','',0,'0','368.00','','M/DAT/GUJ/13514','','15000-47600'),(1048,'HARSHIDA CHAUDHARI','JRC',111110024417,'Dena Bank',21100,'1900','','23000','','','','4600','150','','','300','800','0','0','C','30.00','0','0',0,0,0.00,'',0,'','',0,'','','','','',''),(1049,'HASMUKH H PATEL','LT',111110001718,'Dena Bank',55200,'0','0','0','0','50','125','4198','240','0','0','300','800','2300','ADGPP3306F','0','200','30.0','70.00',0,15000,0.00,'',0,'','',0,'0.00','0.00','','MED/GUJ/26407','','35400-112400'),(1050,'HEENA D THAKUREL','SRC',111110003876,'Dena Bank',42200,'0','0','0','0','0','0','3254','240','0','0','300','800','0','AAQPT2627Q','0','200','30.0','70.00',0,10000,0.00,'',0,'','',0,'200.00','0.00','','MED/GUJ/26214','','25500-81100'),(1051,'HEMANGINI A PATEL','LA',111110028489,'Dena Bank',19950,'','','','','0','','','','','','','','0','','','200','','',0,0,0.00,'',0,'','',0,'','','','','','19950-FIXED'),(1052,'HETALBEN B PATEL','LA',111110028108,'Dena Bank',19950,'','','','','0','','','','','','','','0','','','200','','',0,0,0.00,'',0,'','',0,'','','','','','19950-FIXED'),(1053,'HETALKUMAR NAIK','LT',111110003833,'Dena Bank',60400,'0','0','0','0','50','176','4626','240','','0','300','800','3500','AAXPN5725G','0','200','30.0','70.00',0,16000,0.00,'',0,'','',0,'200.00','0.00','','PH/GUJ/28920','','39900-126600'),(1054,'HIRA MAGAN GAMIT','LAT',111110001795,'Dena Bank',0,'0','0','0','0','0','0','0','0','0','0','0','0','0','ACLPG5243J','0','0','0.00','0.00',0,0,0.00,'',0,'','',0,'0','0.00','','M/DAT/GUJ/11799','','15700-50000'),(1055,'HITESHKUMAR M PATEL','JRC',111110024422,'Dena Bank',21100,'1900','','23000','','','','4600','150','','','300','0','0','0','C','30.00','0','0',0,0,0.00,'',0,'','',0,'','','','CPF A/C2015140746600026','',''),(1056,'IA PATEL','HC',111110001603,'Dena Bank',47600,'0','0','0','0','0','0','3690','240','0','0','300','800','0','ABYPP 6055D','0','200','30.0','70.00',20000,0,0.00,'',0,'','',0,'0','0.00','860845349','M/DAT/GUJ/9178','','35400-112400'),(1057,'INDRASIGH C SOLANKI','LAT',111110003855,'Dena Bank',31100,'0','3790','1895','0','0','0','2358','150','44','0','300','800','0','ASWPS2929N','0','200','15.0','35.00',7000,0,0.00,'',500,'6/10','',0,'0','1021.0','863499220','M/DAT/GUJ/11868','','15700-50000'),(1058,'INDUBEN R SOLANKI','SWE',111110002278,'Dena Bank',29300,'0','3540','1770','0','0','0','2246','150','50','0','300','800','0','BYMPS9721D','0','200','15.0','35.00',15000,0,0.00,'',500,'6/10','',0,'200','924.00','860359999','M/DAT/GUJ/12256','','15700-50000'),(1059,'ISHVAR M SOLANKI','SWE',111110004103,'Dena Bank',27200,'0','0','0','0','0','0','0','150','40','0','300','0','0','ASWPS2947Q','80','200','15.0','35.00',3000,0,0.00,'',500,'6/10','',0,'4776','0.00','','M/DAT/GUJ/09192','A-10,NEW CIVIL CAMPUS','15000-47600'),(1060,'J K GAMIT','HC',111110004189,'Dena Bank',42300,'0','','','0','0','','3288','240','','','300','800','1500','AGEPG0440L','0','200','30.0','70.00',0,20000,0.00,'',0,'','',0,'0.00','0.00','','MED/GUJ/36363','','35400-112400'),(1061,'JATINKUMAR M CHAUDHARI','LT',111110001969,'Dena Bank',53600,'0','0','0','0','50','','0','240','','','300','0','850','AAXPC5877G','0','200','30.0','70.00',0,10000,0.00,'',0,'','',0,'200.00','0.00','','MED/GUJ/26492','D-36,NEW CIVIL CAMPUS','35400-112400'),(1062,'JAYANTI R SOLANKI','LAT',111110001504,'Dena Bank',31100,'0','3860','1930','0','','','0','150','60','0','300','0','0','AGSPS2469K','','200','15.0','35.00',12500,0,0.00,'',0,'','',0,'0','0.00','','M/DAT/GUJ/10150','E-16,NEW CIVIL CAMPUS','15700-50000'),(1063,'JH JOSHI','DM',111110001923,'Dena Bank',62200,'0','','0','0','0','0','4784','240','0','0','300','800','3200','ABNPJ1305M','0','200','60.0','140.0',0,15000,0.00,'',0,'','',0,'200.00','0.00','860702517','MED/GUJ/26446','','39900-126600'),(1064,'JIGISHABEN I GAMIT','LT',10338130216,'Dena Bank',31340,'','','','','','','','','','','','','','','','200','','',0,0,0.00,'',0,'','',0,'0.00','0.00','','','','31340-FIXED'),(1065,'JINESH F CHAUDHARI','LA',33713713350,'Dena Bank',19950,'','','','','0','','','','','','','','','','140','200','','',0,0,0.00,'',0,'','',0,'0.00','0.00','','','','19950-FIXED'),(1066,'JITENDRA N PRAJAPATI','JRC',111110005883,'Dena Bank',23100,'1900','','25000','','','0','5000','150','0','','300','800','0','0','C','30.00','0','0',0,0,0.00,'',0,'','',0,'','','','CPF A/C2013140746600005','',''),(1067,'JIVRAJ U CHAUHAN','DRA',111110034074,'Dena Bank',24200,'0','','0','0','0','0','0','95','34','0','300','0','0','','80','200','15.0','35.00',3000,0,0.00,'',500,'6/10','',0,'3665','0.00','','M/DAT/GUJ/11670','','15000-47600'),(1068,'K P CHAUHAN','SRC',111110001902,'Dena Bank',33300,'0','0','0','0','0','0','2524','240','0','0','300','800','0','ALPPC3184B','0','200','30.0','70.00',0,20000,0.00,'',0,'','',0,'0.00','0.00','','MED/GUJ/40094','','25500-81100'),(1069,'KAMLESH A VASAVA','JRC',111110024423,'Dena Bank',21100,'1900','','23000','','','','0','150','','','300','800','','0','C','30.00','0','0',0,0,0.00,'',0,'','',0,'','','','CPF A/C2015140746600047','',''),(1070,'KANTI L SURATI','SWE',111110003907,'Dena Bank',28400,'0','3475','1738','0','0','0','2208','150','60','0','300','800','0','ASWPS2890L','','200','15.0','35.00',15000,0,0.00,'',500,'6/10','',0,'0','0.00','861875317','M/DAT/GUJ/13302','','15700-50000'),(1071,'KANTI ZINA PATEL','WAT',111110003455,'Dena Bank',31100,'0','3790','1895','0','','0','2358','150','60','0','300','800','100','BBFPP0388D','0','200','15.0','35.00',13000,0,0.00,'',500,'6/10','',0,'0.00','0.00','0','M/DAT/GUJ/10753','','15700-50000'),(1072,'KANTILAL C SOLANKI','SWE',111110001502,'Dena Bank',30200,'0','3860','1930','0','','','0','150','26','0','300','0','0','ASVPS8975M','80','200','15.0','35.00',11500,0,0.00,'',500,'6/10','1661165(6/29)',3400,'2474','155.00','860359086','M/DAT/GUJ/10304','A-12,NEW CIVIL CAMPUS','15700-50000'),(1073,'KANTILAL D PATEL','JRC',111110005724,'Dena Bank',14150,'2800','0','21188','','0','0','3390','0','240','0','0','0','300','0','0','ADTPP1095L','0','C',0,30,0.00,'15000.0',0,'','',0,'0','0.00','','','BANK-9952',''),(1074,'KANU D SOLANKI','DRI',111110002418,'Dena Bank',30200,'0','0','0','0','0','0','0','150','60','0','300','0','0','BKXPS7770K','200','200','30.0','70.00',0,9000,0.00,'',0,'','',0,'6054.0','1241.0','861876464','MED/GUJ/40531','D-61,NEW CIVIL CAMPUS','19900-63200'),(1075,'KANU SOMA BHANGI','SWE',111110004072,'Dena Bank',30200,'0','0','0','0','0','0','0','150','60','0','300','0','0','APPLIED FOR','80','200','15.0','35.00',8000,0,0.00,'',500,'6/10','',0,'0','3024.0','860492943','M/DAT/GUJ/10303','A-1, NEW CIVIL CAMPUS','15700-50000'),(1076,'KARNIK G PATEL','XT',111110002923,'Dena Bank',64100,'0','0','0','0','50','0','0','240','0','0','300','0','2500','ABYPP5956D','0','200','60.0','140.0',0,15000,0.00,'',0,'','',0,'200.00','0.00','','PH/GUJ/28978','D-42,NEW CIVIL CAMPUS','39900-126600'),(1077,'KAVITA S HATHIWALA','LA',111110028640,'Dena Bank',19950,'0','','0','0','0','0','0','0','0','0','0','0','0','','0','200','0.00','0.00',0,0,0.00,'',0,'','',0,'0.00','0.00','','NOT ALLOTED','','19950-FIXED'),(1078,'KAVITABEN I PATEL','LT',111110029444,'Dena Bank',31340,'','','','','0','','','','','','','','0','','','200','','',0,0,0.00,'',0,'','',0,'','','','','','31340-FIXED'),(1079,'KEYUR N PATEL','JRC',111110034234,'Dena Bank',19950,'0','','0','0','0','0','0','0','0','','0','0','0','','0','200','','',0,0,0.00,'',0,'','',0,'0.00','0.00','','NOT ALLOTED','','19950-FIXED'),(1080,'KHUSHBU RAMANIK CHOVATIYA','LA',111110035338,'Dena Bank',19950,'0','','0','0','0','0','0','0','0','0','0','0','0','','0','200','0.00','0.00',0,0,0.00,'',0,'','',0,'0.00','0.00','','NOT ALLOTED','','19950-FIXED'),(1081,'KIRIT MAGAN SOLANKI','SWE',111110004067,'Dena Bank',28400,'0','3475','1738','0','0','0','2206','150','60','0','300','800','0','APTPS2149J','0','200','15.0','35.00',8000,0,0.00,'',500,'6/10','',0,'3812','0.00','','M/DAT/GUJ/13303','','15000-47600'),(1082,'KISHOR B VAGHANI','LT',111110027643,'Dena Bank',31340,'0','','','','0','0','','','','','','','100','ATEPV 1126D','','200','','',0,0,0.00,'',0,'','',0,'','','','','','31340FIX'),(1083,'KOKILA D PATEL','LT',111110029437,'Dena Bank',31340,'0','','','','0','0','','','','','','','0','BTYPP 7158J','','200','','',0,0,0.00,'',0,'','',0,'','','','','','31340FIX'),(1084,'LALITABEN BILLIMORIA','SWE',111110004233,'Dena Bank',26400,'0','3280','1640','0','0','0','0','150','60','0','300','0','0','ATAPB9962D','80','200','15.0','35.00',8000,0,0.00,'',500,'6/10','',0,'200','0.00','','M/DAT/GUJ/12512','A-15 NEW CIVIL CAMPUS','15000-47600'),(1085,'LATABEN S GAMIT','LT',111110032823,'Dena Bank',31340,'0','','','','0','0','','','','','','','0','AMHPG 0516A','','200','','',0,0,0.00,'',0,'','',0,'','','','','','31340FIX'),(1086,'MAHAVIRSINH MAHIDA','HE',111110029773,'Dena Bank',31340,'','','','','0','','','','','','','','0','','200','200','','',0,0,0.00,'',0,'','',0,'','','','','','31340-FIXED'),(1087,'MAHESH C SHETH','SWE',111110002594,'Dena Bank',29300,'0','3540','1770','0','0','','2244','150','60','0','300','800','0','ANHPS5020L','0','200','15.0','35.00',6000,0,0.00,'',0,'','',0,'5746','3793.0','860845823','M/DAT/GUJ/12608','','15700-50000'),(1088,'MAHESH V PATEL','LT',111110002073,'Dena Bank',44100,'0','0','0','0','50','80','3362','240','0','0','300','800','500','ADSPP2053M','0','200','30.0','70.00',0,7000,0.00,'',0,'','',0,'200.00','0.00','','MED/GUJ/26511','','29200-92300'),(1089,'MALATI A SOLANKI','SWE',111110002516,'Dena Bank',26400,'0','3280','1640','0','0','0','2016','150','60','0','300','800','0','CFUPS6876R','0','200','15.0','35.00',6000,0,0.00,'',500,'6/10','',0,'4617.0','0.00','866237433','M/DAT/GUJ/14479','','15000-47600'),(1090,'MALLIKABEN NBHAVSAR','OS',111110001607,'Dena Bank',52000,'0','0','0','0','0','0','0','240','0','0','300','0','250','ACKPB 2210M','0','200','60.0','140.0',0,25000,0.00,'',0,'','',0,'0','0.00','','MED/GUJ/26148','D-21,NEW CIVIL CAMPUS','39900-126600'),(1091,'MAMENDRA I PATEL','OS',111110004190,'Dena Bank',44900,'0','0','0','0','0','0','3470','240','0','0','300','800','800','AIDPP 4272E','0','200','60.0','140.0',0,15000,0.00,'',0,'','',0,'0','0.00','','MED/GUJ/36632','','39900-126600'),(1092,'MANHARBHAI J PATEL','LT',111110001651,'Dena Bank',55200,'0','0','0','0','50','125','4286','240','0','0','300','800','2500','ADPPP9666D','0','200','30.0','70.00',0,20000,0.00,'',0,'','',0,'0.00','0.00','','MED/GUJ/26317','','35400-112400'),(1093,'MANISHA K GOHIL','LA',111110028133,'Dena Bank',19950,'','','','','0','','','','','','','','0','','','200','','',0,0,0.00,'',0,'','',0,'','','','','','19950-FIXED'),(1094,'MANISHA M PATEL','LA',111110028132,'Dena Bank',19950,'0','','','','0','','','','','','','','0','','','200','','',0,0,0.00,'',0,'','',0,'','','','','','19950-FIXED'),(1095,'MANISHABEN C HADIYA','S/N',111110034991,'Dena Bank',31340,'','','','','0','','','','500','','','','0','','','200','','',0,0,0.00,'',0,'','',0,'','','','','','31340FIX'),(1096,'MANJI G PATEL','WAT',111110004054,'Dena Bank',28400,'0','3475','1738','0','0','0','2090','150','60','0','300','800','0','NOT ALLOT','0','200','15.0','35.00',7000,0,0.00,'',500,'6/10','1661167(11/44)',3000,'0.00','0.00','0','M/DAT/GUJ/12337','','15700-50000'),(1097,'MEETA R PATEL','S/N',111110003910,'Dena Bank',49000,'0','0','0','0','0','0','1885','0','1100','0','300','800','950','AHUPP6189N','0','200','30.0','70.00',0,17000,0.00,'',0,'','',0,'0.00','0.00','','MED/GUJ/40074','','35400-112400'),(1098,'MEGHNA V PATEL','LT',111110027649,'Dena Bank',31340,'0','','','','0','0','','','','','','','0','BHSPP 1693Q','','200','','',0,0,0.00,'',0,'','',0,'','','','','','31340FIX'),(1099,'MINAXI V NAIK','LT',111110001894,'Dena Bank',46800,'0','0','0','0','50','0','3554','240','0','0','300','800','800','AAPPN6450Q','0','200','30.0','70.00',0,20000,0.00,'',0,'','',0,'0.00','0.00','','MED/GUJ/26314','','29200-92300'),(1100,'MOHMAD S ANSARI','WAT',111110002945,'Dena Bank',31100,'0','3860','1930','0','','0','0','150','60','0','300','0','0','AOVPA1407N','0','200','15.0','35.00',14000,0,0.00,'',500,'6/10','1661164(28/46)',2280,'0.00','615.00','862454406','M/DAT/GUJ/12255','A-7,NEW CIVIL CAMPUS','15700-50000'),(1101,'MOTI MATHUR SOLANKI','MUK',111110001801,'Dena Bank',31100,'0','3790','1895','0','0','0','2358','150','44','0','0','800','100','ASVPS8956N','0','200','15.0','35.00',11000,0,0.00,'',500,'6/10','',0,'6916','118.00','860841557','M/DAT/GUJ/10093','','15700-50000'),(1102,'MOTIBHAI D PATEL','PLU',111110003390,'Dena Bank',41600,'0','','0','0','','','0','240','0','0','300','0','450','AEDPP1144D','0','200','30.0','70.00',0,12000,0.00,'',0,'','',0,'0.00','130.00','862527125','MED/GUJ/26558','B-5,NEW CIVIL CAMPUS','25500-81100'),(1103,'NARENDRA D CHAUDHARI','AL',111110002238,'Dena Bank',60400,'0','0','0','0','0','0','4694','240','0','0','300','800','1000','AAXPC6168N','0','200','60.0','140.0',0,12000,0.00,'',0,'','1660837(30/45)',4344,'0.00','0.00','860702102','MED/GUJ/26550','','39900-126600'),(1104,'NATVAR D GARANIYA','SWE',111110002259,'Dena Bank',31100,'0','3860','1930','0','','','0','150','18','0','300','0','0','AGIPG8148H','80','200','15.0','35.00',0,0,0.00,'',0,'','',0,'0','0.00','','M/DAT/GUJ/11875','E-47,NEW CIVIL CAMPUS','15700-50000'),(1105,'NAVIN K KARUSKAR','AK',111110002687,'Dena Bank',31100,'0','3930','1965','0','0','0','2384','150','60','0','300','800','0','AKCPK4033D','0','200','15.0','35.00',0,0,0.00,'',0,'','',0,'0','737.00','860844592','M/DAT/GUJ/08954','A-2, NEW CIVIL CAMPUS','15700-50000'),(1106,'NIHARIKA PATEL','LT',111110027660,'Dena Bank',31340,'0','','','','0','0','','','','','','','150','AOVPP 8918F','','200','','',0,0,0.00,'',0,'','',0,'','','','','','31340FIX'),(1107,'NIKUNJ M PATEL','LA',111110032034,'Dena Bank',19950,'0','','0','0','0','0','0','0','0','0','0','0','0','','0','200','0.00','0.00',0,0,0.00,'',0,'','',0,'0.00','0.00','','NOT ALLOTED','','19950-FIXED'),(1108,'NIRALI C BHADJA','S/N',111110034992,'Dena Bank',31340,'','','','','0','','','','500','','','','0','','','200','','',0,0,0.00,'',0,'','',0,'','','','','','31340FIX'),(1109,'NIRMALBHAI J PATEL','LA',111110035325,'Dena Bank',19950,'','','','','0','','','','','','','','','','140','200','','',0,0,0.00,'',0,'','',0,'0.00','0.00','','','','19950-FIXED'),(1110,'PIYUSH D SARBHONIYA','SWE',111110002568,'Dena Bank',29300,'0','3540','1770','0','','','2244','150','14','0','300','800','0','AGSPS2129Q','','200','15.0','35.00',10000,0,0.00,'',500,'6/10','',0,'3216','0.00','','M/DAT/GUJ/12502','','15700-50000'),(1111,'POPATBHAI P PRAJAPATI','XT',111110005646,'Dena Bank',60400,'0','0','0','0','50','0','4694','240','0','0','300','800','1800','ADVPP6046R','0','200','60.0','140.0',0,10000,0.00,'',0,'','',0,'200.00','0.00','','PH/GUJ/15525','','39900-126600'),(1112,'PRAKASH SHAIDANE','SWE',111110005506,'Dena Bank',17200,'1300','','18500','','','','0','95','60','','300','0','0','0','D','15.00','0','0',0,0,0.00,'',500,'6/10','',0,'615.00','','','CPF A/c2011140746600021','',''),(1113,'PRAMODKUMAR CPATEL','XT',111110002270,'Dena Bank',60400,'0','0','0','0','50','','4604','240','','0','300','800','2500','ACIPP3760A','0','200','30.0','70.00',0,10000,0.00,'',0,'','',0,'200.00','536.00','861875559','PH/GUJ/28882','','35400-112400'),(1114,'PRATAPBHAI D RATHOD','LT',111110001885,'Dena Bank',55200,'0','0','0','0','50','0','4292','240','0','0','300','800','1500','ABHPR4155P','0','200','30.0','70.00',0,15000,0.00,'',0,'','',0,'200.00','0.00','','MED/GUJ/26426','','35400-112400'),(1115,'PRATIBHA C PATEL','JRC',111110024415,'Dena Bank',21100,'1900','','23000','','','','0','150','','','300','0','','0','C','30.00','0','0',0,0,0.00,'',0,'','',0,'','','','','',''),(1116,'PRATIKSHA D PATEL','LA',111110005556,'Dena Bank',19950,'0','','0','0','0','0','0','0','0','0','0','0','0','','0','200','0.00','0.00',0,0,0.00,'',0,'','',0,'0.00','0.00','','NOT ALLOTED','','19950-FIXED'),(1117,'PREMABHAI V GAMIT','LT',111110003283,'Dena Bank',53600,'0','0','0','0','50','','4110','240','','','300','800','800','ABWPG0962A','0','200','30.0','70.00',0,6000,0.00,'',0,'','',0,'0.00','579.00','860361777','MED/GUJ/26497','','35400-112400'),(1118,'RACHANA B PATEL','LT',111110027653,'Dena Bank',31340,'0','','','','0','0','','','','','','','0','BKAPP 1702K','','200','','',0,0,0.00,'',0,'','',0,'','','','','','31340FIX'),(1119,'RAHUL V GHOGHARI','LA',111110031968,'Dena Bank',19950,'0','','0','0','0','0','0','0','0','0','0','0','0','','0','200','0.00','0.00',0,0,0.00,'',0,'','',0,'0.00','0.00','','NOT ALLOTED','','19950-FIXED'),(1120,'RAJENDRA I PATEL','PEO',111110003964,'Dena Bank',29300,'0','3540','0','0','0','60','2244','150','60','0','300','800','0','AJEPP2213P','0','200','15.0','35.00',11000,0,0.00,'',500,'6/10','1661019(32/59)',1925,'0','0.00','','M/DAT/GUJ/13007','','15700-50000'),(1121,'RAJENDRA M NAIK','XT',111110002436,'Dena Bank',62200,'0','0','0','0','50','0','0','240','0','0','0','0','3000','AAOPN6331P','0','200','60.0','140.0',0,9000,0.00,'',0,'','',0,'0.00','321.00','861875610','MED/GUJ/14298','B-2,NEW CIVIL CAMPUS','39900-126600'),(1122,'RAJENDRA N PATEL','JRC',111110005437,'Dena Bank',43500,'0','0','0','0','0','0','3358','240','0','0','300','800','800','ABUPP0308B','0','200','30.0','70.00',0,25000,0.00,'',0,'','',0,'0.00','0.00','','PW/GUJ/40496','','25500-81100'),(1123,'RAJESH S SOLANKI','SWE',111110002281,'Dena Bank',28400,'0','3475','1738','0','','','2208','150','60','0','300','800','0','ASYPS2068J','0','200','15.0','35.00',18000,0,0.00,'',500,'6/10','',0,'2478','3712.0','860844782','M/DAT/GUJ/13081','','15700-50000'),(1124,'RAKESH R PATEL','HC',111110003023,'Dena Bank',39900,'0','0','0','0','0','0','3066','240','0','0','300','800','100','AFVPP 6795D','0','600','30.0','70.00',0,10000,0.00,'',0,'','',0,'3812','0.00','','MED/GUJ/26682','','35400-112400'),(1125,'RAMESH D SURATI','DRA',111110004051,'Dena Bank',25920,'0','0','0','0','0','0','1915','150','54','0','270','800','0','DDCPS8847F','0','200','15.0','35.00',5000,0,0.00,'',0,'','',0,'200','0.00','860193604','M/DAT/GUJ/10152','','15000-47600'),(1126,'RAMESH L PATEL','CL4',111110001358,'Dena Bank',31100,'0','3930','1965','0','0','60','2384','150','52','0','300','800','200','BGSPP7182H','0','200','15.0','35.00',6000,0,0.00,'',0,'','',0,'200','0.00','','M/DAT/GUJ/08815','','15700-50000'),(1127,'RAMIKSHA N PATEL','LT',111110027659,'Dena Bank',31340,'0','','','','0','0','','','','','','','0','ASVPP 6540K','','200','','',0,0,0.00,'',0,'','',0,'','','','','','31340FIX'),(1128,'RAMILA R CHAUDHARI','SWE',111110004277,'Dena Bank',23100,'0','2840','1420','0','0','0','0','95','4','0','300','0','0','ALPPC3108H','80','200','15.0','35.00',6000,0,0.00,'',500,'6/10','',0,'0','0.00','','M/DAT/GUJ/15016','A-6, NEW CIVIL CAMPUS','14800-47100'),(1129,'RATILAL I PATEL','HTC',111110002947,'Dena Bank',29300,'0','0','0','0','','','2256','150','60','0','300','800','0','','','200','15.0','35.00',8000,0,0.00,'',500,'6/10','',0,'200','0.00','861880238','M/DAT/GUJ/12332','','15700-50000'),(1130,'RH SURTI','SRC',111110003862,'Dena Bank',34300,'0','0','0','0','0','0','2642','240','0','0','300','800','100','AEQPS5353C','0','200','30.0','70.00',0,10000,0.00,'',0,'','',0,'0.00','2042.0','861968448','MED/GUJ/26610','','25500-81100'),(1131,'RINABEN A PRAJAPATI','LA',111110028377,'Dena Bank',19950,'','','','','0','','','','','','','','0','','140','200','','',0,0,0.00,'',0,'','',0,'','','','','B-6,AKASH BLOCK','19950-FIXED'),(1132,'RV RAVAT','WAT',111110003864,'Dena Bank',29300,'0','3540','1770','0','0','0','2244','150','60','0','300','800','0','APPLIED FOR','0','200','15.0','35.00',7000,0,0.00,'',500,'6/10','1661163(17/37)',2500,'5136','0.00','','M/DAT/GUJ/12549','','15700-50000'),(1133,'SALIM R MALEK','LAT',111110001748,'Dena Bank',31100,'0','3790','1895','0','0','0','2358','150','60','0','300','800','0','AYIPM6596R','0','200','15.0','35.00',11000,0,0.00,'',500,'6/10','',0,'0','0.00','','M/DAT/GUJ/11741','','15700-50000'),(1134,'SANDEEP C GOYAL','LT',111110005702,'Dena Bank',58600,'0','0','0','0','50','0','0','240','0','0','300','0','800','ABUPG4060F','0','200','30.0','70.00',0,9000,0.00,'',0,'','',0,'0.00','0.00','','MED/GUJ/26591','D-10,NEW CIVIL CAMPUS','35400-112400'),(1135,'SANGITABEN I RATHAVA','LT',111110032067,'Dena Bank',15670,'0','0','0','0','0','','0','0','','','','0','0','','200','200','','',0,0,0.00,'',0,'','',0,'0.00','0.00','','NOT ALLOTED','D-33, JYOTI BL','31340-FIXED'),(1136,'SATYAM N PATEL','JF',111110029015,'Dena Bank',31340,'0','0','0','0','0','0','0','0','0','0','0','0','700','BDVPF 3460J','140','200','0.00','0.00',0,0,0.00,'',0,'','',0,'0.00','2056.0','','','','15000-FIX'),(1137,'SD DIVAKAR','AL',111110001721,'Dena Bank',68000,'0','','0','0','0','0','4868','240','0','0','300','800','4500','ABCPD8187E','0','200','60.0','140.0',0,25000,0.00,'',0,'','1661154(32/50)',4000,'0.00','0.00','0','MED/GUJ/26413','','44900-142400'),(1138,'SHAILESH B SOLANKI','SWE',111110004104,'Dena Bank',25600,'0','3280','1640','0','0','0','0','150','44','0','300','0','0','APPLIED FOR','80','200','15.0','35.00',3000,0,0.00,'',500,'6/10','',0,'4685','0.00','','M/DAT/GUJ/11873','A-9, NEW CIVIL CAMPUS','15000-47600'),(1139,'SHANKARBHAI D CHAUDHARI','LT',111110003401,'Dena Bank',55200,'0','0','0','0','50','0','4276','240','0','0','300','800','500','ABFPC2745L','0','200','30.0','70.00',0,6000,0.00,'',0,'','',0,'200.00','0.00','','MED/GUJ/08962','','35400-112400'),(1140,'SHANTI D SOLANKI','SWE',111110002915,'Dena Bank',27600,'0','3410','1705','0','0','0','0','150','48','0','300','0','0','CFUPS7143P','80','200','15.0','35.00',5000,0,0.00,'',500,'6/10','',0,'2993','2611.0','860846901','M/DAT/GUJ/13096','A-4, NEW CIVIL CAMPUS','15700-50000'),(1141,'SHIVAJI F MALI','WAT',111110002861,'Dena Bank',31100,'0','3860','1930','0','','0','2352','150','60','0','300','800','0','AIFPM6528E','0','200','15.0','35.00',0,0,0.00,'',0,'','',0,'2224.0','0.00','','M/DAT/GUJ/09250','A-6,NEW CIVIL CAMPUS','15700-50000'),(1142,'SHWETA J PATEL','LT',111110027664,'Dena Bank',31340,'0','','','','0','0','','','','','','','0','BDGPP 1581B','','200','','',0,0,0.00,'',0,'','',0,'','','','','','31340FIX'),(1143,'SMTPARVATI N PATEL','OS',111110002190,'Dena Bank',52000,'0','0','0','0','0','0','4002','240','0','0','300','800','1000','AEDPP1004J','0','200','60.0','140.0',0,10000,0.00,'',0,'','',0,'0.00','0.00','','MED/GUJ/26164','','39900-126600'),(1144,'SUBHASH C SOLANKI','SWE',111110004034,'Dena Bank',28400,'0','0','0','0','0','60','2208','150','60','0','300','800','0','ASYPS3582K','0','200','15.0','35.00',3000,0,0.00,'',500,'6/10','',0,'3841','0.00','864158928','M/DAT/GUJ/13811','','15700-50000'),(1145,'SUKHDEV C SONI','JRC',111110005018,'Dena Bank',55200,'0','0','0','0','0','100','4214','240','0','0','300','800','2250','AGSPS1920R','0','200','30.0','70.00',0,25000,0.00,'',0,'','',0,'0.00','0.00','','PW/GUJ/38502','','35400-112400'),(1146,'SULTAN M LAKHANI','L/A',111110026160,'Dena Bank',19900,'','','19900','','0','0','0','95','','','300','0','','','C','30.00','0','0',0,0,0.00,'',0,'','',0,'','','','','',''),(1147,'SUMAN R HALPATI','LAT',111110002257,'Dena Bank',26400,'0','3280','1640','0','0','0','0','150','60','0','300','0','0','ABEPH3744F','0','200','15.0','35.00',5500,0,0.00,'',500,'6/10','',0,'200','1503.0','','M/DAT/GUJ/14451','A-1,NEW CIVIL CAMPUS','15000-47600'),(1148,'SURENDRASINH P SOLANKI','LT',111110002225,'Dena Bank',42800,'0','0','0','0','50','0','3296','240','0','0','300','800','600','AGSPS2114F','0','200','30.0','70.00',0,10000,0.00,'',0,'','',0,'7328.0','0.00','','MED/GUJ/36075','','29200-92300'),(1149,'THAKOR B PATEL','WAT',111110003992,'Dena Bank',28400,'0','3540','1770','0','0','60','2180','150','60','0','300','800','0','BAVPP0506L','0','200','15.0','35.00',5000,0,0.00,'',500,'6/10','1661092(19/60)',1985,'5610.0','292.00','861969701','M/DAT/GUJ/12336','','15700-50000'),(1150,'TRUPTI C PATEL','LT',111110027641,'Dena Bank',31340,'0','','','','0','0','','','','','','','100','BKIPG 9051L','','200','','',0,0,0.00,'',0,'','',0,'','','','','','31340FIX'),(1151,'UDAY L SOLANKI','SWE',111110004080,'Dena Bank',27200,'0','3410','1705','0','0','0','2056','150','44','0','300','800','0','CGUPS4907C','0','200','15.0','35.00',3000,0,0.00,'',500,'6/10','',0,'4105.0','0.00','0','M/DAT/GUJ/12563','','15000-47600'),(1152,'UDAY S MISHRA','CL4',111110005087,'Dena Bank',17700,'0','','17700','','0','0','3540','95','60','0','300','800','0','0','D','15.00','0','0',0,0,0.00,'',500,'6/10','',0,'0.00','0','','CPF A/c2011140746600006','',''),(1153,'URMILA B GAMIT','SRC',111110002031,'Dena Bank',39800,'0','0','0','0','0','75','3046','240','0','0','300','800','120','ABNPG7849K','0','200','30.0','70.00',0,12000,5000.00,'',0,'','1660922(25/43)',3500,'200.00','0.00','','MED/GUJ/26515','','25500-81100'),(1154,'URMILA M VASAVA','JRC',111110025148,'Dena Bank',21100,'1900','','23000','','','','0','150','','','300','0','0','0','C','30.00','0','0',0,0,0.00,'',0,'','',0,'','','','','',''),(1155,'URMISH J DHARANI','HC',111110003778,'Dena Bank',41100,'0','0','0','0','0','0','3148','240','0','0','300','800','0','ADTPD 0476B','0','200','30.0','70.00',0,20000,0.00,'',0,'','',0,'0','0.00','','MED/GUJ/26665','','35400-112400'),(1156,'VARSHA M PATEL','LT',111110029474,'Dena Bank',31340,'0','','0','0','0','','0','0','','0','0','0','0','','','200','0.00','0.00',0,0,0.00,'',0,'','',0,'0.00','0.00','','NOT ALLOTED','','31340-FIXED'),(1157,'VIBHA C PATEL','LT',111110029442,'Dena Bank',31340,'0','','','','0','0','','','','','','','0','BBNPP 6365A','','200','','',0,0,0.00,'',0,'','',0,'','','','','','31340FIX'),(1158,'YOGITA K PATEL','LA',9910030862,'Dena Bank',19950,'','','','','0','0','','','','','','','0','','','200','','',0,0,0.00,'',0,'','',0,'0.00','0.00','','','','19950-FIXED'),(1159,'ZINA HIRA PARMAR','SWE',111110004002,'Dena Bank',31100,'0','3790','1895','0','','60','2358','150','24','0','300','800','0','BAVPP0554J','','200','15.0','35.00',0,0,0.00,'',0,'','',0,'0','0.00','','M/DAT/GUJ/10673','','15700-50000');
/*!40000 ALTER TABLE `TABLE 14` ENABLE KEYS */;
UNLOCK TABLES;

--
-- Table structure for table `bill_group`
--

DROP TABLE IF EXISTS `bill_group`;
/*!40101 SET @saved_cs_client     = @@character_set_client */;
/*!40101 SET character_set_client = utf8 */;
CREATE TABLE `bill_group` (
  `bill_group` bigint(11) NOT NULL,
  `date_of_preparation` date NOT NULL,
  `from_date` date NOT NULL,
  `to_date` date NOT NULL,
  `head` varchar(100) NOT NULL,
  `bill_type` varchar(100) NOT NULL,
  `remark` varchar(100) NOT NULL,
  PRIMARY KEY (`bill_group`)
) ENGINE=InnoDB DEFAULT CHARSET=latin1;
/*!40101 SET character_set_client = @saved_cs_client */;

--
-- Dumping data for table `bill_group`
--

LOCK TABLES `bill_group` WRITE;
/*!40000 ALTER TABLE `bill_group` DISABLE KEYS */;
INSERT INTO `bill_group` VALUES (5,'2017-05-03','2017-05-01','2017-05-31','2210-Medical','Pay Bill',''),(6,'2017-05-04','2017-05-01','2017-05-31','2210-Medical','Pay Bill',''),(9,'2017-05-03','2017-05-01','2017-05-31','2210-Medical','Pay Bill',''),(10,'2017-05-03','2017-05-01','2017-05-31','2210-Medical','Pay Bill',''),(11,'2017-05-03','2017-05-01','2017-05-31','2210-Medical','Pay Bill',''),(34170401,'2017-04-01','2017-04-01','2017-04-30','','Salary Bill','April 2017'),(34170501,'2017-05-02','2017-05-01','2017-05-31','2210-Medical','Pay Bill','May 2017');
/*!40000 ALTER TABLE `bill_group` ENABLE KEYS */;
UNLOCK TABLES;

--
-- Table structure for table `bill_type`
--

DROP TABLE IF EXISTS `bill_type`;
/*!40101 SET @saved_cs_client     = @@character_set_client */;
/*!40101 SET character_set_client = utf8 */;
CREATE TABLE `bill_type` (
  `bill_type` varchar(100) NOT NULL,
  PRIMARY KEY (`bill_type`)
) ENGINE=InnoDB DEFAULT CHARSET=latin1;
/*!40101 SET character_set_client = @saved_cs_client */;

--
-- Dumping data for table `bill_type`
--

LOCK TABLES `bill_type` WRITE;
/*!40000 ALTER TABLE `bill_type` DISABLE KEYS */;
INSERT INTO `bill_type` VALUES (''),('Arrears Bill'),('Pay Bill'),('Supplimentary bill');
/*!40000 ALTER TABLE `bill_type` ENABLE KEYS */;
UNLOCK TABLES;

--
-- Table structure for table `department`
--

DROP TABLE IF EXISTS `department`;
/*!40101 SET @saved_cs_client     = @@character_set_client */;
/*!40101 SET character_set_client = utf8 */;
CREATE TABLE `department` (
  `department` varchar(200) NOT NULL,
  PRIMARY KEY (`department`)
) ENGINE=InnoDB DEFAULT CHARSET=utf8;
/*!40101 SET character_set_client = @saved_cs_client */;

--
-- Dumping data for table `department`
--

LOCK TABLES `department` WRITE;
/*!40000 ALTER TABLE `department` DISABLE KEYS */;
INSERT INTO `department` VALUES (''),('Anatomy'),('Anesthesiology'),('Biochemistry'),('Burns and Plastic Surgery'),('Cardiology'),('Community Medicine'),('Dentistry'),('Emergency Medicine'),('ENT'),('ENT-NPPCD'),('Forensic Medicine'),('General surgery'),('IHBT'),('Medicine'),('Microbiology'),('Neurology'),('Neurosurgery'),('Obstetrics and Gynacology(NTMO)'),('Obstetrics and Gynecology'),('Obstetrics and Gynecology(MCHO)'),('Office of The Dean'),('Opthalmology'),('Orthopedics'),('Paediatrics'),('Pathology'),('Pharmacology'),('Physiology'),('Psychiatry'),('Radiology'),('Respiratory Medicine'),('Skin and VD');
/*!40000 ALTER TABLE `department` ENABLE KEYS */;
UNLOCK TABLES;

--
-- Table structure for table `map`
--

DROP TABLE IF EXISTS `map`;
/*!40101 SET @saved_cs_client     = @@character_set_client */;
/*!40101 SET character_set_client = utf8 */;
CREATE TABLE `map` (
  `id` int(2) NOT NULL DEFAULT '0',
  `type` varchar(2) NOT NULL DEFAULT '',
  `type_name` varchar(32) DEFAULT NULL,
  `field` varchar(36) DEFAULT NULL,
  PRIMARY KEY (`id`,`type`)
) ENGINE=InnoDB DEFAULT CHARSET=utf8;
/*!40101 SET character_set_client = @saved_cs_client */;

--
-- Dumping data for table `map`
--

LOCK TABLES `map` WRITE;
/*!40000 ALTER TABLE `map` DISABLE KEYS */;
INSERT INTO `map` VALUES (1,'ns','bill_number','bill_number'),(1,'s','Pay of Officer','Pay_of_Officer_0101(+)'),(2,'ns','department','department'),(2,'s','Grade Pay of Officer ','Grade_Pay_of_Officer_0101(+)'),(3,'ns','post','post'),(3,'s','Pay of Establishment','Pay_of_Establishment_0102(+)'),(4,'ns','bank','bank'),(4,'s','Grade Pay of Establishment ','Grade_Pay_of_Establishment_0102(+)'),(5,'ns','bank account number','bank_acc_number'),(5,'s','NPA','NPA_0128(+)'),(6,'ns','GPF account number','gpf_acc'),(6,'s','Leave Salary Encash ','Leave_Salary_Encash_0109(+)'),(7,'ns','CPF account number','cpf_acc'),(7,'s','Dearness Allowance ','Dearness_Allowance_0103(+)'),(8,'ns','PAN','pan'),(8,'s','Compansatory Local Allowance ','Compansatory_Local_Allowance_0111(+)'),(9,'ns','Quarter','quarter'),(9,'s','House Rent Allowance ','House_Rent_Allowance_0110(+)'),(10,'ns','Pay Scale','pay_scale'),(10,'s','Medical Allowance ','Medical_Allowance_0107(+)'),(11,'ns','Old Pay Scale','old_pay_scale'),(11,'s','Book Allowance ','BA_0104(+)'),(12,'s','Transport Allowance ','Transport_Allowance_0113(+)'),(13,'s','Interim Relief ','Interim_Relief_0112(+)'),(14,'s','Washing Allowance ','Washing_Allowance_0132(+)'),(15,'s','Uniform Allowance ','Uniform_Allowance_0131(+)'),(16,'s','Nursing Allownace ','Nursing_Allownace_0129(+)'),(17,'s','Special Post Allowance','Special_Post_Allow_0104(+)'),(18,'s','Family Welfare Allowance ','Family_Welfare_Allow_0104(+)'),(19,'s','Ceiling Extra ','Ceiling_Extra_0104(+)'),(20,'s','Income Tax','Income_Tax_9510(-)'),(21,'s','Rent of Building ','Rent_of_Building_9560(-)'),(22,'s','Professional Tax ','Professional_Tax_9570(-)'),(23,'s','SIS I/F','SIS_I_9581(-)'),(24,'s','SIS S/F','SIS_S_9582(-)'),(25,'s','GPF non IV ','GPF_non_IV_9670(-)'),(26,'s','GPF IV','GPF_IV_9531(-)'),(27,'s','CPF','CPF_9690(-)'),(28,'s','Recovery of Pay of Officer','Pay_of_Officer_0101(-)'),(29,'s','Recovery of Pay of Establishment','Pay_of_Establishment_0102(-)'),(30,'s','Festival Advance Recovery','Festival_A_5701(-)'),(31,'s','Food Grains Advance Recovery','Food_Grains_A_5801(-)'),(32,'s','Car Advance Recovery','Car_A_9741(-)'),(33,'s','HBA Recovery','HBA_9591(-)'),(34,'s','Festival Advance',''),(35,'s','Food Grains Advance',''),(36,'s','Car Advance',''),(37,'s','HBA',''),(38,'s','GPF  Advance non IV ',''),(39,'s','GPF  Advance Recovery non IV ','');
/*!40000 ALTER TABLE `map` ENABLE KEYS */;
UNLOCK TABLES;

--
-- Table structure for table `nonsalary`
--

DROP TABLE IF EXISTS `nonsalary`;
/*!40101 SET @saved_cs_client     = @@character_set_client */;
/*!40101 SET character_set_client = utf8 */;
CREATE TABLE `nonsalary` (
  `staff_id` bigint(20) NOT NULL,
  `bill_group` bigint(11) NOT NULL,
  `nonsalary_type_id` int(11) NOT NULL,
  `data` varchar(100) NOT NULL,
  `remark` varchar(100) NOT NULL,
  PRIMARY KEY (`staff_id`,`bill_group`,`nonsalary_type_id`),
  KEY `bill_group` (`bill_group`),
  KEY `salary_type_id` (`nonsalary_type_id`)
) ENGINE=InnoDB DEFAULT CHARSET=latin1;
/*!40101 SET character_set_client = @saved_cs_client */;

--
-- Dumping data for table `nonsalary`
--

LOCK TABLES `nonsalary` WRITE;
/*!40000 ALTER TABLE `nonsalary` DISABLE KEYS */;
INSERT INTO `nonsalary` VALUES (1001,34170401,1,'6',''),(1001,34170401,3,'WAT',''),(1001,34170401,4,'Dena Bank',''),(1001,34170401,5,'111110002232',''),(1001,34170401,6,'M/DAT/GUJ/09959',''),(1001,34170401,8,'CFUPS6777M',''),(1001,34170401,9,'',''),(1001,34170401,10,'15700-50000',''),(1001,34170401,11,'3860',''),(1001,34170501,1,'6',''),(1001,34170501,3,'WAT',''),(1001,34170501,4,'Dena Bank',''),(1001,34170501,5,'111110002232',''),(1001,34170501,6,'M/DAT/GUJ/09959',''),(1001,34170501,8,'CFUPS6777M',''),(1001,34170501,9,'',''),(1001,34170501,10,'15700-50000',''),(1001,34170501,11,'3860',''),(1002,34170401,1,'9',''),(1002,34170401,3,'LA',''),(1002,34170401,4,'Dena Bank',''),(1002,34170401,5,'111110028306',''),(1002,34170401,6,'',''),(1002,34170401,8,'',''),(1002,34170401,9,'',''),(1002,34170401,10,'19950-FIXED',''),(1002,34170401,11,'0',''),(1002,34170501,1,'9',''),(1002,34170501,3,'LA',''),(1002,34170501,4,'Dena Bank',''),(1002,34170501,5,'111110028306',''),(1002,34170501,6,'',''),(1002,34170501,8,'BLQPP 4337M',''),(1002,34170501,9,'',''),(1002,34170501,10,'19950-FIXED',''),(1002,34170501,11,'0',''),(1003,34170401,1,'3',''),(1003,34170401,3,'HC',''),(1003,34170401,4,'Dena Bank',''),(1003,34170401,5,'111110003963',''),(1003,34170401,6,'MED/GUJ/26547',''),(1003,34170401,8,'ABEPR9118F',''),(1003,34170401,9,'',''),(1003,34170401,10,'35400-112400',''),(1003,34170401,11,'',''),(1003,34170501,1,'3',''),(1003,34170501,3,'HC',''),(1003,34170501,4,'Dena Bank',''),(1003,34170501,5,'111110003963',''),(1003,34170501,6,'MED/GUJ/26547',''),(1003,34170501,8,'ABEPR9118F',''),(1003,34170501,9,'',''),(1003,34170501,10,'35400-112400',''),(1003,34170501,11,'',''),(1004,34170401,1,'9',''),(1004,34170401,3,'LA',''),(1004,34170401,4,'Dena Bank',''),(1004,34170401,5,'111110035316',''),(1004,34170401,6,'',''),(1004,34170401,8,'',''),(1004,34170401,9,'',''),(1004,34170401,10,'19950-FIXED',''),(1004,34170401,11,'',''),(1004,34170501,1,'9',''),(1004,34170501,3,'LA',''),(1004,34170501,4,'Dena Bank',''),(1004,34170501,5,'111110035316',''),(1004,34170501,6,'',''),(1004,34170501,8,'',''),(1004,34170501,9,'',''),(1004,34170501,10,'19950-FIXED',''),(1004,34170501,11,'',''),(1005,34170401,1,'3',''),(1005,34170401,3,'WAT',''),(1005,34170401,4,'Dena Bank',''),(1005,34170401,5,'111110003956',''),(1005,34170401,6,'M/DAT/GUJ/12343',''),(1005,34170401,8,'AWJPA8120A',''),(1005,34170401,9,'',''),(1005,34170401,10,'15700-50000',''),(1005,34170401,11,'3790',''),(1005,34170501,1,'3',''),(1005,34170501,3,'WAT',''),(1005,34170501,4,'Dena Bank',''),(1005,34170501,5,'111110003956',''),(1005,34170501,6,'M/DAT/GUJ/12343',''),(1005,34170501,8,'AWJPA8120A',''),(1005,34170501,9,'',''),(1005,34170501,10,'15700-50000',''),(1005,34170501,11,'3790',''),(1006,34170401,1,'10',''),(1006,34170401,3,'LT',''),(1006,34170401,4,'Dena Bank',''),(1006,34170401,5,'111110027638',''),(1006,34170401,6,'',''),(1006,34170401,8,'BDOPC 9029H',''),(1006,34170401,9,'',''),(1006,34170401,10,'31340FIX',''),(1006,34170401,11,'',''),(1006,34170501,1,'10',''),(1006,34170501,3,'LT',''),(1006,34170501,4,'Dena Bank',''),(1006,34170501,5,'111110027638',''),(1006,34170501,6,'',''),(1006,34170501,8,'BDOPC 9029H',''),(1006,34170501,9,'',''),(1006,34170501,10,'31340FIX',''),(1006,34170501,11,'',''),(1007,34170401,1,'',''),(1007,34170401,3,'JRC',''),(1007,34170401,4,'Dena Bank',''),(1007,34170401,5,'111110024986',''),(1007,34170401,6,'',''),(1007,34170401,8,'0',''),(1007,34170401,9,'',''),(1007,34170401,10,'CPF A/C2015140746600021',''),(1007,34170401,11,'',''),(1007,34170501,1,'8',''),(1007,34170501,3,'JRC',''),(1007,34170501,4,'Dena Bank',''),(1007,34170501,5,'111110024986',''),(1007,34170501,6,'',''),(1007,34170501,7,'2015140746600021',''),(1007,34170501,8,'0',''),(1007,34170501,9,'',''),(1007,34170501,10,'19900-63200',''),(1007,34170501,11,'',''),(1008,34170401,1,'6',''),(1008,34170401,3,'SWE',''),(1008,34170401,4,'Dena Bank',''),(1008,34170401,5,'111110004098',''),(1008,34170401,6,'M/DAT/GUJ/12254',''),(1008,34170401,8,'CFUPS6770N',''),(1008,34170401,9,'',''),(1008,34170401,10,'15700-50000',''),(1008,34170401,11,'3720',''),(1008,34170501,1,'6',''),(1008,34170501,3,'SWE',''),(1008,34170501,4,'Dena Bank',''),(1008,34170501,5,'111110004098',''),(1008,34170501,6,'M/DAT/GUJ/12254',''),(1008,34170501,8,'CFUPS 6770N',''),(1008,34170501,9,'',''),(1008,34170501,10,'15700-50000',''),(1008,34170501,11,'3720',''),(1009,34170401,1,'5',''),(1009,34170401,3,'PHN',''),(1009,34170401,4,'Dena Bank',''),(1009,34170401,5,'111110001723',''),(1009,34170401,6,'MED/GUJ/26483',''),(1009,34170401,8,'AHHPS2367N',''),(1009,34170401,9,'',''),(1009,34170401,10,'39900-126600',''),(1009,34170401,11,'0',''),(1009,34170501,1,'5',''),(1009,34170501,2,'Community Medicine',''),(1009,34170501,3,'PHN',''),(1009,34170501,4,'Dena Bank',''),(1009,34170501,5,'111110001723',''),(1009,34170501,6,'MED/GUJ/26483',''),(1009,34170501,8,'AHHPS2367N',''),(1009,34170501,9,'',''),(1009,34170501,10,'39900-126600',''),(1009,34170501,11,'0',''),(1010,34170401,1,'7',''),(1010,34170401,3,'HC',''),(1010,34170401,4,'Dena Bank',''),(1010,34170401,5,'111110004082',''),(1010,34170401,6,'MED/GUJ/32155',''),(1010,34170401,8,'AIBPP 0174D',''),(1010,34170401,9,'',''),(1010,34170401,10,'35400-112400',''),(1010,34170401,11,'0',''),(1010,34170501,1,'7',''),(1010,34170501,3,'HC',''),(1010,34170501,4,'Dena Bank',''),(1010,34170501,5,'111110004082',''),(1010,34170501,6,'MED/GUJ/32155',''),(1010,34170501,8,'AIBPP 0174D',''),(1010,34170501,9,'',''),(1010,34170501,10,'35400-112400',''),(1010,34170501,11,'0',''),(1011,34170401,1,'6',''),(1011,34170401,3,'SWE',''),(1011,34170401,4,'Dena Bank',''),(1011,34170401,5,'111110003194',''),(1011,34170401,6,'M/DAT/GUJ/12511',''),(1011,34170401,8,'ASUPS5051K',''),(1011,34170401,9,'E-5, NEW CIVIL CAMPUS',''),(1011,34170401,10,'15700-50000',''),(1011,34170401,11,'3475',''),(1011,34170501,1,'6',''),(1011,34170501,3,'SWE',''),(1011,34170501,4,'Dena Bank',''),(1011,34170501,5,'111110003194',''),(1011,34170501,6,'M/DAT/GUJ/12511',''),(1011,34170501,8,'ASUPS 5051K',''),(1011,34170501,9,'E-5, NEW CIVIL CAMPUS',''),(1011,34170501,10,'15700-50000',''),(1011,34170501,11,'3475',''),(1012,34170401,1,'6',''),(1012,34170401,3,'WAT',''),(1012,34170401,4,'Dena Bank',''),(1012,34170401,5,'111110003981',''),(1012,34170401,6,'M/DAT/GUJ/12372',''),(1012,34170401,8,'AGSPB2276R',''),(1012,34170401,9,'',''),(1012,34170401,10,'15700-50000',''),(1012,34170401,11,'3475',''),(1012,34170501,1,'6',''),(1012,34170501,3,'WAT',''),(1012,34170501,4,'Dena Bank',''),(1012,34170501,5,'111110003981',''),(1012,34170501,6,'M/DAT/GUJ/12372',''),(1012,34170501,8,'AGSPB2276R',''),(1012,34170501,9,'',''),(1012,34170501,10,'15700-50000',''),(1012,34170501,11,'3475',''),(1013,34170401,1,'6',''),(1013,34170401,3,'SWE',''),(1013,34170401,4,'Dena Bank',''),(1013,34170401,5,'111110004095',''),(1013,34170401,6,'M/DAT/GUJ/13701',''),(1013,34170401,8,'APPLIED FOR',''),(1013,34170401,9,'',''),(1013,34170401,10,'15000-47600',''),(1013,34170401,11,'3410',''),(1013,34170501,1,'6',''),(1013,34170501,3,'SWE',''),(1013,34170501,4,'Dena Bank',''),(1013,34170501,5,'111110004095',''),(1013,34170501,6,'M/DAT/GUJ/13701',''),(1013,34170501,8,'APPLIED FOR',''),(1013,34170501,9,'',''),(1013,34170501,10,'15000-47600',''),(1013,34170501,11,'3410',''),(1014,34170401,1,'',''),(1014,34170401,3,'JRC',''),(1014,34170401,4,'Dena Bank',''),(1014,34170401,5,'111110024391',''),(1014,34170401,6,'CPF A/C2015140746600025',''),(1014,34170401,8,'0',''),(1014,34170401,9,'',''),(1014,34170401,10,'CPF A/C2015140746600025',''),(1014,34170401,11,'',''),(1014,34170501,1,'8',''),(1014,34170501,3,'JRC',''),(1014,34170501,4,'Dena Bank',''),(1014,34170501,5,'111110024391',''),(1014,34170501,6,'CPF A/C2015140746600025',''),(1014,34170501,7,'2015140746600025',''),(1014,34170501,8,'0',''),(1014,34170501,9,'D-16,,GOVT. MEDICAL COLLEGE,SURAT',''),(1014,34170501,10,'CPF A/C2015140746600025',''),(1014,34170501,11,'',''),(1015,34170401,1,'10',''),(1015,34170401,3,'LT',''),(1015,34170401,4,'Dena Bank',''),(1015,34170401,5,'111110027640',''),(1015,34170401,6,'',''),(1015,34170401,8,'BOOPS 9424P',''),(1015,34170401,9,'',''),(1015,34170401,10,'31340FIX',''),(1015,34170401,11,'',''),(1015,34170501,1,'10',''),(1015,34170501,2,'IHBT',''),(1015,34170501,3,'LT',''),(1015,34170501,4,'Dena Bank',''),(1015,34170501,5,'111110027640',''),(1015,34170501,6,'',''),(1015,34170501,8,'BOOPS 9424P',''),(1015,34170501,9,'',''),(1015,34170501,10,'31340FIX',''),(1015,34170501,11,'',''),(1016,34170401,1,'10',''),(1016,34170401,3,'LT',''),(1016,34170401,4,'Dena Bank',''),(1016,34170401,5,'111110027650',''),(1016,34170401,6,'',''),(1016,34170401,8,'COZPP 1961C',''),(1016,34170401,9,'',''),(1016,34170401,10,'31340FIX',''),(1016,34170401,11,'',''),(1016,34170501,1,'10',''),(1016,34170501,3,'LT',''),(1016,34170501,4,'Dena Bank',''),(1016,34170501,5,'111110027650',''),(1016,34170501,6,'',''),(1016,34170501,8,'COZPP 1961C',''),(1016,34170501,9,'',''),(1016,34170501,10,'31340FIX',''),(1016,34170501,11,'',''),(1017,34170401,1,'5',''),(1017,34170401,3,'LT',''),(1017,34170401,4,'Dena Bank',''),(1017,34170401,5,'111110002083',''),(1017,34170401,6,'MED/GUJ/26577',''),(1017,34170401,8,'ABUPG4613Q',''),(1017,34170401,9,'B-9,NEW CIVIL CAMPUS',''),(1017,34170401,10,'29200-92300',''),(1017,34170401,11,'0',''),(1017,34170501,1,'5',''),(1017,34170501,2,'Pathology',''),(1017,34170501,3,'LT',''),(1017,34170501,4,'Dena Bank',''),(1017,34170501,5,'111110002083',''),(1017,34170501,6,'MED/GUJ/26577',''),(1017,34170501,8,'ABUPG4613Q',''),(1017,34170501,9,'B-9,NEW CIVIL CAMPUS',''),(1017,34170501,10,'29200-92300',''),(1017,34170501,11,'0',''),(1018,34170401,1,'6',''),(1018,34170401,3,'SWE',''),(1018,34170401,4,'Dena Bank',''),(1018,34170401,5,'111110002506',''),(1018,34170401,6,'M/DAT/GUJ/13515',''),(1018,34170401,8,'ASUPS5901Q',''),(1018,34170401,9,'',''),(1018,34170401,10,'15700-50000',''),(1018,34170401,11,'3475',''),(1018,34170501,1,'6',''),(1018,34170501,2,'Anatomy',''),(1018,34170501,3,'SWE',''),(1018,34170501,4,'Dena Bank',''),(1018,34170501,5,'111110002506',''),(1018,34170501,6,'M/DAT/GUJ/13515',''),(1018,34170501,8,'ASUPS5901Q',''),(1018,34170501,9,'',''),(1018,34170501,10,'15700-50000',''),(1018,34170501,11,'3475',''),(1019,34170401,1,'3',''),(1019,34170401,3,'SWE',''),(1019,34170401,4,'Dena Bank',''),(1019,34170401,5,'111110002242',''),(1019,34170401,6,'M/DAT/GUJ/13630',''),(1019,34170401,8,'ANMPC5682P',''),(1019,34170401,9,'',''),(1019,34170401,10,'15000-47600',''),(1019,34170401,11,'3475',''),(1019,34170501,1,'3',''),(1019,34170501,3,'SWE',''),(1019,34170501,4,'Dena Bank',''),(1019,34170501,5,'111110002242',''),(1019,34170501,6,'M/DAT/GUJ/13630',''),(1019,34170501,8,'ANMPC5682P',''),(1019,34170501,9,'',''),(1019,34170501,10,'15000-47600',''),(1019,34170501,11,'3475',''),(1020,34170401,1,'6',''),(1020,34170401,3,'WAT',''),(1020,34170401,4,'Dena Bank',''),(1020,34170401,5,'111110003397',''),(1020,34170401,6,'M/DAT/GUJ/12434',''),(1020,34170401,8,'APPLIED FOR',''),(1020,34170401,9,'A-12,NEW CIVIL CAMPUS',''),(1020,34170401,10,'15700-50000',''),(1020,34170401,11,'3540',''),(1020,34170501,1,'6',''),(1020,34170501,3,'WAT',''),(1020,34170501,4,'Dena Bank',''),(1020,34170501,5,'111110003397',''),(1020,34170501,6,'M/DAT/GUJ/12434',''),(1020,34170501,8,'APPLIED FOR',''),(1020,34170501,9,'A-12,NEW CIVIL CAMPUS',''),(1020,34170501,10,'15700-50000',''),(1020,34170501,11,'3540',''),(1021,34170401,1,'3',''),(1021,34170401,3,'WAT',''),(1021,34170401,4,'Dena Bank',''),(1021,34170401,5,'111110001647',''),(1021,34170401,6,'M/DAT/GUJ/09390',''),(1021,34170401,8,'AJCPP6693H',''),(1021,34170401,9,'A-5,NEW CIVIL CAMPUS',''),(1021,34170401,10,'15700-50000',''),(1021,34170401,11,'3860',''),(1021,34170501,1,'3',''),(1021,34170501,3,'WAT',''),(1021,34170501,4,'Dena Bank',''),(1021,34170501,5,'111110001647',''),(1021,34170501,6,'M/DAT/GUJ/09390',''),(1021,34170501,8,'AJCPP6693H',''),(1021,34170501,9,'A-5,NEW CIVIL CAMPUS',''),(1021,34170501,10,'15700-50000',''),(1021,34170501,11,'3860',''),(1022,34170401,1,'7',''),(1022,34170401,3,'SO',''),(1022,34170401,4,'Dena Bank',''),(1022,34170401,5,'111110004289',''),(1022,34170401,6,'PH/GUJ/15550',''),(1022,34170401,8,'AHPPS 3493M',''),(1022,34170401,9,'',''),(1022,34170401,10,'44900-142400',''),(1022,34170401,11,'0',''),(1022,34170501,1,'7',''),(1022,34170501,2,'Opthalmology',''),(1022,34170501,3,'SO',''),(1022,34170501,4,'Dena Bank',''),(1022,34170501,5,'111110004289',''),(1022,34170501,6,'PH/GUJ/15550',''),(1022,34170501,8,'AHPPS 3493M',''),(1022,34170501,9,'',''),(1022,34170501,10,'44900-142400',''),(1022,34170501,11,'0',''),(1023,34170401,1,'5',''),(1023,34170401,3,'LT',''),(1023,34170401,4,'Dena Bank',''),(1023,34170401,5,'111110002234',''),(1023,34170401,6,'PH/GUJ/23766',''),(1023,34170401,8,'ABWPD3309G',''),(1023,34170401,9,'',''),(1023,34170401,10,'39900-126600',''),(1023,34170401,11,'0',''),(1023,34170501,1,'5',''),(1023,34170501,3,'LT',''),(1023,34170501,4,'Dena Bank',''),(1023,34170501,5,'111110002234',''),(1023,34170501,6,'PH/GUJ/23766',''),(1023,34170501,8,'ABWPD3309G',''),(1023,34170501,9,'',''),(1023,34170501,10,'39900-126600',''),(1023,34170501,11,'0',''),(1024,34170401,1,'3',''),(1024,34170401,3,'WAT',''),(1024,34170401,4,'Dena Bank',''),(1024,34170401,5,'111110002358',''),(1024,34170401,6,'M/DAT/GUJ/12333',''),(1024,34170401,8,'BBAPP5404K',''),(1024,34170401,9,'',''),(1024,34170401,10,'15700-50000',''),(1024,34170401,11,'3540',''),(1024,34170501,1,'3',''),(1024,34170501,3,'WAT',''),(1024,34170501,4,'Dena Bank',''),(1024,34170501,5,'111110002358',''),(1024,34170501,6,'M/DAT/GUJ/12333',''),(1024,34170501,8,'BBAPP5404K',''),(1024,34170501,9,'',''),(1024,34170501,10,'15700-50000',''),(1024,34170501,11,'3540',''),(1025,34170401,1,'7',''),(1025,34170401,3,'HC',''),(1025,34170401,4,'Dena Bank',''),(1025,34170401,5,'111110001524',''),(1025,34170401,6,'M/DAT/GUJ/10729',''),(1025,34170401,8,'ACPPK 1387D',''),(1025,34170401,9,'',''),(1025,34170401,10,'35400-112400',''),(1025,34170401,11,'0',''),(1025,34170501,1,'7',''),(1025,34170501,3,'HC',''),(1025,34170501,4,'Dena Bank',''),(1025,34170501,5,'111110001524',''),(1025,34170501,6,'M/DAT/GUJ/10729',''),(1025,34170501,8,'ACPPK 1387D',''),(1025,34170501,9,'',''),(1025,34170501,10,'35400-112400',''),(1025,34170501,11,'0',''),(1026,34170401,1,'5',''),(1026,34170401,3,'SRC',''),(1026,34170401,4,'Dena Bank',''),(1026,34170401,5,'111110001682',''),(1026,34170401,6,'MED/GUJ/26609',''),(1026,34170401,8,'AGRPB2923L',''),(1026,34170401,9,'',''),(1026,34170401,10,'25500-81100',''),(1026,34170401,11,'0',''),(1026,34170501,1,'5',''),(1026,34170501,3,'SRC',''),(1026,34170501,4,'Dena Bank',''),(1026,34170501,5,'111110001682',''),(1026,34170501,6,'MED/GUJ/26609',''),(1026,34170501,8,'AGRPB2923L',''),(1026,34170501,9,'',''),(1026,34170501,10,'25500-81100',''),(1026,34170501,11,'0',''),(1027,34170401,1,'7',''),(1027,34170401,3,'LT',''),(1027,34170401,4,'Dena Bank',''),(1027,34170401,5,'111110001368',''),(1027,34170401,6,'MED/GUJ/26151',''),(1027,34170401,8,'AFRPB 3806M',''),(1027,34170401,9,'D-5 NEW CIVIL CAMPUS',''),(1027,34170401,10,'29200-92300',''),(1027,34170401,11,'0',''),(1027,34170501,1,'7',''),(1027,34170501,2,'Anatomy',''),(1027,34170501,3,'LT',''),(1027,34170501,4,'Dena Bank',''),(1027,34170501,5,'111110001368',''),(1027,34170501,6,'MED/GUJ/26151',''),(1027,34170501,8,'AFRPB 3806M',''),(1027,34170501,9,'D-5 NEW CIVIL CAMPUS',''),(1027,34170501,10,'29200-92300',''),(1027,34170501,11,'0',''),(1028,34170401,1,'5',''),(1028,34170401,3,'HC',''),(1028,34170401,4,'Dena Bank',''),(1028,34170401,5,'111110003794',''),(1028,34170401,6,'MED/GUJ/36076',''),(1028,34170401,8,'AEEPJ2398Q',''),(1028,34170401,9,'',''),(1028,34170401,10,'35400-112400',''),(1028,34170401,11,'0',''),(1028,34170501,1,'5',''),(1028,34170501,3,'HC',''),(1028,34170501,4,'Dena Bank',''),(1028,34170501,5,'111110003794',''),(1028,34170501,6,'MED/GUJ/36076',''),(1028,34170501,8,'AEEPJ2398Q',''),(1028,34170501,9,'',''),(1028,34170501,10,'35400-112400',''),(1028,34170501,11,'0',''),(1029,34170401,1,'',''),(1029,34170401,3,'JRC',''),(1029,34170401,4,'Dena Bank',''),(1029,34170401,5,'111110024347',''),(1029,34170401,6,'',''),(1029,34170401,8,'0',''),(1029,34170401,9,'',''),(1029,34170401,10,'CPF A/C2015140746600020',''),(1029,34170401,11,'',''),(1029,34170501,1,'8',''),(1029,34170501,3,'JRC',''),(1029,34170501,4,'Dena Bank',''),(1029,34170501,5,'111110024347',''),(1029,34170501,6,'',''),(1029,34170501,7,'2015140746600020',''),(1029,34170501,8,'ABPPU 8717L',''),(1029,34170501,9,'',''),(1029,34170501,10,'19900-63200',''),(1029,34170501,11,'',''),(1030,34170401,1,'9',''),(1030,34170401,3,'SI',''),(1030,34170401,4,'Dena Bank',''),(1030,34170401,5,'111110029691',''),(1030,34170401,6,'',''),(1030,34170401,8,'',''),(1030,34170401,9,'',''),(1030,34170401,10,'7800-FIXED',''),(1030,34170401,11,'',''),(1030,34170501,1,'9',''),(1030,34170501,3,'SI',''),(1030,34170501,4,'Dena Bank',''),(1030,34170501,5,'111110029691',''),(1030,34170501,6,'',''),(1030,34170501,8,'',''),(1030,34170501,9,'',''),(1030,34170501,10,'19950-FIXED',''),(1030,34170501,11,'',''),(1031,34170401,1,'6',''),(1031,34170401,3,'SWE',''),(1031,34170401,4,'Dena Bank',''),(1031,34170401,5,'111110001784',''),(1031,34170401,6,'M/DAT/GUJ/12309',''),(1031,34170401,8,'ASVPS8425Q',''),(1031,34170401,9,'E-4,NEW CIVIL CAMPUS',''),(1031,34170401,10,'15700-50000',''),(1031,34170401,11,'3540',''),(1031,34170501,1,'6',''),(1031,34170501,3,'SWE',''),(1031,34170501,4,'Dena Bank',''),(1031,34170501,5,'111110001784',''),(1031,34170501,6,'M/DAT/GUJ/12309',''),(1031,34170501,8,'ASVPS8425Q',''),(1031,34170501,9,'E-4,NEW CIVIL CAMPUS',''),(1031,34170501,10,'15700-50000',''),(1031,34170501,11,'3540',''),(1032,34170401,1,'6',''),(1032,34170401,3,'C/A',''),(1032,34170401,4,'Dena Bank',''),(1032,34170401,5,'111110002734',''),(1032,34170401,6,'M/DAT/GUJ/11874',''),(1032,34170401,8,'AOVPA1378N',''),(1032,34170401,9,'',''),(1032,34170401,10,'15700-50000',''),(1032,34170401,11,'3860',''),(1032,34170501,1,'6',''),(1032,34170501,3,'C/A',''),(1032,34170501,4,'Dena Bank',''),(1032,34170501,5,'111110002734',''),(1032,34170501,6,'M/DAT/GUJ/11874',''),(1032,34170501,8,'AOVPA1378N',''),(1032,34170501,9,'',''),(1032,34170501,10,'15700-50000',''),(1032,34170501,11,'3860',''),(1033,34170401,1,'5',''),(1033,34170401,3,'LT',''),(1033,34170401,4,'Dena Bank',''),(1033,34170401,5,'111110002158',''),(1033,34170401,6,'MED/GUJ/26548',''),(1033,34170401,8,'ABNPC5875F',''),(1033,34170401,9,'',''),(1033,34170401,10,'29200-92300',''),(1033,34170401,11,'0',''),(1033,34170501,1,'5',''),(1033,34170501,2,'Microbiology',''),(1033,34170501,3,'LT',''),(1033,34170501,4,'Dena Bank',''),(1033,34170501,5,'111110002158',''),(1033,34170501,6,'MED/GUJ/26548',''),(1033,34170501,8,'ABNPC5875F',''),(1033,34170501,9,'',''),(1033,34170501,10,'29200-92300',''),(1033,34170501,11,'0',''),(1034,34170401,1,'6',''),(1034,34170401,3,'MLI',''),(1034,34170401,4,'Dena Bank',''),(1034,34170401,5,'111110003406',''),(1034,34170401,6,'M/DAT/GUJ/11865',''),(1034,34170401,8,'',''),(1034,34170401,9,'',''),(1034,34170401,10,'4440-7440',''),(1034,34170401,11,'0',''),(1034,34170501,1,'6',''),(1034,34170501,3,'MLI',''),(1034,34170501,4,'Dena Bank',''),(1034,34170501,5,'111110003406',''),(1034,34170501,6,'M/DAT/GUJ/11865',''),(1034,34170501,8,'',''),(1034,34170501,9,'',''),(1034,34170501,10,'4440-7440',''),(1034,34170501,11,'0',''),(1035,34170401,1,'5',''),(1035,34170401,3,'LA',''),(1035,34170401,4,'Dena Bank',''),(1035,34170401,5,'111110023793',''),(1035,34170401,6,'PH/GUJ/30189',''),(1035,34170401,8,'AAYPC4544K',''),(1035,34170401,9,'',''),(1035,34170401,10,'25500-81100',''),(1035,34170401,11,'0',''),(1035,34170501,1,'5',''),(1035,34170501,3,'LA',''),(1035,34170501,4,'Dena Bank',''),(1035,34170501,5,'111110023793',''),(1035,34170501,6,'PH/GUJ/30189',''),(1035,34170501,8,'AAYPC4544K',''),(1035,34170501,9,'',''),(1035,34170501,10,'25500-81100',''),(1035,34170501,11,'0',''),(1036,34170401,1,'10',''),(1036,34170401,3,'LT',''),(1036,34170401,4,'Dena Bank',''),(1036,34170401,5,'111110027648',''),(1036,34170401,6,'',''),(1036,34170401,8,'AZFPR 6320L',''),(1036,34170401,9,'',''),(1036,34170401,10,'31340FIX',''),(1036,34170401,11,'',''),(1036,34170501,1,'10',''),(1036,34170501,3,'LT',''),(1036,34170501,4,'Dena Bank',''),(1036,34170501,5,'111110027648',''),(1036,34170501,6,'',''),(1036,34170501,8,'AZFPR 6320L',''),(1036,34170501,9,'',''),(1036,34170501,10,'31340FIX',''),(1036,34170501,11,'',''),(1037,34170401,1,'5',''),(1037,34170401,3,'LT',''),(1037,34170401,4,'Dena Bank',''),(1037,34170401,5,'111110003877',''),(1037,34170401,6,'MED/GUJ/26399',''),(1037,34170401,8,'ADPPP8698D',''),(1037,34170401,9,'',''),(1037,34170401,10,'35400-112400',''),(1037,34170401,11,'0',''),(1037,34170501,1,'5',''),(1037,34170501,3,'LT',''),(1037,34170501,4,'Dena Bank',''),(1037,34170501,5,'111110003877',''),(1037,34170501,6,'MED/GUJ/26399',''),(1037,34170501,8,'ADPPP8698D',''),(1037,34170501,9,'',''),(1037,34170501,10,'35400-112400',''),(1037,34170501,11,'0',''),(1038,34170401,1,'3',''),(1038,34170401,3,'SWE',''),(1038,34170401,4,'Dena Bank',''),(1038,34170401,5,'111110002920',''),(1038,34170401,6,'M/DAT/GUJ/13594',''),(1038,34170401,8,'CFUPS7075E',''),(1038,34170401,9,'A-9,NEW CIVIL CAMPUS',''),(1038,34170401,10,'15000-47600',''),(1038,34170401,11,'0',''),(1038,34170501,1,'3',''),(1038,34170501,3,'SWE',''),(1038,34170501,4,'Dena Bank',''),(1038,34170501,5,'111110002920',''),(1038,34170501,6,'M/DAT/GUJ/13594',''),(1038,34170501,8,'CFUPS7075E',''),(1038,34170501,9,'A-9,NEW CIVIL CAMPUS',''),(1038,34170501,10,'15000-47600',''),(1038,34170501,11,'0',''),(1039,34170401,1,'9',''),(1039,34170401,3,'LA',''),(1039,34170401,4,'Dena Bank',''),(1039,34170401,5,'111110004379',''),(1039,34170401,6,'NOT ALLOTED',''),(1039,34170401,8,'',''),(1039,34170401,9,'',''),(1039,34170401,10,'2500-FIXED',''),(1039,34170401,11,'',''),(1039,34170501,1,'9',''),(1039,34170501,3,'LA',''),(1039,34170501,4,'Dena Bank',''),(1039,34170501,5,'111110004379',''),(1039,34170501,6,'NOT ALLOTED',''),(1039,34170501,8,'',''),(1039,34170501,9,'',''),(1039,34170501,10,'2500-FIXED',''),(1039,34170501,11,'',''),(1040,34170401,1,'0',''),(1040,34170401,3,'CL4',''),(1040,34170401,4,'Dena Bank',''),(1040,34170401,5,'111110005023',''),(1040,34170401,6,'CPF A/c2010140746600056',''),(1040,34170401,8,'0',''),(1040,34170401,9,'',''),(1040,34170401,10,'CPF A/c2010140746600056',''),(1040,34170401,11,'',''),(1040,34170501,1,'8',''),(1040,34170501,3,'CL4',''),(1040,34170501,4,'Dena Bank',''),(1040,34170501,5,'111110005023',''),(1040,34170501,6,'',''),(1040,34170501,7,'2015140746600056',''),(1040,34170501,8,'0',''),(1040,34170501,9,'',''),(1040,34170501,10,'14800-47100',''),(1040,34170501,11,'',''),(1041,34170401,1,'9',''),(1041,34170401,3,'LA',''),(1041,34170401,4,'Dena Bank',''),(1041,34170401,5,'11111002970',''),(1041,34170401,6,'',''),(1041,34170401,8,'',''),(1041,34170401,9,'',''),(1041,34170401,10,'19950-FIXED',''),(1041,34170401,11,'',''),(1041,34170501,1,'9',''),(1041,34170501,3,'LA',''),(1041,34170501,4,'Dena Bank',''),(1041,34170501,5,'11111002970',''),(1041,34170501,6,'',''),(1041,34170501,8,'',''),(1041,34170501,9,'',''),(1041,34170501,10,'19950-FIXED',''),(1041,34170501,11,'',''),(1042,34170401,1,'',''),(1042,34170401,3,'LA',''),(1042,34170401,4,'Dena Bank',''),(1042,34170401,5,'111110028124',''),(1042,34170401,6,'',''),(1042,34170401,8,'',''),(1042,34170401,9,'B-9,AKASH BLOCK',''),(1042,34170401,10,'19950-FIXED',''),(1042,34170401,11,'',''),(1042,34170501,1,'9',''),(1042,34170501,3,'LA',''),(1042,34170501,4,'Dena Bank',''),(1042,34170501,5,'111110028124',''),(1042,34170501,6,'',''),(1042,34170501,8,'BAMPP 5006Q',''),(1042,34170501,9,'B-9,AKASH BLOCK',''),(1042,34170501,10,'19950-FIXED',''),(1042,34170501,11,'',''),(1043,34170401,1,'6',''),(1043,34170401,3,'SWE',''),(1043,34170401,4,'Dena Bank',''),(1043,34170401,5,'111110003158',''),(1043,34170401,6,'M/DAT/GUJ/12401',''),(1043,34170401,8,'CFUPS6856M',''),(1043,34170401,9,'A-3,NEW CIVIL CAMPUS',''),(1043,34170401,10,'15700-50000',''),(1043,34170401,11,'3540',''),(1043,34170501,1,'6',''),(1043,34170501,3,'SWE',''),(1043,34170501,4,'Dena Bank',''),(1043,34170501,5,'111110003158',''),(1043,34170501,6,'M/DAT/GUJ/12401',''),(1043,34170501,8,'CFUPS6856M',''),(1043,34170501,9,'A-3,NEW CIVIL CAMPUS',''),(1043,34170501,10,'15700-50000',''),(1043,34170501,11,'3540',''),(1044,34170401,1,'6',''),(1044,34170401,3,'SWE',''),(1044,34170401,4,'Dena Bank',''),(1044,34170401,5,'111110003884',''),(1044,34170401,6,'M/DAT/GUJ/11075',''),(1044,34170401,8,'CHNPS4375Q',''),(1044,34170401,9,'',''),(1044,34170401,10,'15700-50000',''),(1044,34170401,11,'3790',''),(1044,34170501,1,'6',''),(1044,34170501,3,'SWE',''),(1044,34170501,4,'Dena Bank',''),(1044,34170501,5,'111110003884',''),(1044,34170501,6,'M/DAT/GUJ/11075',''),(1044,34170501,8,'CHNPS 4375Q',''),(1044,34170501,9,'',''),(1044,34170501,10,'15700-50000',''),(1044,34170501,11,'3790',''),(1045,34170401,1,'3',''),(1045,34170401,3,'SWE',''),(1045,34170401,4,'Dena Bank',''),(1045,34170401,5,'111110001637',''),(1045,34170401,6,'M/DAT/GUJ/11740',''),(1045,34170401,8,'CFUPS7067A',''),(1045,34170401,9,'',''),(1045,34170401,10,'15700-50000',''),(1045,34170401,11,'3790',''),(1045,34170501,1,'3',''),(1045,34170501,3,'SWE',''),(1045,34170501,4,'Dena Bank',''),(1045,34170501,5,'111110001637',''),(1045,34170501,6,'M/DAT/GUJ/11740',''),(1045,34170501,8,'CFUPS7067A',''),(1045,34170501,9,'',''),(1045,34170501,10,'15700-50000',''),(1045,34170501,11,'3790',''),(1046,34170401,1,'5',''),(1046,34170401,3,'LT',''),(1046,34170401,4,'Dena Bank',''),(1046,34170401,5,'111110001743',''),(1046,34170401,6,'MED/GUJ/26415',''),(1046,34170401,8,'AFDPS3147J',''),(1046,34170401,9,'D-5,NEW CIVIL CAMPUS',''),(1046,34170401,10,'35400-112400',''),(1046,34170401,11,'0',''),(1046,34170501,1,'5',''),(1046,34170501,3,'LT',''),(1046,34170501,4,'Dena Bank',''),(1046,34170501,5,'111110001743',''),(1046,34170501,6,'MED/GUJ/26415',''),(1046,34170501,8,'AFDPS3147J',''),(1046,34170501,9,'D-5,NEW CIVIL CAMPUS',''),(1046,34170501,10,'35400-112400',''),(1046,34170501,11,'0',''),(1047,34170401,1,'6',''),(1047,34170401,3,'SWE',''),(1047,34170401,4,'Dena Bank',''),(1047,34170401,5,'111110003886',''),(1047,34170401,6,'M/DAT/GUJ/13514',''),(1047,34170401,8,'ASWPS2987A',''),(1047,34170401,9,'',''),(1047,34170401,10,'15000-47600',''),(1047,34170401,11,'3475',''),(1047,34170501,1,'6',''),(1047,34170501,3,'SWE',''),(1047,34170501,4,'Dena Bank',''),(1047,34170501,5,'111110003886',''),(1047,34170501,6,'M/DAT/GUJ/13514',''),(1047,34170501,8,'ASWPS2987A',''),(1047,34170501,9,'',''),(1047,34170501,10,'15000-47600',''),(1047,34170501,11,'3475',''),(1048,34170401,1,'',''),(1048,34170401,3,'JRC',''),(1048,34170401,4,'Dena Bank',''),(1048,34170401,5,'111110024417',''),(1048,34170401,6,'',''),(1048,34170401,8,'0',''),(1048,34170401,9,'',''),(1048,34170401,10,'',''),(1048,34170401,11,'',''),(1048,34170501,1,'8',''),(1048,34170501,3,'JRC',''),(1048,34170501,4,'Dena Bank',''),(1048,34170501,5,'111110024417',''),(1048,34170501,6,'',''),(1048,34170501,7,'2016140746600020',''),(1048,34170501,8,'0',''),(1048,34170501,9,'',''),(1048,34170501,10,'19900-63200',''),(1048,34170501,11,'',''),(1049,34170401,1,'5',''),(1049,34170401,3,'LT',''),(1049,34170401,4,'Dena Bank',''),(1049,34170401,5,'111110001718',''),(1049,34170401,6,'MED/GUJ/26407',''),(1049,34170401,8,'ADGPP3306F',''),(1049,34170401,9,'',''),(1049,34170401,10,'35400-112400',''),(1049,34170401,11,'0',''),(1049,34170501,1,'5',''),(1049,34170501,3,'LT',''),(1049,34170501,4,'Dena Bank',''),(1049,34170501,5,'111110001718',''),(1049,34170501,6,'MED/GUJ/26407',''),(1049,34170501,8,'ADGPP3306F',''),(1049,34170501,9,'',''),(1049,34170501,10,'35400-112400',''),(1049,34170501,11,'0',''),(1050,34170401,1,'5',''),(1050,34170401,3,'SRC',''),(1050,34170401,4,'Dena Bank',''),(1050,34170401,5,'111110003876',''),(1050,34170401,6,'MED/GUJ/26214',''),(1050,34170401,8,'AAQPT2627Q',''),(1050,34170401,9,'',''),(1050,34170401,10,'25500-81100',''),(1050,34170401,11,'0',''),(1050,34170501,1,'5',''),(1050,34170501,3,'SRC',''),(1050,34170501,4,'Dena Bank',''),(1050,34170501,5,'111110003876',''),(1050,34170501,6,'MED/GUJ/26214',''),(1050,34170501,8,'AAQPT2627Q',''),(1050,34170501,9,'',''),(1050,34170501,10,'25500-81100',''),(1050,34170501,11,'0',''),(1051,34170401,1,'9',''),(1051,34170401,3,'LA',''),(1051,34170401,4,'Dena Bank',''),(1051,34170401,5,'111110028489',''),(1051,34170401,6,'',''),(1051,34170401,8,'',''),(1051,34170401,9,'',''),(1051,34170401,10,'19950-FIXED',''),(1051,34170401,11,'',''),(1051,34170501,1,'9',''),(1051,34170501,3,'LA',''),(1051,34170501,4,'Dena Bank',''),(1051,34170501,5,'111110028489',''),(1051,34170501,6,'',''),(1051,34170501,8,'',''),(1051,34170501,9,'',''),(1051,34170501,10,'19950-FIXED',''),(1051,34170501,11,'',''),(1052,34170401,1,'9',''),(1052,34170401,3,'LA',''),(1052,34170401,4,'Dena Bank',''),(1052,34170401,5,'111110028108',''),(1052,34170401,6,'',''),(1052,34170401,8,'',''),(1052,34170401,9,'',''),(1052,34170401,10,'19950-FIXED',''),(1052,34170401,11,'',''),(1052,34170501,1,'9',''),(1052,34170501,3,'LA',''),(1052,34170501,4,'Dena Bank',''),(1052,34170501,5,'111110028108',''),(1052,34170501,6,'',''),(1052,34170501,8,'',''),(1052,34170501,9,'',''),(1052,34170501,10,'19950-FIXED',''),(1052,34170501,11,'',''),(1053,34170401,1,'5',''),(1053,34170401,3,'LT',''),(1053,34170401,4,'Dena Bank',''),(1053,34170401,5,'111110003833',''),(1053,34170401,6,'PH/GUJ/28920',''),(1053,34170401,8,'AAXPN5725G',''),(1053,34170401,9,'',''),(1053,34170401,10,'39900-126600',''),(1053,34170401,11,'0',''),(1053,34170501,1,'5',''),(1053,34170501,3,'LT',''),(1053,34170501,4,'Dena Bank',''),(1053,34170501,5,'111110003833',''),(1053,34170501,6,'PH/GUJ/28920',''),(1053,34170501,8,'AAXPN5725G',''),(1053,34170501,9,'',''),(1053,34170501,10,'39900-126600',''),(1053,34170501,11,'0',''),(1054,34170401,1,'6',''),(1054,34170401,3,'LAT',''),(1054,34170401,4,'Dena Bank',''),(1054,34170401,5,'111110001795',''),(1054,34170401,6,'M/DAT/GUJ/11799',''),(1054,34170401,8,'ACLPG5243J',''),(1054,34170401,9,'',''),(1054,34170401,10,'15700-50000',''),(1054,34170401,11,'0',''),(1054,34170501,1,'6',''),(1054,34170501,3,'LAT',''),(1054,34170501,4,'Dena Bank',''),(1054,34170501,5,'111110001795',''),(1054,34170501,6,'M/DAT/GUJ/11799',''),(1054,34170501,8,'ACLPG5243J',''),(1054,34170501,9,'',''),(1054,34170501,10,'15700-50000',''),(1054,34170501,11,'0',''),(1055,34170401,1,'',''),(1055,34170401,3,'JRC',''),(1055,34170401,4,'Dena Bank',''),(1055,34170401,5,'111110024422',''),(1055,34170401,6,'CPF A/C2015140746600026',''),(1055,34170401,8,'0',''),(1055,34170401,9,'',''),(1055,34170401,10,'',''),(1055,34170401,11,'',''),(1055,34170501,1,'8',''),(1055,34170501,3,'JRC',''),(1055,34170501,4,'Dena Bank',''),(1055,34170501,5,'111110024422',''),(1055,34170501,6,'',''),(1055,34170501,7,'2015140746600026',''),(1055,34170501,8,'0',''),(1055,34170501,9,'',''),(1055,34170501,10,'19900-63200',''),(1055,34170501,11,'',''),(1056,34170401,1,'7',''),(1056,34170401,3,'HC',''),(1056,34170401,4,'Dena Bank',''),(1056,34170401,5,'111110001603',''),(1056,34170401,6,'M/DAT/GUJ/9178',''),(1056,34170401,8,'ABYPP 6055D',''),(1056,34170401,9,'',''),(1056,34170401,10,'35400-112400',''),(1056,34170401,11,'0',''),(1056,34170501,1,'7',''),(1056,34170501,3,'HC',''),(1056,34170501,4,'Dena Bank',''),(1056,34170501,5,'111110001603',''),(1056,34170501,6,'M/DAT/GUJ/9178',''),(1056,34170501,8,'ABYPP 6055D',''),(1056,34170501,9,'',''),(1056,34170501,10,'35400-112400',''),(1056,34170501,11,'0',''),(1057,34170401,1,'6',''),(1057,34170401,3,'LAT',''),(1057,34170401,4,'Dena Bank',''),(1057,34170401,5,'111110003855',''),(1057,34170401,6,'M/DAT/GUJ/11868',''),(1057,34170401,8,'ASWPS2929N',''),(1057,34170401,9,'',''),(1057,34170401,10,'15700-50000',''),(1057,34170401,11,'3790',''),(1057,34170501,1,'6',''),(1057,34170501,3,'LAT',''),(1057,34170501,4,'Dena Bank',''),(1057,34170501,5,'111110003855',''),(1057,34170501,6,'M/DAT/GUJ/11868',''),(1057,34170501,8,'ASWPS2929N',''),(1057,34170501,9,'',''),(1057,34170501,10,'15700-50000',''),(1057,34170501,11,'3790',''),(1058,34170401,1,'6',''),(1058,34170401,3,'SWE',''),(1058,34170401,4,'Dena Bank',''),(1058,34170401,5,'111110002278',''),(1058,34170401,6,'M/DAT/GUJ/12256',''),(1058,34170401,8,'BYMPS9721D',''),(1058,34170401,9,'',''),(1058,34170401,10,'15700-50000',''),(1058,34170401,11,'3540',''),(1058,34170501,1,'6',''),(1058,34170501,3,'SWE',''),(1058,34170501,4,'Dena Bank',''),(1058,34170501,5,'111110002278',''),(1058,34170501,6,'M/DAT/GUJ/12256',''),(1058,34170501,8,'BYMPS9721D',''),(1058,34170501,9,'',''),(1058,34170501,10,'15700-50000',''),(1058,34170501,11,'3540',''),(1059,34170401,1,'6',''),(1059,34170401,3,'SWE',''),(1059,34170401,4,'Dena Bank',''),(1059,34170401,5,'111110004103',''),(1059,34170401,6,'M/DAT/GUJ/09192',''),(1059,34170401,8,'ASWPS2947Q',''),(1059,34170401,9,'A-10,NEW CIVIL CAMPUS',''),(1059,34170401,10,'15000-47600',''),(1059,34170401,11,'0',''),(1059,34170501,1,'6',''),(1059,34170501,3,'SWE',''),(1059,34170501,4,'Dena Bank',''),(1059,34170501,5,'111110004103',''),(1059,34170501,6,'M/DAT/GUJ/09192',''),(1059,34170501,8,'ASWPS2947Q',''),(1059,34170501,9,'A-10,NEW CIVIL CAMPUS',''),(1059,34170501,10,'15000-47600',''),(1059,34170501,11,'0',''),(1060,34170401,1,'5',''),(1060,34170401,3,'HC',''),(1060,34170401,4,'Dena Bank',''),(1060,34170401,5,'111110004189',''),(1060,34170401,6,'MED/GUJ/36363',''),(1060,34170401,8,'AGEPG0440L',''),(1060,34170401,9,'',''),(1060,34170401,10,'35400-112400',''),(1060,34170401,11,'',''),(1060,34170501,1,'5',''),(1060,34170501,3,'HC',''),(1060,34170501,4,'Dena Bank',''),(1060,34170501,5,'111110004189',''),(1060,34170501,6,'MED/GUJ/36363',''),(1060,34170501,8,'AGEPG0440L',''),(1060,34170501,9,'',''),(1060,34170501,10,'35400-112400',''),(1060,34170501,11,'',''),(1061,34170401,1,'5',''),(1061,34170401,3,'LT',''),(1061,34170401,4,'Dena Bank',''),(1061,34170401,5,'111110001969',''),(1061,34170401,6,'MED/GUJ/26492',''),(1061,34170401,8,'AAXPC5877G',''),(1061,34170401,9,'D-36,NEW CIVIL CAMPUS',''),(1061,34170401,10,'35400-112400',''),(1061,34170401,11,'0',''),(1061,34170501,1,'5',''),(1061,34170501,3,'LT',''),(1061,34170501,4,'Dena Bank',''),(1061,34170501,5,'111110001969',''),(1061,34170501,6,'MED/GUJ/26492',''),(1061,34170501,8,'AAXPC 5877G',''),(1061,34170501,9,'D-36,NEW CIVIL CAMPUS',''),(1061,34170501,10,'35400-112400',''),(1061,34170501,11,'0',''),(1062,34170401,1,'6',''),(1062,34170401,3,'LAT',''),(1062,34170401,4,'Dena Bank',''),(1062,34170401,5,'111110001504',''),(1062,34170401,6,'M/DAT/GUJ/10150',''),(1062,34170401,8,'AGSPS2469K',''),(1062,34170401,9,'E-16,NEW CIVIL CAMPUS',''),(1062,34170401,10,'15700-50000',''),(1062,34170401,11,'3860',''),(1062,34170501,1,'6',''),(1062,34170501,3,'LAT',''),(1062,34170501,4,'Dena Bank',''),(1062,34170501,5,'111110001504',''),(1062,34170501,6,'M/DAT/GUJ/10150',''),(1062,34170501,8,'AGSPS2469K',''),(1062,34170501,9,'E-16,NEW CIVIL CAMPUS',''),(1062,34170501,10,'15700-50000',''),(1062,34170501,11,'3860',''),(1063,34170401,1,'3',''),(1063,34170401,3,'DM',''),(1063,34170401,4,'Dena Bank',''),(1063,34170401,5,'111110001923',''),(1063,34170401,6,'MED/GUJ/26446',''),(1063,34170401,8,'ABNPJ1305M',''),(1063,34170401,9,'',''),(1063,34170401,10,'39900-126600',''),(1063,34170401,11,'',''),(1063,34170501,1,'3',''),(1063,34170501,3,'DM',''),(1063,34170501,4,'Dena Bank',''),(1063,34170501,5,'111110001923',''),(1063,34170501,6,'MED/GUJ/26446',''),(1063,34170501,8,'ABNPJ1305M',''),(1063,34170501,9,'',''),(1063,34170501,10,'39900-126600',''),(1063,34170501,11,'',''),(1064,34170401,1,'9',''),(1064,34170401,3,'LT',''),(1064,34170401,4,'Dena Bank',''),(1064,34170401,5,'10338130216',''),(1064,34170401,6,'',''),(1064,34170401,8,'',''),(1064,34170401,9,'',''),(1064,34170401,10,'31340-FIXED',''),(1064,34170401,11,'',''),(1064,34170501,1,'9',''),(1064,34170501,3,'LT',''),(1064,34170501,4,'Dena Bank',''),(1064,34170501,5,'10338130216',''),(1064,34170501,6,'',''),(1064,34170501,8,'AKTPG 2757R',''),(1064,34170501,9,'',''),(1064,34170501,10,'31340-FIXED',''),(1064,34170501,11,'',''),(1065,34170401,1,'9',''),(1065,34170401,3,'LA',''),(1065,34170401,4,'Dena Bank',''),(1065,34170401,5,'33713713350',''),(1065,34170401,6,'',''),(1065,34170401,8,'',''),(1065,34170401,9,'',''),(1065,34170401,10,'19950-FIXED',''),(1065,34170401,11,'',''),(1065,34170501,1,'9',''),(1065,34170501,3,'LA',''),(1065,34170501,4,'Dena Bank',''),(1065,34170501,5,'33713713350',''),(1065,34170501,6,'',''),(1065,34170501,8,'',''),(1065,34170501,9,'',''),(1065,34170501,10,'19950-FIXED',''),(1065,34170501,11,'',''),(1066,34170401,1,'',''),(1066,34170401,3,'JRC',''),(1066,34170401,4,'Dena Bank',''),(1066,34170401,5,'111110005883',''),(1066,34170401,6,'CPF A/C2013140746600005',''),(1066,34170401,8,'0',''),(1066,34170401,9,'',''),(1066,34170401,10,'',''),(1066,34170401,11,'',''),(1066,34170501,1,'8',''),(1066,34170501,3,'JRC',''),(1066,34170501,4,'Dena Bank',''),(1066,34170501,5,'111110005883',''),(1066,34170501,6,'',''),(1066,34170501,7,'2013140746600005',''),(1066,34170501,8,'0',''),(1066,34170501,9,'',''),(1066,34170501,10,'19900-63200',''),(1066,34170501,11,'',''),(1067,34170401,1,'6',''),(1067,34170401,3,'DRA',''),(1067,34170401,4,'Dena Bank',''),(1067,34170401,5,'111110034074',''),(1067,34170401,6,'M/DAT/GUJ/11670',''),(1067,34170401,8,'',''),(1067,34170401,9,'',''),(1067,34170401,10,'15000-47600',''),(1067,34170401,11,'',''),(1067,34170501,1,'6',''),(1067,34170501,3,'DRA',''),(1067,34170501,4,'Dena Bank',''),(1067,34170501,5,'111110034074',''),(1067,34170501,6,'M/DAT/GUJ/11670',''),(1067,34170501,8,'',''),(1067,34170501,9,'',''),(1067,34170501,10,'15000-47600',''),(1067,34170501,11,'',''),(1068,34170401,1,'5',''),(1068,34170401,3,'SRC',''),(1068,34170401,4,'Dena Bank',''),(1068,34170401,5,'111110001902',''),(1068,34170401,6,'MED/GUJ/40094',''),(1068,34170401,8,'ALPPC3184B',''),(1068,34170401,9,'',''),(1068,34170401,10,'25500-81100',''),(1068,34170401,11,'0',''),(1068,34170501,1,'5',''),(1068,34170501,3,'SRC',''),(1068,34170501,4,'Dena Bank',''),(1068,34170501,5,'111110001902',''),(1068,34170501,6,'MED/GUJ/40094',''),(1068,34170501,8,'ALPPC3184B',''),(1068,34170501,9,'',''),(1068,34170501,10,'25500-81100',''),(1068,34170501,11,'0',''),(1069,34170401,1,'',''),(1069,34170401,3,'JRC',''),(1069,34170401,4,'Dena Bank',''),(1069,34170401,5,'111110024423',''),(1069,34170401,6,'CPF A/C2015140746600047',''),(1069,34170401,8,'0',''),(1069,34170401,9,'',''),(1069,34170401,10,'',''),(1069,34170401,11,'',''),(1069,34170501,1,'8',''),(1069,34170501,3,'JRC',''),(1069,34170501,4,'Dena Bank',''),(1069,34170501,5,'111110024423',''),(1069,34170501,6,'',''),(1069,34170501,7,'CPF201514074660004720151',''),(1069,34170501,8,'0',''),(1069,34170501,9,'D-41,GOVT. MEDICAL COLLEGE CAMPUS,SURAT',''),(1069,34170501,10,'19900-63200',''),(1069,34170501,11,'',''),(1070,34170401,1,'6',''),(1070,34170401,3,'SWE',''),(1070,34170401,4,'Dena Bank',''),(1070,34170401,5,'111110003907',''),(1070,34170401,6,'M/DAT/GUJ/13302',''),(1070,34170401,8,'ASWPS2890L',''),(1070,34170401,9,'',''),(1070,34170401,10,'15700-50000',''),(1070,34170401,11,'3475',''),(1070,34170501,1,'6',''),(1070,34170501,3,'SWE',''),(1070,34170501,4,'Dena Bank',''),(1070,34170501,5,'111110003907',''),(1070,34170501,6,'M/DAT/GUJ/13302',''),(1070,34170501,8,'ASWPS2890L',''),(1070,34170501,9,'',''),(1070,34170501,10,'15700-50000',''),(1070,34170501,11,'3475',''),(1071,34170401,1,'3',''),(1071,34170401,3,'WAT',''),(1071,34170401,4,'Dena Bank',''),(1071,34170401,5,'111110003455',''),(1071,34170401,6,'M/DAT/GUJ/10753',''),(1071,34170401,8,'BBFPP0388D',''),(1071,34170401,9,'',''),(1071,34170401,10,'15700-50000',''),(1071,34170401,11,'3790',''),(1071,34170501,1,'3',''),(1071,34170501,3,'WAT',''),(1071,34170501,4,'Dena Bank',''),(1071,34170501,5,'111110003455',''),(1071,34170501,6,'M/DAT/GUJ/10753',''),(1071,34170501,8,'BBFPP0388D',''),(1071,34170501,9,'',''),(1071,34170501,10,'15700-50000',''),(1071,34170501,11,'3790',''),(1072,34170401,1,'6',''),(1072,34170401,3,'SWE',''),(1072,34170401,4,'Dena Bank',''),(1072,34170401,5,'111110001502',''),(1072,34170401,6,'M/DAT/GUJ/10304',''),(1072,34170401,8,'ASVPS8975M',''),(1072,34170401,9,'A-12,NEW CIVIL CAMPUS',''),(1072,34170401,10,'15700-50000',''),(1072,34170401,11,'3860',''),(1072,34170501,1,'6',''),(1072,34170501,3,'SWE',''),(1072,34170501,4,'Dena Bank',''),(1072,34170501,5,'111110001502',''),(1072,34170501,6,'M/DAT/GUJ/10304',''),(1072,34170501,8,'ASVPS8975M',''),(1072,34170501,9,'A-12,NEW CIVIL CAMPUS',''),(1072,34170501,10,'15700-50000',''),(1072,34170501,11,'3860',''),(1073,34170401,1,'',''),(1073,34170401,3,'JRC',''),(1073,34170401,4,'Dena Bank',''),(1073,34170401,5,'111110005724',''),(1073,34170401,6,'',''),(1073,34170401,8,'0',''),(1073,34170401,9,'BANK-9952',''),(1073,34170401,10,'',''),(1073,34170401,11,'0',''),(1073,34170501,1,'4',''),(1073,34170501,3,'JRC',''),(1073,34170501,4,'Dena Bank',''),(1073,34170501,5,'111110005724',''),(1073,34170501,6,'',''),(1073,34170501,8,'0',''),(1073,34170501,9,'BANK-9952',''),(1073,34170501,10,'',''),(1073,34170501,11,'0',''),(1074,34170401,1,'5',''),(1074,34170401,3,'DRI',''),(1074,34170401,4,'Dena Bank',''),(1074,34170401,5,'111110002418',''),(1074,34170401,6,'MED/GUJ/40531',''),(1074,34170401,8,'BKXPS7770K',''),(1074,34170401,9,'D-61,NEW CIVIL CAMPUS',''),(1074,34170401,10,'19900-63200',''),(1074,34170401,11,'0',''),(1074,34170501,1,'5',''),(1074,34170501,3,'DRI',''),(1074,34170501,4,'Dena Bank',''),(1074,34170501,5,'111110002418',''),(1074,34170501,6,'MED/GUJ/40531',''),(1074,34170501,8,'BKXPS7770K',''),(1074,34170501,9,'D-61,NEW CIVIL CAMPUS',''),(1074,34170501,10,'19900-63200',''),(1074,34170501,11,'0',''),(1075,34170401,1,'6',''),(1075,34170401,3,'SWE',''),(1075,34170401,4,'Dena Bank',''),(1075,34170401,5,'111110004072',''),(1075,34170401,6,'M/DAT/GUJ/10303',''),(1075,34170401,8,'APPLIED FOR',''),(1075,34170401,9,'A-1, NEW CIVIL CAMPUS',''),(1075,34170401,10,'15700-50000',''),(1075,34170401,11,'0',''),(1075,34170501,1,'6',''),(1075,34170501,3,'SWE',''),(1075,34170501,4,'Dena Bank',''),(1075,34170501,5,'111110004072',''),(1075,34170501,6,'M/DAT/GUJ/10303',''),(1075,34170501,8,'APPLIED FOR',''),(1075,34170501,9,'A-1, NEW CIVIL CAMPUS',''),(1075,34170501,10,'15700-50000',''),(1075,34170501,11,'0',''),(1076,34170401,1,'5',''),(1076,34170401,3,'XT',''),(1076,34170401,4,'Dena Bank',''),(1076,34170401,5,'111110002923',''),(1076,34170401,6,'PH/GUJ/28978',''),(1076,34170401,8,'ABYPP5956D',''),(1076,34170401,9,'D-42,NEW CIVIL CAMPUS',''),(1076,34170401,10,'39900-126600',''),(1076,34170401,11,'0',''),(1076,34170501,1,'5',''),(1076,34170501,3,'XT',''),(1076,34170501,4,'Dena Bank',''),(1076,34170501,5,'111110002923',''),(1076,34170501,6,'PH/GUJ/28978',''),(1076,34170501,8,'ABYPP5956D',''),(1076,34170501,9,'D-42,NEW CIVIL CAMPUS',''),(1076,34170501,10,'39900-126600',''),(1076,34170501,11,'0',''),(1077,34170401,1,'9',''),(1077,34170401,3,'LA',''),(1077,34170401,4,'Dena Bank',''),(1077,34170401,5,'111110028640',''),(1077,34170401,6,'NOT ALLOTED',''),(1077,34170401,8,'',''),(1077,34170401,9,'',''),(1077,34170401,10,'19950-FIXED',''),(1077,34170401,11,'',''),(1077,34170501,1,'9',''),(1077,34170501,3,'LA',''),(1077,34170501,4,'Dena Bank',''),(1077,34170501,5,'111110028640',''),(1077,34170501,6,'NOT ALLOTED',''),(1077,34170501,8,'',''),(1077,34170501,9,'',''),(1077,34170501,10,'19950-FIXED',''),(1077,34170501,11,'',''),(1078,34170401,1,'9',''),(1078,34170401,3,'LT',''),(1078,34170401,4,'Dena Bank',''),(1078,34170401,5,'111110029444',''),(1078,34170401,6,'',''),(1078,34170401,8,'',''),(1078,34170401,9,'',''),(1078,34170401,10,'31340-FIXED',''),(1078,34170401,11,'',''),(1078,34170501,1,'9',''),(1078,34170501,3,'LT',''),(1078,34170501,4,'Dena Bank',''),(1078,34170501,5,'111110029444',''),(1078,34170501,6,'',''),(1078,34170501,8,'AOOPP 9800M',''),(1078,34170501,9,'',''),(1078,34170501,10,'31340-FIXED',''),(1078,34170501,11,'',''),(1079,34170401,1,'9',''),(1079,34170401,3,'JRC',''),(1079,34170401,4,'Dena Bank',''),(1079,34170401,5,'111110034234',''),(1079,34170401,6,'NOT ALLOTED',''),(1079,34170401,8,'',''),(1079,34170401,9,'',''),(1079,34170401,10,'19950-FIXED',''),(1079,34170401,11,'',''),(1079,34170501,1,'9',''),(1079,34170501,3,'JRC',''),(1079,34170501,4,'Dena Bank',''),(1079,34170501,5,'111110034234',''),(1079,34170501,6,'NOT ALLOTED',''),(1079,34170501,8,'',''),(1079,34170501,9,'',''),(1079,34170501,10,'19950-FIXED',''),(1079,34170501,11,'',''),(1080,34170401,1,'9',''),(1080,34170401,3,'LA',''),(1080,34170401,4,'Dena Bank',''),(1080,34170401,5,'111110035338',''),(1080,34170401,6,'NOT ALLOTED',''),(1080,34170401,8,'',''),(1080,34170401,9,'',''),(1080,34170401,10,'19950-FIXED',''),(1080,34170401,11,'',''),(1080,34170501,1,'9',''),(1080,34170501,3,'LA',''),(1080,34170501,4,'Dena Bank',''),(1080,34170501,5,'111110035338',''),(1080,34170501,6,'NOT ALLOTED',''),(1080,34170501,8,'',''),(1080,34170501,9,'',''),(1080,34170501,10,'19950-FIXED',''),(1080,34170501,11,'',''),(1081,34170401,1,'6',''),(1081,34170401,3,'SWE',''),(1081,34170401,4,'Dena Bank',''),(1081,34170401,5,'111110004067',''),(1081,34170401,6,'M/DAT/GUJ/13303',''),(1081,34170401,8,'APTPS2149J',''),(1081,34170401,9,'',''),(1081,34170401,10,'15000-47600',''),(1081,34170401,11,'3475',''),(1081,34170501,1,'6',''),(1081,34170501,3,'SWE',''),(1081,34170501,4,'Dena Bank',''),(1081,34170501,5,'111110004067',''),(1081,34170501,6,'M/DAT/GUJ/13303',''),(1081,34170501,8,'APTPS2149J',''),(1081,34170501,9,'',''),(1081,34170501,10,'15000-47600',''),(1081,34170501,11,'3475',''),(1082,34170401,1,'10',''),(1082,34170401,3,'LT',''),(1082,34170401,4,'Dena Bank',''),(1082,34170401,5,'111110027643',''),(1082,34170401,6,'',''),(1082,34170401,8,'ATEPV 1126D',''),(1082,34170401,9,'',''),(1082,34170401,10,'31340FIX',''),(1082,34170401,11,'',''),(1082,34170501,1,'10',''),(1082,34170501,3,'LT',''),(1082,34170501,4,'Dena Bank',''),(1082,34170501,5,'111110027643',''),(1082,34170501,6,'',''),(1082,34170501,8,'ATEPV 1126D',''),(1082,34170501,9,'',''),(1082,34170501,10,'31340FIX',''),(1082,34170501,11,'',''),(1083,34170401,1,'10',''),(1083,34170401,3,'LT',''),(1083,34170401,4,'Dena Bank',''),(1083,34170401,5,'111110029437',''),(1083,34170401,6,'',''),(1083,34170401,8,'BTYPP 7158J',''),(1083,34170401,9,'',''),(1083,34170401,10,'31340FIX',''),(1083,34170401,11,'',''),(1083,34170501,1,'10',''),(1083,34170501,3,'LT',''),(1083,34170501,4,'Dena Bank',''),(1083,34170501,5,'111110029437',''),(1083,34170501,6,'',''),(1083,34170501,8,'BTYPP 7158J',''),(1083,34170501,9,'',''),(1083,34170501,10,'31340FIX',''),(1083,34170501,11,'',''),(1084,34170401,1,'6',''),(1084,34170401,3,'SWE',''),(1084,34170401,4,'Dena Bank',''),(1084,34170401,5,'111110004233',''),(1084,34170401,6,'M/DAT/GUJ/12512',''),(1084,34170401,8,'ATAPB9962D',''),(1084,34170401,9,'A-15 NEW CIVIL CAMPUS',''),(1084,34170401,10,'15000-47600',''),(1084,34170401,11,'3280',''),(1084,34170501,1,'6',''),(1084,34170501,2,'Microbiology',''),(1084,34170501,3,'SWE',''),(1084,34170501,4,'Dena Bank',''),(1084,34170501,5,'111110004233',''),(1084,34170501,6,'M/DAT/GUJ/12512',''),(1084,34170501,8,'ATAPB9962D',''),(1084,34170501,9,'A-15 NEW CIVIL CAMPUS',''),(1084,34170501,10,'15000-47600',''),(1084,34170501,11,'3280',''),(1085,34170401,1,'10',''),(1085,34170401,3,'LT',''),(1085,34170401,4,'Dena Bank',''),(1085,34170401,5,'111110032823',''),(1085,34170401,6,'',''),(1085,34170401,8,'AMHPG 0516A',''),(1085,34170401,9,'',''),(1085,34170401,10,'31340FIX',''),(1085,34170401,11,'',''),(1085,34170501,1,'10',''),(1085,34170501,3,'LT',''),(1085,34170501,4,'Dena Bank',''),(1085,34170501,5,'111110032823',''),(1085,34170501,6,'',''),(1085,34170501,8,'AMHPG 0516A',''),(1085,34170501,9,'',''),(1085,34170501,10,'31340FIX',''),(1085,34170501,11,'',''),(1086,34170401,1,'',''),(1086,34170401,3,'HE',''),(1086,34170401,4,'Dena Bank',''),(1086,34170401,5,'111110029773',''),(1086,34170401,6,'',''),(1086,34170401,8,'',''),(1086,34170401,9,'',''),(1086,34170401,10,'31340-FIXED',''),(1086,34170401,11,'',''),(1086,34170501,1,'9',''),(1086,34170501,3,'HE',''),(1086,34170501,4,'Dena Bank',''),(1086,34170501,5,'111110029773',''),(1086,34170501,6,'',''),(1086,34170501,8,'',''),(1086,34170501,9,'',''),(1086,34170501,10,'31340-FIXED',''),(1086,34170501,11,'',''),(1087,34170401,1,'6',''),(1087,34170401,3,'SWE',''),(1087,34170401,4,'Dena Bank',''),(1087,34170401,5,'111110002594',''),(1087,34170401,6,'M/DAT/GUJ/12608',''),(1087,34170401,8,'ANHPS5020L',''),(1087,34170401,9,'',''),(1087,34170401,10,'15700-50000',''),(1087,34170401,11,'3540',''),(1087,34170501,1,'6',''),(1087,34170501,3,'SWE',''),(1087,34170501,4,'Dena Bank',''),(1087,34170501,5,'111110002594',''),(1087,34170501,6,'M/DAT/GUJ/12608',''),(1087,34170501,8,'ANHPS5020L',''),(1087,34170501,9,'',''),(1087,34170501,10,'15700-50000',''),(1087,34170501,11,'3540',''),(1088,34170401,1,'5',''),(1088,34170401,3,'LT',''),(1088,34170401,4,'Dena Bank',''),(1088,34170401,5,'111110002073',''),(1088,34170401,6,'MED/GUJ/26511',''),(1088,34170401,8,'ADSPP2053M',''),(1088,34170401,9,'',''),(1088,34170401,10,'29200-92300',''),(1088,34170401,11,'0',''),(1088,34170501,1,'5',''),(1088,34170501,3,'LT',''),(1088,34170501,4,'Dena Bank',''),(1088,34170501,5,'111110002073',''),(1088,34170501,6,'MED/GUJ/26511',''),(1088,34170501,8,'ADSPP2053M',''),(1088,34170501,9,'',''),(1088,34170501,10,'29200-92300',''),(1088,34170501,11,'0',''),(1089,34170401,1,'3',''),(1089,34170401,3,'SWE',''),(1089,34170401,4,'Dena Bank',''),(1089,34170401,5,'111110002516',''),(1089,34170401,6,'M/DAT/GUJ/14479',''),(1089,34170401,8,'CFUPS6876R',''),(1089,34170401,9,'',''),(1089,34170401,10,'15000-47600',''),(1089,34170401,11,'3280',''),(1089,34170501,1,'3',''),(1089,34170501,3,'SWE',''),(1089,34170501,4,'Dena Bank',''),(1089,34170501,5,'111110002516',''),(1089,34170501,6,'M/DAT/GUJ/14479',''),(1089,34170501,8,'CFUPS6876R',''),(1089,34170501,9,'',''),(1089,34170501,10,'15000-47600',''),(1089,34170501,11,'3280',''),(1090,34170401,1,'7',''),(1090,34170401,3,'OS',''),(1090,34170401,4,'Dena Bank',''),(1090,34170401,5,'111110001607',''),(1090,34170401,6,'MED/GUJ/26148',''),(1090,34170401,8,'ACKPB 2210M',''),(1090,34170401,9,'D-21,NEW CIVIL CAMPUS',''),(1090,34170401,10,'39900-126600',''),(1090,34170401,11,'0',''),(1090,34170501,1,'7',''),(1090,34170501,3,'OS',''),(1090,34170501,4,'Dena Bank',''),(1090,34170501,5,'111110001607',''),(1090,34170501,6,'MED/GUJ/26148',''),(1090,34170501,8,'ACKPB 2210M',''),(1090,34170501,9,'D-21,NEW CIVIL CAMPUS',''),(1090,34170501,10,'39900-126600',''),(1090,34170501,11,'0',''),(1091,34170401,1,'7',''),(1091,34170401,3,'OS',''),(1091,34170401,4,'Dena Bank',''),(1091,34170401,5,'111110004190',''),(1091,34170401,6,'MED/GUJ/36632',''),(1091,34170401,8,'AIDPP 4272E',''),(1091,34170401,9,'',''),(1091,34170401,10,'39900-126600',''),(1091,34170401,11,'0',''),(1091,34170501,1,'7',''),(1091,34170501,3,'OS',''),(1091,34170501,4,'Dena Bank',''),(1091,34170501,5,'111110004190',''),(1091,34170501,6,'MED/GUJ/36632',''),(1091,34170501,8,'AIDPP 4272E',''),(1091,34170501,9,'',''),(1091,34170501,10,'39900-126600',''),(1091,34170501,11,'0',''),(1092,34170401,1,'5',''),(1092,34170401,3,'LT',''),(1092,34170401,4,'Dena Bank',''),(1092,34170401,5,'111110001651',''),(1092,34170401,6,'MED/GUJ/26317',''),(1092,34170401,8,'ADPPP9666D',''),(1092,34170401,9,'',''),(1092,34170401,10,'35400-112400',''),(1092,34170401,11,'0',''),(1092,34170501,1,'5',''),(1092,34170501,3,'LT',''),(1092,34170501,4,'Dena Bank',''),(1092,34170501,5,'111110001651',''),(1092,34170501,6,'MED/GUJ/26317',''),(1092,34170501,8,'ADPPP9666D',''),(1092,34170501,9,'',''),(1092,34170501,10,'35400-112400',''),(1092,34170501,11,'0',''),(1093,34170401,1,'9',''),(1093,34170401,3,'LA',''),(1093,34170401,4,'Dena Bank',''),(1093,34170401,5,'111110028133',''),(1093,34170401,6,'',''),(1093,34170401,8,'',''),(1093,34170401,9,'',''),(1093,34170401,10,'19950-FIXED',''),(1093,34170401,11,'',''),(1093,34170501,1,'9',''),(1093,34170501,3,'LA',''),(1093,34170501,4,'Dena Bank',''),(1093,34170501,5,'111110028133',''),(1093,34170501,6,'',''),(1093,34170501,8,'BJIPG 9138B',''),(1093,34170501,9,'',''),(1093,34170501,10,'19950-FIXED',''),(1093,34170501,11,'',''),(1094,34170401,1,'9',''),(1094,34170401,3,'LA',''),(1094,34170401,4,'Dena Bank',''),(1094,34170401,5,'111110028132',''),(1094,34170401,6,'',''),(1094,34170401,8,'',''),(1094,34170401,9,'',''),(1094,34170401,10,'19950-FIXED',''),(1094,34170401,11,'',''),(1094,34170501,1,'9',''),(1094,34170501,3,'LA',''),(1094,34170501,4,'Dena Bank',''),(1094,34170501,5,'111110028132',''),(1094,34170501,6,'',''),(1094,34170501,8,'',''),(1094,34170501,9,'',''),(1094,34170501,10,'19950-FIXED',''),(1094,34170501,11,'',''),(1095,34170401,1,'',''),(1095,34170401,3,'S/N',''),(1095,34170401,4,'Dena Bank',''),(1095,34170401,5,'111110034991',''),(1095,34170401,6,'',''),(1095,34170401,8,'',''),(1095,34170401,9,'',''),(1095,34170401,10,'31340FIX',''),(1095,34170401,11,'',''),(1095,34170501,1,'',''),(1095,34170501,3,'S/N',''),(1095,34170501,4,'Dena Bank',''),(1095,34170501,5,'111110034991',''),(1095,34170501,6,'',''),(1095,34170501,8,'HZKS7499B',''),(1095,34170501,9,'',''),(1095,34170501,10,'31340FIX',''),(1095,34170501,11,'',''),(1096,34170401,1,'3',''),(1096,34170401,3,'WAT',''),(1096,34170401,4,'Dena Bank',''),(1096,34170401,5,'111110004054',''),(1096,34170401,6,'M/DAT/GUJ/12337',''),(1096,34170401,8,'NOT ALLOT',''),(1096,34170401,9,'',''),(1096,34170401,10,'15700-50000',''),(1096,34170401,11,'3475',''),(1096,34170501,1,'3',''),(1096,34170501,3,'WAT',''),(1096,34170501,4,'Dena Bank',''),(1096,34170501,5,'111110004054',''),(1096,34170501,6,'M/DAT/GUJ/12337',''),(1096,34170501,8,'NOT ALLOT',''),(1096,34170501,9,'',''),(1096,34170501,10,'15700-50000',''),(1096,34170501,11,'3475',''),(1097,34170401,1,'2',''),(1097,34170401,3,'S/N',''),(1097,34170401,4,'Dena Bank',''),(1097,34170401,5,'111110003910',''),(1097,34170401,6,'MED/GUJ/40074',''),(1097,34170401,8,'AHUPP6189N',''),(1097,34170401,9,'',''),(1097,34170401,10,'35400-112400',''),(1097,34170401,11,'0',''),(1097,34170501,1,'2',''),(1097,34170501,2,'Community Medicine',''),(1097,34170501,3,'S/N',''),(1097,34170501,4,'Dena Bank',''),(1097,34170501,5,'111110003910',''),(1097,34170501,6,'MED/GUJ/40074',''),(1097,34170501,8,'AHUPP6189N',''),(1097,34170501,9,'',''),(1097,34170501,10,'35400-112400',''),(1097,34170501,11,'0',''),(1098,34170401,1,'10',''),(1098,34170401,3,'LT',''),(1098,34170401,4,'Dena Bank',''),(1098,34170401,5,'111110027649',''),(1098,34170401,6,'',''),(1098,34170401,8,'BHSPP 1693Q',''),(1098,34170401,9,'',''),(1098,34170401,10,'31340FIX',''),(1098,34170401,11,'',''),(1098,34170501,1,'10',''),(1098,34170501,3,'LT',''),(1098,34170501,4,'Dena Bank',''),(1098,34170501,5,'111110027649',''),(1098,34170501,6,'',''),(1098,34170501,8,'BHSPP 1693Q',''),(1098,34170501,9,'',''),(1098,34170501,10,'31340FIX',''),(1098,34170501,11,'',''),(1099,34170401,1,'5',''),(1099,34170401,3,'LT',''),(1099,34170401,4,'Dena Bank',''),(1099,34170401,5,'111110001894',''),(1099,34170401,6,'MED/GUJ/26314',''),(1099,34170401,8,'AAPPN6450Q',''),(1099,34170401,9,'',''),(1099,34170401,10,'29200-92300',''),(1099,34170401,11,'0',''),(1099,34170501,1,'5',''),(1099,34170501,3,'LT',''),(1099,34170501,4,'Dena Bank',''),(1099,34170501,5,'111110001894',''),(1099,34170501,6,'MED/GUJ/26314',''),(1099,34170501,8,'AAPPN6450Q',''),(1099,34170501,9,'',''),(1099,34170501,10,'29200-92300',''),(1099,34170501,11,'0',''),(1100,34170401,1,'3',''),(1100,34170401,3,'WAT',''),(1100,34170401,4,'Dena Bank',''),(1100,34170401,5,'111110002945',''),(1100,34170401,6,'M/DAT/GUJ/12255',''),(1100,34170401,8,'AOVPA1407N',''),(1100,34170401,9,'A-7,NEW CIVIL CAMPUS',''),(1100,34170401,10,'15700-50000',''),(1100,34170401,11,'3860',''),(1100,34170501,1,'3',''),(1100,34170501,3,'WAT',''),(1100,34170501,4,'Dena Bank',''),(1100,34170501,5,'111110002945',''),(1100,34170501,6,'M/DAT/GUJ/12255',''),(1100,34170501,8,'AOVPA1407N',''),(1100,34170501,9,'A-7,NEW CIVIL CAMPUS',''),(1100,34170501,10,'15700-50000',''),(1100,34170501,11,'3860',''),(1101,34170401,1,'6',''),(1101,34170401,3,'MUK',''),(1101,34170401,4,'Dena Bank',''),(1101,34170401,5,'111110001801',''),(1101,34170401,6,'M/DAT/GUJ/10093',''),(1101,34170401,8,'ASVPS8956N',''),(1101,34170401,9,'',''),(1101,34170401,10,'15700-50000',''),(1101,34170401,11,'3790',''),(1101,34170501,1,'6',''),(1101,34170501,3,'MUK',''),(1101,34170501,4,'Dena Bank',''),(1101,34170501,5,'111110001801',''),(1101,34170501,6,'M/DAT/GUJ/10093',''),(1101,34170501,8,'ASVPS 8956N',''),(1101,34170501,9,'',''),(1101,34170501,10,'15700-50000',''),(1101,34170501,11,'3790',''),(1102,34170401,1,'3',''),(1102,34170401,3,'PLU',''),(1102,34170401,4,'Dena Bank',''),(1102,34170401,5,'111110003390',''),(1102,34170401,6,'MED/GUJ/26558',''),(1102,34170401,8,'AEDPP1144D',''),(1102,34170401,9,'B-5,NEW CIVIL CAMPUS',''),(1102,34170401,10,'25500-81100',''),(1102,34170401,11,'',''),(1102,34170501,1,'3',''),(1102,34170501,3,'PLU',''),(1102,34170501,4,'Dena Bank',''),(1102,34170501,5,'111110003390',''),(1102,34170501,6,'MED/GUJ/26558',''),(1102,34170501,8,'AEDPP1144D',''),(1102,34170501,9,'B-5,NEW CIVIL CAMPUS',''),(1102,34170501,10,'25500-81100',''),(1102,34170501,11,'',''),(1103,34170401,1,'5',''),(1103,34170401,3,'AL',''),(1103,34170401,4,'Dena Bank',''),(1103,34170401,5,'111110002238',''),(1103,34170401,6,'MED/GUJ/26550',''),(1103,34170401,8,'AAXPC6168N',''),(1103,34170401,9,'',''),(1103,34170401,10,'39900-126600',''),(1103,34170401,11,'0',''),(1103,34170501,1,'5',''),(1103,34170501,3,'AL',''),(1103,34170501,4,'Dena Bank',''),(1103,34170501,5,'111110002238',''),(1103,34170501,6,'MED/GUJ/26550',''),(1103,34170501,8,'AAXPC6168N',''),(1103,34170501,9,'',''),(1103,34170501,10,'39900-126600',''),(1103,34170501,11,'0',''),(1104,34170401,1,'6',''),(1104,34170401,3,'SWE',''),(1104,34170401,4,'Dena Bank',''),(1104,34170401,5,'111110002259',''),(1104,34170401,6,'M/DAT/GUJ/11875',''),(1104,34170401,8,'AGIPG8148H',''),(1104,34170401,9,'E-47,NEW CIVIL CAMPUS',''),(1104,34170401,10,'15700-50000',''),(1104,34170401,11,'3860',''),(1104,34170501,1,'6',''),(1104,34170501,3,'SWE',''),(1104,34170501,4,'Dena Bank',''),(1104,34170501,5,'111110002259',''),(1104,34170501,6,'M/DAT/GUJ/11875',''),(1104,34170501,8,'AGIPG8148H',''),(1104,34170501,9,'E-47,NEW CIVIL CAMPUS',''),(1104,34170501,10,'15700-50000',''),(1104,34170501,11,'3860',''),(1105,34170401,1,'6',''),(1105,34170401,3,'AK',''),(1105,34170401,4,'Dena Bank',''),(1105,34170401,5,'111110002687',''),(1105,34170401,6,'M/DAT/GUJ/08954',''),(1105,34170401,8,'AKCPK4033D',''),(1105,34170401,9,'A-2, NEW CIVIL CAMPUS',''),(1105,34170401,10,'15700-50000',''),(1105,34170401,11,'3930',''),(1105,34170501,1,'6',''),(1105,34170501,3,'AK',''),(1105,34170501,4,'Dena Bank',''),(1105,34170501,5,'111110002687',''),(1105,34170501,6,'M/DAT/GUJ/08954',''),(1105,34170501,8,'AKCPK4033D',''),(1105,34170501,9,'A-2, NEW CIVIL CAMPUS',''),(1105,34170501,10,'15700-50000',''),(1105,34170501,11,'3930',''),(1106,34170401,1,'10',''),(1106,34170401,3,'LT',''),(1106,34170401,4,'Dena Bank',''),(1106,34170401,5,'111110027660',''),(1106,34170401,6,'',''),(1106,34170401,8,'AOVPP 8918F',''),(1106,34170401,9,'',''),(1106,34170401,10,'31340FIX',''),(1106,34170401,11,'',''),(1106,34170501,1,'10',''),(1106,34170501,3,'LT',''),(1106,34170501,4,'Dena Bank',''),(1106,34170501,5,'111110027660',''),(1106,34170501,6,'',''),(1106,34170501,8,'AOVPP 8918F',''),(1106,34170501,9,'',''),(1106,34170501,10,'31340FIX',''),(1106,34170501,11,'',''),(1107,34170401,1,'9',''),(1107,34170401,3,'LA',''),(1107,34170401,4,'Dena Bank',''),(1107,34170401,5,'111110032034',''),(1107,34170401,6,'NOT ALLOTED',''),(1107,34170401,8,'',''),(1107,34170401,9,'',''),(1107,34170401,10,'19950-FIXED',''),(1107,34170401,11,'',''),(1107,34170501,1,'9',''),(1107,34170501,3,'LA',''),(1107,34170501,4,'Dena Bank',''),(1107,34170501,5,'111110032034',''),(1107,34170501,6,'NOT ALLOTED',''),(1107,34170501,8,'DKYPP 3401F',''),(1107,34170501,9,'',''),(1107,34170501,10,'19950-FIXED',''),(1107,34170501,11,'',''),(1108,34170401,1,'10',''),(1108,34170401,3,'S/N',''),(1108,34170401,4,'Dena Bank',''),(1108,34170401,5,'111110034992',''),(1108,34170401,6,'',''),(1108,34170401,8,'',''),(1108,34170401,9,'',''),(1108,34170401,10,'31340FIX',''),(1108,34170401,11,'',''),(1108,34170501,1,'10',''),(1108,34170501,3,'S/N',''),(1108,34170501,4,'Dena Bank',''),(1108,34170501,5,'111110034992',''),(1108,34170501,6,'',''),(1108,34170501,8,'BPDPB 1090Q',''),(1108,34170501,9,'',''),(1108,34170501,10,'31340FIX',''),(1108,34170501,11,'',''),(1109,34170401,1,'9',''),(1109,34170401,3,'LA',''),(1109,34170401,4,'Dena Bank',''),(1109,34170401,5,'111110035325',''),(1109,34170401,6,'',''),(1109,34170401,8,'',''),(1109,34170401,9,'',''),(1109,34170401,10,'19950-FIXED',''),(1109,34170401,11,'',''),(1109,34170501,1,'9',''),(1109,34170501,3,'LA',''),(1109,34170501,4,'Dena Bank',''),(1109,34170501,5,'111110035325',''),(1109,34170501,6,'',''),(1109,34170501,8,'CZGPP 7753J',''),(1109,34170501,9,'',''),(1109,34170501,10,'19950-FIXED',''),(1109,34170501,11,'',''),(1110,34170401,1,'6',''),(1110,34170401,3,'SWE',''),(1110,34170401,4,'Dena Bank',''),(1110,34170401,5,'111110002568',''),(1110,34170401,6,'M/DAT/GUJ/12502',''),(1110,34170401,8,'AGSPS2129Q',''),(1110,34170401,9,'',''),(1110,34170401,10,'15700-50000',''),(1110,34170401,11,'3540',''),(1110,34170501,1,'6',''),(1110,34170501,3,'SWE',''),(1110,34170501,4,'Dena Bank',''),(1110,34170501,5,'111110002568',''),(1110,34170501,6,'M/DAT/GUJ/12502',''),(1110,34170501,8,'AGSPS2129Q',''),(1110,34170501,9,'',''),(1110,34170501,10,'15700-50000',''),(1110,34170501,11,'3540',''),(1111,34170401,1,'5',''),(1111,34170401,3,'XT',''),(1111,34170401,4,'Dena Bank',''),(1111,34170401,5,'111110005646',''),(1111,34170401,6,'PH/GUJ/15525',''),(1111,34170401,8,'ADVPP6046R',''),(1111,34170401,9,'',''),(1111,34170401,10,'39900-126600',''),(1111,34170401,11,'0',''),(1111,34170501,1,'5',''),(1111,34170501,3,'XT',''),(1111,34170501,4,'Dena Bank',''),(1111,34170501,5,'111110005646',''),(1111,34170501,6,'PH/GUJ/15525',''),(1111,34170501,8,'ADVPP6046R',''),(1111,34170501,9,'',''),(1111,34170501,10,'39900-126600',''),(1111,34170501,11,'0',''),(1112,34170401,1,'',''),(1112,34170401,3,'SWE',''),(1112,34170401,4,'Dena Bank',''),(1112,34170401,5,'111110005506',''),(1112,34170401,6,'CPF A/c2011140746600021',''),(1112,34170401,8,'0',''),(1112,34170401,9,'',''),(1112,34170401,10,'',''),(1112,34170401,11,'',''),(1112,34170501,1,'8',''),(1112,34170501,3,'SWE',''),(1112,34170501,4,'Dena Bank',''),(1112,34170501,5,'111110005506',''),(1112,34170501,6,'',''),(1112,34170501,7,'2011140746600021',''),(1112,34170501,8,'0',''),(1112,34170501,9,'A-10,GOVT. MEDICAL COLLEGE CAMPUS,SURAT',''),(1112,34170501,10,'14800-47100',''),(1112,34170501,11,'',''),(1113,34170401,1,'5',''),(1113,34170401,3,'XT',''),(1113,34170401,4,'Dena Bank',''),(1113,34170401,5,'111110002270',''),(1113,34170401,6,'PH/GUJ/28882',''),(1113,34170401,8,'ACIPP3760A',''),(1113,34170401,9,'',''),(1113,34170401,10,'35400-112400',''),(1113,34170401,11,'0',''),(1113,34170501,1,'5',''),(1113,34170501,3,'XT',''),(1113,34170501,4,'Dena Bank',''),(1113,34170501,5,'111110002270',''),(1113,34170501,6,'PH/GUJ/28882',''),(1113,34170501,8,'ACIPP3760A',''),(1113,34170501,9,'',''),(1113,34170501,10,'35400-112400',''),(1113,34170501,11,'0',''),(1114,34170401,1,'5',''),(1114,34170401,3,'LT',''),(1114,34170401,4,'Dena Bank',''),(1114,34170401,5,'111110001885',''),(1114,34170401,6,'MED/GUJ/26426',''),(1114,34170401,8,'ABHPR4155P',''),(1114,34170401,9,'',''),(1114,34170401,10,'35400-112400',''),(1114,34170401,11,'0',''),(1114,34170501,1,'5',''),(1114,34170501,3,'LT',''),(1114,34170501,4,'Dena Bank',''),(1114,34170501,5,'111110001885',''),(1114,34170501,6,'MED/GUJ/26426',''),(1114,34170501,8,'ABHPR4155P',''),(1114,34170501,9,'',''),(1114,34170501,10,'35400-112400',''),(1114,34170501,11,'0',''),(1115,34170401,1,'',''),(1115,34170401,3,'JRC',''),(1115,34170401,4,'Dena Bank',''),(1115,34170401,5,'111110024415',''),(1115,34170401,6,'',''),(1115,34170401,8,'0',''),(1115,34170401,9,'',''),(1115,34170401,10,'',''),(1115,34170401,11,'',''),(1115,34170501,1,'8',''),(1115,34170501,3,'JRC',''),(1115,34170501,4,'Dena Bank',''),(1115,34170501,5,'111110024415',''),(1115,34170501,6,'',''),(1115,34170501,8,'0',''),(1115,34170501,9,'D-03,GOVT. MEDICAL COLLEGE,SURAT',''),(1115,34170501,10,'19900-63200',''),(1115,34170501,11,'',''),(1116,34170401,1,'9',''),(1116,34170401,3,'LA',''),(1116,34170401,4,'Dena Bank',''),(1116,34170401,5,'111110005556',''),(1116,34170401,6,'NOT ALLOTED',''),(1116,34170401,8,'',''),(1116,34170401,9,'',''),(1116,34170401,10,'19950-FIXED',''),(1116,34170401,11,'',''),(1116,34170501,1,'9',''),(1116,34170501,3,'LA',''),(1116,34170501,4,'Dena Bank',''),(1116,34170501,5,'111110005556',''),(1116,34170501,6,'NOT ALLOTED',''),(1116,34170501,8,'',''),(1116,34170501,9,'',''),(1116,34170501,10,'19950-FIXED',''),(1116,34170501,11,'',''),(1117,34170401,1,'5',''),(1117,34170401,3,'LT',''),(1117,34170401,4,'Dena Bank',''),(1117,34170401,5,'111110003283',''),(1117,34170401,6,'MED/GUJ/26497',''),(1117,34170401,8,'ABWPG0962A',''),(1117,34170401,9,'',''),(1117,34170401,10,'35400-112400',''),(1117,34170401,11,'0',''),(1117,34170501,1,'5',''),(1117,34170501,3,'LT',''),(1117,34170501,4,'Dena Bank',''),(1117,34170501,5,'111110003283',''),(1117,34170501,6,'MED/GUJ/26497',''),(1117,34170501,8,'ABWPG 0962A',''),(1117,34170501,9,'',''),(1117,34170501,10,'35400-112400',''),(1117,34170501,11,'0',''),(1118,34170401,1,'10',''),(1118,34170401,3,'LT',''),(1118,34170401,4,'Dena Bank',''),(1118,34170401,5,'111110027653',''),(1118,34170401,6,'',''),(1118,34170401,8,'BKAPP 1702K',''),(1118,34170401,9,'',''),(1118,34170401,10,'31340FIX',''),(1118,34170401,11,'',''),(1118,34170501,1,'10',''),(1118,34170501,3,'LT',''),(1118,34170501,4,'Dena Bank',''),(1118,34170501,5,'111110027653',''),(1118,34170501,6,'',''),(1118,34170501,8,'BKAPP 1702K',''),(1118,34170501,9,'',''),(1118,34170501,10,'31340FIX',''),(1118,34170501,11,'',''),(1119,34170401,1,'9',''),(1119,34170401,3,'LA',''),(1119,34170401,4,'Dena Bank',''),(1119,34170401,5,'111110031968',''),(1119,34170401,6,'NOT ALLOTED',''),(1119,34170401,8,'',''),(1119,34170401,9,'',''),(1119,34170401,10,'19950-FIXED',''),(1119,34170401,11,'',''),(1119,34170501,1,'9',''),(1119,34170501,3,'LA',''),(1119,34170501,4,'Dena Bank',''),(1119,34170501,5,'111110031968',''),(1119,34170501,6,'NOT ALLOTED',''),(1119,34170501,8,'',''),(1119,34170501,9,'',''),(1119,34170501,10,'19950-FIXED',''),(1119,34170501,11,'',''),(1120,34170401,1,'6',''),(1120,34170401,3,'PEO',''),(1120,34170401,4,'Dena Bank',''),(1120,34170401,5,'111110003964',''),(1120,34170401,6,'M/DAT/GUJ/13007',''),(1120,34170401,8,'AJEPP2213P',''),(1120,34170401,9,'',''),(1120,34170401,10,'15700-50000',''),(1120,34170401,11,'3540',''),(1120,34170501,1,'6',''),(1120,34170501,3,'PEO',''),(1120,34170501,4,'Dena Bank',''),(1120,34170501,5,'111110003964',''),(1120,34170501,6,'M/DAT/GUJ/13007',''),(1120,34170501,8,'AJEPP2213P',''),(1120,34170501,9,'',''),(1120,34170501,10,'15700-50000',''),(1120,34170501,11,'3540',''),(1121,34170401,1,'5',''),(1121,34170401,3,'XT',''),(1121,34170401,4,'Dena Bank',''),(1121,34170401,5,'111110002436',''),(1121,34170401,6,'MED/GUJ/14298',''),(1121,34170401,8,'AAOPN6331P',''),(1121,34170401,9,'B-2,NEW CIVIL CAMPUS',''),(1121,34170401,10,'39900-126600',''),(1121,34170401,11,'0',''),(1121,34170501,1,'5',''),(1121,34170501,3,'XT',''),(1121,34170501,4,'Dena Bank',''),(1121,34170501,5,'111110002436',''),(1121,34170501,6,'MED/GUJ/14298',''),(1121,34170501,8,'AAOPN6331P',''),(1121,34170501,9,'B-2,NEW CIVIL CAMPUS',''),(1121,34170501,10,'39900-126600',''),(1121,34170501,11,'0',''),(1122,34170401,1,'5',''),(1122,34170401,3,'JRC',''),(1122,34170401,4,'Dena Bank',''),(1122,34170401,5,'111110005437',''),(1122,34170401,6,'PW/GUJ/40496',''),(1122,34170401,8,'ABUPP0308B',''),(1122,34170401,9,'',''),(1122,34170401,10,'25500-81100',''),(1122,34170401,11,'0',''),(1122,34170501,1,'5',''),(1122,34170501,3,'JRC',''),(1122,34170501,4,'Dena Bank',''),(1122,34170501,5,'111110005437',''),(1122,34170501,6,'PW/GUJ/40496',''),(1122,34170501,8,'ABUPP0308B',''),(1122,34170501,9,'',''),(1122,34170501,10,'25500-81100',''),(1122,34170501,11,'0',''),(1123,34170401,1,'6',''),(1123,34170401,3,'SWE',''),(1123,34170401,4,'Dena Bank',''),(1123,34170401,5,'111110002281',''),(1123,34170401,6,'M/DAT/GUJ/13081',''),(1123,34170401,8,'ASYPS2068J',''),(1123,34170401,9,'',''),(1123,34170401,10,'15700-50000',''),(1123,34170401,11,'3475',''),(1123,34170501,1,'6',''),(1123,34170501,3,'SWE',''),(1123,34170501,4,'Dena Bank',''),(1123,34170501,5,'111110002281',''),(1123,34170501,6,'M/DAT/GUJ/13081',''),(1123,34170501,8,'ASYPS2068J',''),(1123,34170501,9,'',''),(1123,34170501,10,'15700-50000',''),(1123,34170501,11,'3475',''),(1124,34170401,1,'7',''),(1124,34170401,3,'HC',''),(1124,34170401,4,'Dena Bank',''),(1124,34170401,5,'111110003023',''),(1124,34170401,6,'MED/GUJ/26682',''),(1124,34170401,8,'AFVPP 6795D',''),(1124,34170401,9,'',''),(1124,34170401,10,'35400-112400',''),(1124,34170401,11,'0',''),(1124,34170501,1,'7',''),(1124,34170501,3,'HC',''),(1124,34170501,4,'Dena Bank',''),(1124,34170501,5,'111110003023',''),(1124,34170501,6,'MED/GUJ/26682',''),(1124,34170501,8,'AFVPP 6795D',''),(1124,34170501,9,'',''),(1124,34170501,10,'35400-112400',''),(1124,34170501,11,'0',''),(1125,34170401,1,'6',''),(1125,34170401,3,'DRA',''),(1125,34170401,4,'Dena Bank',''),(1125,34170401,5,'111110004051',''),(1125,34170401,6,'M/DAT/GUJ/10152',''),(1125,34170401,8,'DDCPS8847F',''),(1125,34170401,9,'',''),(1125,34170401,10,'15000-47600',''),(1125,34170401,11,'0',''),(1125,34170501,1,'6',''),(1125,34170501,3,'DRA',''),(1125,34170501,4,'Dena Bank',''),(1125,34170501,5,'111110004051',''),(1125,34170501,6,'M/DAT/GUJ/10152',''),(1125,34170501,8,'DDCPS8847F',''),(1125,34170501,9,'',''),(1125,34170501,10,'15000-47600',''),(1125,34170501,11,'0',''),(1126,34170401,1,'6',''),(1126,34170401,3,'CL4',''),(1126,34170401,4,'Dena Bank',''),(1126,34170401,5,'111110001358',''),(1126,34170401,6,'M/DAT/GUJ/08815',''),(1126,34170401,8,'BGSPP7182H',''),(1126,34170401,9,'',''),(1126,34170401,10,'15700-50000',''),(1126,34170401,11,'3930',''),(1126,34170501,1,'6',''),(1126,34170501,3,'CL4',''),(1126,34170501,4,'Dena Bank',''),(1126,34170501,5,'111110001358',''),(1126,34170501,6,'M/DAT/GUJ/08815',''),(1126,34170501,8,'BGSPP 7182H',''),(1126,34170501,9,'',''),(1126,34170501,10,'15700-50000',''),(1126,34170501,11,'3930',''),(1127,34170401,1,'10',''),(1127,34170401,3,'LT',''),(1127,34170401,4,'Dena Bank',''),(1127,34170401,5,'111110027659',''),(1127,34170401,6,'',''),(1127,34170401,8,'ASVPP 6540K',''),(1127,34170401,9,'',''),(1127,34170401,10,'31340FIX',''),(1127,34170401,11,'',''),(1127,34170501,1,'10',''),(1127,34170501,3,'LT',''),(1127,34170501,4,'Dena Bank',''),(1127,34170501,5,'111110027659',''),(1127,34170501,6,'',''),(1127,34170501,8,'ASVPP 6540K',''),(1127,34170501,9,'',''),(1127,34170501,10,'31340FIX',''),(1127,34170501,11,'',''),(1128,34170401,1,'6',''),(1128,34170401,3,'SWE',''),(1128,34170401,4,'Dena Bank',''),(1128,34170401,5,'111110004277',''),(1128,34170401,6,'M/DAT/GUJ/15016',''),(1128,34170401,8,'ALPPC3108H',''),(1128,34170401,9,'A-6, NEW CIVIL CAMPUS',''),(1128,34170401,10,'14800-47100',''),(1128,34170401,11,'2840',''),(1128,34170501,1,'6',''),(1128,34170501,3,'SWE',''),(1128,34170501,4,'Dena Bank',''),(1128,34170501,5,'111110004277',''),(1128,34170501,6,'M/DAT/GUJ/15016',''),(1128,34170501,8,'ALPPC3108H',''),(1128,34170501,9,'A-6, NEW CIVIL CAMPUS',''),(1128,34170501,10,'14800-47100',''),(1128,34170501,11,'2840',''),(1129,34170401,1,'6',''),(1129,34170401,3,'HTC',''),(1129,34170401,4,'Dena Bank',''),(1129,34170401,5,'111110002947',''),(1129,34170401,6,'M/DAT/GUJ/12332',''),(1129,34170401,8,'',''),(1129,34170401,9,'',''),(1129,34170401,10,'15700-50000',''),(1129,34170401,11,'0',''),(1129,34170501,1,'6',''),(1129,34170501,3,'HTC',''),(1129,34170501,4,'Dena Bank',''),(1129,34170501,5,'111110002947',''),(1129,34170501,6,'M/DAT/GUJ/12332',''),(1129,34170501,8,'',''),(1129,34170501,9,'',''),(1129,34170501,10,'15700-50000',''),(1129,34170501,11,'0',''),(1130,34170401,1,'5',''),(1130,34170401,3,'SRC',''),(1130,34170401,4,'Dena Bank',''),(1130,34170401,5,'111110003862',''),(1130,34170401,6,'MED/GUJ/26610',''),(1130,34170401,8,'AEQPS5353C',''),(1130,34170401,9,'',''),(1130,34170401,10,'25500-81100',''),(1130,34170401,11,'0',''),(1130,34170501,1,'5',''),(1130,34170501,3,'SRC',''),(1130,34170501,4,'Dena Bank',''),(1130,34170501,5,'111110003862',''),(1130,34170501,6,'MED/GUJ/26610',''),(1130,34170501,8,'AEQPS5353C',''),(1130,34170501,9,'',''),(1130,34170501,10,'25500-81100',''),(1130,34170501,11,'0',''),(1131,34170401,1,'9',''),(1131,34170401,3,'LA',''),(1131,34170401,4,'Dena Bank',''),(1131,34170401,5,'111110028377',''),(1131,34170401,6,'',''),(1131,34170401,8,'',''),(1131,34170401,9,'B-6,AKASH BLOCK',''),(1131,34170401,10,'19950-FIXED',''),(1131,34170401,11,'',''),(1131,34170501,1,'9',''),(1131,34170501,3,'LA',''),(1131,34170501,4,'Dena Bank',''),(1131,34170501,5,'111110028377',''),(1131,34170501,6,'',''),(1131,34170501,8,'',''),(1131,34170501,9,'B-6,AKASH BLOCK',''),(1131,34170501,10,'19950-FIXED',''),(1131,34170501,11,'',''),(1132,34170401,1,'6',''),(1132,34170401,3,'WAT',''),(1132,34170401,4,'Dena Bank',''),(1132,34170401,5,'111110003864',''),(1132,34170401,6,'M/DAT/GUJ/12549',''),(1132,34170401,8,'APPLIED FOR',''),(1132,34170401,9,'',''),(1132,34170401,10,'15700-50000',''),(1132,34170401,11,'3540',''),(1132,34170501,1,'6',''),(1132,34170501,3,'WAT',''),(1132,34170501,4,'Dena Bank',''),(1132,34170501,5,'111110003864',''),(1132,34170501,6,'M/DAT/GUJ/12549',''),(1132,34170501,8,'APPLIED FOR',''),(1132,34170501,9,'',''),(1132,34170501,10,'15700-50000',''),(1132,34170501,11,'3540',''),(1133,34170401,1,'6',''),(1133,34170401,3,'LAT',''),(1133,34170401,4,'Dena Bank',''),(1133,34170401,5,'111110001748',''),(1133,34170401,6,'M/DAT/GUJ/11741',''),(1133,34170401,8,'AYIPM6596R',''),(1133,34170401,9,'',''),(1133,34170401,10,'15700-50000',''),(1133,34170401,11,'3790',''),(1133,34170501,1,'6',''),(1133,34170501,3,'LAT',''),(1133,34170501,4,'Dena Bank',''),(1133,34170501,5,'111110001748',''),(1133,34170501,6,'M/DAT/GUJ/11741',''),(1133,34170501,8,'AYIPM6596R',''),(1133,34170501,9,'',''),(1133,34170501,10,'15700-50000',''),(1133,34170501,11,'3790',''),(1134,34170401,1,'5',''),(1134,34170401,3,'LT',''),(1134,34170401,4,'Dena Bank',''),(1134,34170401,5,'111110005702',''),(1134,34170401,6,'MED/GUJ/26591',''),(1134,34170401,8,'ABUPG4060F',''),(1134,34170401,9,'D-10,NEW CIVIL CAMPUS',''),(1134,34170401,10,'35400-112400',''),(1134,34170401,11,'0',''),(1134,34170501,1,'5',''),(1134,34170501,3,'LT',''),(1134,34170501,4,'Dena Bank',''),(1134,34170501,5,'111110005702',''),(1134,34170501,6,'MED/GUJ/26591',''),(1134,34170501,8,'ABUPG4060F',''),(1134,34170501,9,'D-10,NEW CIVIL CAMPUS',''),(1134,34170501,10,'35400-112400',''),(1134,34170501,11,'0',''),(1135,34170401,1,'9',''),(1135,34170401,3,'LT',''),(1135,34170401,4,'Dena Bank',''),(1135,34170401,5,'111110032067',''),(1135,34170401,6,'NOT ALLOTED',''),(1135,34170401,8,'',''),(1135,34170401,9,'D-33, JYOTI BL',''),(1135,34170401,10,'31340-FIXED',''),(1135,34170401,11,'0',''),(1135,34170501,1,'9',''),(1135,34170501,3,'LT',''),(1135,34170501,4,'Dena Bank',''),(1135,34170501,5,'111110032067',''),(1135,34170501,6,'NOT ALLOTED',''),(1135,34170501,8,'',''),(1135,34170501,9,'D-33, JYOTI BL',''),(1135,34170501,10,'31340-FIXED',''),(1135,34170501,11,'0',''),(1136,34170401,1,'',''),(1136,34170401,3,'JF',''),(1136,34170401,4,'Dena Bank',''),(1136,34170401,5,'111110029015',''),(1136,34170401,6,'',''),(1136,34170401,8,'BDVPF 3460J',''),(1136,34170401,9,'',''),(1136,34170401,10,'15000-FIX',''),(1136,34170401,11,'0',''),(1136,34170501,1,'11',''),(1136,34170501,3,'JF',''),(1136,34170501,4,'Dena Bank',''),(1136,34170501,5,'111110029015',''),(1136,34170501,6,'',''),(1136,34170501,8,'BDVPF 3460J',''),(1136,34170501,9,'',''),(1136,34170501,10,'31340-FIX',''),(1136,34170501,11,'0',''),(1137,34170401,1,'3',''),(1137,34170401,3,'AL',''),(1137,34170401,4,'Dena Bank',''),(1137,34170401,5,'111110001721',''),(1137,34170401,6,'MED/GUJ/26413',''),(1137,34170401,8,'ABCPD8187E',''),(1137,34170401,9,'',''),(1137,34170401,10,'44900-142400',''),(1137,34170401,11,'',''),(1137,34170501,1,'3',''),(1137,34170501,3,'AL',''),(1137,34170501,4,'Dena Bank',''),(1137,34170501,5,'111110001721',''),(1137,34170501,6,'MED/GUJ/26413',''),(1137,34170501,8,'ABCPD8187E',''),(1137,34170501,9,'',''),(1137,34170501,10,'44900-142400',''),(1137,34170501,11,'',''),(1138,34170401,1,'6',''),(1138,34170401,3,'SWE',''),(1138,34170401,4,'Dena Bank',''),(1138,34170401,5,'111110004104',''),(1138,34170401,6,'M/DAT/GUJ/11873',''),(1138,34170401,8,'APPLIED FOR',''),(1138,34170401,9,'A-9, NEW CIVIL CAMPUS',''),(1138,34170401,10,'15000-47600',''),(1138,34170401,11,'3280',''),(1138,34170501,1,'6',''),(1138,34170501,3,'SWE',''),(1138,34170501,4,'Dena Bank',''),(1138,34170501,5,'111110004104',''),(1138,34170501,6,'M/DAT/GUJ/11873',''),(1138,34170501,8,'APPLIED FOR',''),(1138,34170501,9,'A-9, NEW CIVIL CAMPUS',''),(1138,34170501,10,'15000-47600',''),(1138,34170501,11,'3280',''),(1139,34170401,1,'5',''),(1139,34170401,3,'LT',''),(1139,34170401,4,'Dena Bank',''),(1139,34170401,5,'111110003401',''),(1139,34170401,6,'MED/GUJ/08962',''),(1139,34170401,8,'ABFPC2745L',''),(1139,34170401,9,'',''),(1139,34170401,10,'35400-112400',''),(1139,34170401,11,'0',''),(1139,34170501,1,'5',''),(1139,34170501,3,'LT',''),(1139,34170501,4,'Dena Bank',''),(1139,34170501,5,'111110003401',''),(1139,34170501,6,'MED/GUJ/08962',''),(1139,34170501,8,'ABFPC2745L',''),(1139,34170501,9,'',''),(1139,34170501,10,'35400-112400',''),(1139,34170501,11,'0',''),(1140,34170401,1,'6',''),(1140,34170401,3,'SWE',''),(1140,34170401,4,'Dena Bank',''),(1140,34170401,5,'111110002915',''),(1140,34170401,6,'M/DAT/GUJ/13096',''),(1140,34170401,8,'CFUPS7143P',''),(1140,34170401,9,'A-4, NEW CIVIL CAMPUS',''),(1140,34170401,10,'15700-50000',''),(1140,34170401,11,'3410',''),(1140,34170501,1,'6',''),(1140,34170501,3,'SWE',''),(1140,34170501,4,'Dena Bank',''),(1140,34170501,5,'111110002915',''),(1140,34170501,6,'M/DAT/GUJ/13096',''),(1140,34170501,8,'CFUPS7143P',''),(1140,34170501,9,'A-4, NEW CIVIL CAMPUS',''),(1140,34170501,10,'15700-50000',''),(1140,34170501,11,'3410',''),(1141,34170401,1,'3',''),(1141,34170401,3,'WAT',''),(1141,34170401,4,'Dena Bank',''),(1141,34170401,5,'111110002861',''),(1141,34170401,6,'M/DAT/GUJ/09250',''),(1141,34170401,8,'AIFPM6528E',''),(1141,34170401,9,'A-6,NEW CIVIL CAMPUS',''),(1141,34170401,10,'15700-50000',''),(1141,34170401,11,'3860',''),(1141,34170501,1,'3',''),(1141,34170501,3,'WAT',''),(1141,34170501,4,'Dena Bank',''),(1141,34170501,5,'111110002861',''),(1141,34170501,6,'M/DAT/GUJ/09250',''),(1141,34170501,8,'AIFPM6528E',''),(1141,34170501,9,'A-6,NEW CIVIL CAMPUS',''),(1141,34170501,10,'15700-50000',''),(1141,34170501,11,'3860',''),(1142,34170401,1,'10',''),(1142,34170401,3,'LT',''),(1142,34170401,4,'Dena Bank',''),(1142,34170401,5,'111110027664',''),(1142,34170401,6,'',''),(1142,34170401,8,'BDGPP 1581B',''),(1142,34170401,9,'',''),(1142,34170401,10,'31340FIX',''),(1142,34170401,11,'',''),(1142,34170501,1,'10',''),(1142,34170501,3,'LT',''),(1142,34170501,4,'Dena Bank',''),(1142,34170501,5,'111110027664',''),(1142,34170501,6,'',''),(1142,34170501,8,'BDGPP 1581B',''),(1142,34170501,9,'',''),(1142,34170501,10,'31340FIX',''),(1142,34170501,11,'',''),(1143,34170401,1,'5',''),(1143,34170401,3,'OS',''),(1143,34170401,4,'Dena Bank',''),(1143,34170401,5,'111110002190',''),(1143,34170401,6,'MED/GUJ/26164',''),(1143,34170401,8,'AEDPP1004J',''),(1143,34170401,9,'',''),(1143,34170401,10,'39900-126600',''),(1143,34170401,11,'0',''),(1143,34170501,1,'',''),(1143,34170501,3,'OS',''),(1143,34170501,4,'Dena Bank',''),(1143,34170501,5,'111110002190',''),(1143,34170501,6,'MED/GUJ/26164',''),(1143,34170501,8,'AEDPP1004J',''),(1143,34170501,9,'',''),(1143,34170501,10,'39900-126600',''),(1143,34170501,11,'0',''),(1144,34170401,1,'6',''),(1144,34170401,3,'SWE',''),(1144,34170401,4,'Dena Bank',''),(1144,34170401,5,'111110004034',''),(1144,34170401,6,'M/DAT/GUJ/13811',''),(1144,34170401,8,'ASYPS3582K',''),(1144,34170401,9,'',''),(1144,34170401,10,'15700-50000',''),(1144,34170401,11,'0',''),(1144,34170501,1,'6',''),(1144,34170501,3,'SWE',''),(1144,34170501,4,'Dena Bank',''),(1144,34170501,5,'111110004034',''),(1144,34170501,6,'M/DAT/GUJ/13811',''),(1144,34170501,8,'ASYPS3582K',''),(1144,34170501,9,'',''),(1144,34170501,10,'15700-50000',''),(1144,34170501,11,'0',''),(1145,34170401,1,'5',''),(1145,34170401,3,'JRC',''),(1145,34170401,4,'Dena Bank',''),(1145,34170401,5,'111110005018',''),(1145,34170401,6,'PW/GUJ/38502',''),(1145,34170401,8,'AGSPS1920R',''),(1145,34170401,9,'',''),(1145,34170401,10,'35400-112400',''),(1145,34170401,11,'0',''),(1145,34170501,1,'5',''),(1145,34170501,3,'JRC',''),(1145,34170501,4,'Dena Bank',''),(1145,34170501,5,'111110005018',''),(1145,34170501,6,'PW/GUJ/38502',''),(1145,34170501,8,'AGSPS1920R',''),(1145,34170501,9,'',''),(1145,34170501,10,'35400-112400',''),(1145,34170501,11,'0',''),(1146,34170401,1,'',''),(1146,34170401,3,'L/A',''),(1146,34170401,4,'Dena Bank',''),(1146,34170401,5,'111110026160',''),(1146,34170401,6,'',''),(1146,34170401,8,'',''),(1146,34170401,9,'',''),(1146,34170401,10,'',''),(1146,34170401,11,'',''),(1146,34170501,1,'8',''),(1146,34170501,3,'L/A',''),(1146,34170501,4,'Dena Bank',''),(1146,34170501,5,'111110026160',''),(1146,34170501,6,'',''),(1146,34170501,8,'AFJPL 6470M',''),(1146,34170501,9,'',''),(1146,34170501,10,'19900-63200',''),(1146,34170501,11,'',''),(1147,34170401,1,'6',''),(1147,34170401,3,'LAT',''),(1147,34170401,4,'Dena Bank',''),(1147,34170401,5,'111110002257',''),(1147,34170401,6,'M/DAT/GUJ/14451',''),(1147,34170401,8,'ABEPH3744F',''),(1147,34170401,9,'A-1,NEW CIVIL CAMPUS',''),(1147,34170401,10,'15000-47600',''),(1147,34170401,11,'3280',''),(1147,34170501,1,'6',''),(1147,34170501,3,'LAT',''),(1147,34170501,4,'Dena Bank',''),(1147,34170501,5,'111110002257',''),(1147,34170501,6,'M/DAT/GUJ/14451',''),(1147,34170501,8,'ABEPH3744F',''),(1147,34170501,9,'A-1,NEW CIVIL CAMPUS',''),(1147,34170501,10,'15000-47600',''),(1147,34170501,11,'3280',''),(1148,34170401,1,'5',''),(1148,34170401,3,'LT',''),(1148,34170401,4,'Dena Bank',''),(1148,34170401,5,'111110002225',''),(1148,34170401,6,'MED/GUJ/36075',''),(1148,34170401,8,'AGSPS2114F',''),(1148,34170401,9,'',''),(1148,34170401,10,'29200-92300',''),(1148,34170401,11,'0',''),(1148,34170501,1,'5',''),(1148,34170501,3,'LT',''),(1148,34170501,4,'Dena Bank',''),(1148,34170501,5,'111110002225',''),(1148,34170501,6,'MED/GUJ/36075',''),(1148,34170501,8,'AGSPS2114F',''),(1148,34170501,9,'',''),(1148,34170501,10,'29200-92300',''),(1148,34170501,11,'0',''),(1149,34170401,1,'3',''),(1149,34170401,3,'WAT',''),(1149,34170401,4,'Dena Bank',''),(1149,34170401,5,'111110003992',''),(1149,34170401,6,'M/DAT/GUJ/12336',''),(1149,34170401,8,'BAVPP0506L',''),(1149,34170401,9,'',''),(1149,34170401,10,'15700-50000',''),(1149,34170401,11,'3540',''),(1149,34170501,1,'3',''),(1149,34170501,3,'WAT',''),(1149,34170501,4,'Dena Bank',''),(1149,34170501,5,'111110003992',''),(1149,34170501,6,'M/DAT/GUJ/12336',''),(1149,34170501,8,'BAVPP0506L',''),(1149,34170501,9,'',''),(1149,34170501,10,'15700-50000',''),(1149,34170501,11,'3540',''),(1150,34170401,1,'10',''),(1150,34170401,3,'LT',''),(1150,34170401,4,'Dena Bank',''),(1150,34170401,5,'111110027641',''),(1150,34170401,6,'',''),(1150,34170401,8,'BKIPG 9051L',''),(1150,34170401,9,'',''),(1150,34170401,10,'31340FIX',''),(1150,34170401,11,'',''),(1150,34170501,1,'10',''),(1150,34170501,3,'LT',''),(1150,34170501,4,'Dena Bank',''),(1150,34170501,5,'111110027641',''),(1150,34170501,6,'',''),(1150,34170501,8,'BKIPG 9051L',''),(1150,34170501,9,'',''),(1150,34170501,10,'31340FIX',''),(1150,34170501,11,'',''),(1151,34170401,1,'3',''),(1151,34170401,3,'SWE',''),(1151,34170401,4,'Dena Bank',''),(1151,34170401,5,'111110004080',''),(1151,34170401,6,'M/DAT/GUJ/12563',''),(1151,34170401,8,'CGUPS4907C',''),(1151,34170401,9,'',''),(1151,34170401,10,'15000-47600',''),(1151,34170401,11,'3410',''),(1151,34170501,1,'3',''),(1151,34170501,3,'SWE',''),(1151,34170501,4,'Dena Bank',''),(1151,34170501,5,'111110004080',''),(1151,34170501,6,'M/DAT/GUJ/12563',''),(1151,34170501,8,'CGUPS4907C',''),(1151,34170501,9,'',''),(1151,34170501,10,'15000-47600',''),(1151,34170501,11,'3410',''),(1152,34170401,1,'',''),(1152,34170401,3,'CL4',''),(1152,34170401,4,'Dena Bank',''),(1152,34170401,5,'111110005087',''),(1152,34170401,6,'CPF A/c2011140746600006',''),(1152,34170401,8,'0',''),(1152,34170401,9,'',''),(1152,34170401,10,'',''),(1152,34170401,11,'',''),(1152,34170501,1,'8',''),(1152,34170501,3,'CL4',''),(1152,34170501,4,'Dena Bank',''),(1152,34170501,5,'111110005087',''),(1152,34170501,6,'',''),(1152,34170501,7,'2011140746600006',''),(1152,34170501,8,'0',''),(1152,34170501,9,'',''),(1152,34170501,10,'14800-47100',''),(1152,34170501,11,'',''),(1153,34170401,1,'5',''),(1153,34170401,3,'SRC',''),(1153,34170401,4,'Dena Bank',''),(1153,34170401,5,'111110002031',''),(1153,34170401,6,'MED/GUJ/26515',''),(1153,34170401,8,'ABNPG7849K',''),(1153,34170401,9,'',''),(1153,34170401,10,'25500-81100',''),(1153,34170401,11,'0',''),(1153,34170501,1,'5',''),(1153,34170501,3,'SRC',''),(1153,34170501,4,'Dena Bank',''),(1153,34170501,5,'111110002031',''),(1153,34170501,6,'MED/GUJ/26515',''),(1153,34170501,8,'ABNPG7849K',''),(1153,34170501,9,'',''),(1153,34170501,10,'25500-81100',''),(1153,34170501,11,'0',''),(1154,34170401,1,'',''),(1154,34170401,3,'JRC',''),(1154,34170401,4,'Dena Bank',''),(1154,34170401,5,'111110025148',''),(1154,34170401,6,'',''),(1154,34170401,8,'0',''),(1154,34170401,9,'',''),(1154,34170401,10,'',''),(1154,34170401,11,'',''),(1154,34170501,1,'8',''),(1154,34170501,3,'JRC',''),(1154,34170501,4,'Dena Bank',''),(1154,34170501,5,'111110025148',''),(1154,34170501,6,'',''),(1154,34170501,7,'2016140746600019',''),(1154,34170501,8,'0',''),(1154,34170501,9,'D-30,GOVT. MEDICAL COLLEGE,SURAT',''),(1154,34170501,10,'19900-63200',''),(1154,34170501,11,'',''),(1155,34170401,1,'7',''),(1155,34170401,3,'HC',''),(1155,34170401,4,'Dena Bank',''),(1155,34170401,5,'111110003778',''),(1155,34170401,6,'MED/GUJ/26665',''),(1155,34170401,8,'ADTPD 0476B',''),(1155,34170401,9,'',''),(1155,34170401,10,'35400-112400',''),(1155,34170401,11,'0',''),(1155,34170501,1,'7',''),(1155,34170501,3,'HC',''),(1155,34170501,4,'Dena Bank',''),(1155,34170501,5,'111110003778',''),(1155,34170501,6,'MED/GUJ/26665',''),(1155,34170501,8,'ADTPD 0476B',''),(1155,34170501,9,'',''),(1155,34170501,10,'35400-112400',''),(1155,34170501,11,'0',''),(1156,34170401,1,'9',''),(1156,34170401,3,'LT',''),(1156,34170401,4,'Dena Bank',''),(1156,34170401,5,'111110029474',''),(1156,34170401,6,'NOT ALLOTED',''),(1156,34170401,8,'',''),(1156,34170401,9,'',''),(1156,34170401,10,'31340-FIXED',''),(1156,34170401,11,'',''),(1156,34170501,1,'9',''),(1156,34170501,3,'LT',''),(1156,34170501,4,'Dena Bank',''),(1156,34170501,5,'111110029474',''),(1156,34170501,6,'NOT ALLOTED',''),(1156,34170501,8,'DJHPP 8311L',''),(1156,34170501,9,'',''),(1156,34170501,10,'31340-FIXED',''),(1156,34170501,11,'',''),(1157,34170401,1,'10',''),(1157,34170401,3,'LT',''),(1157,34170401,4,'Dena Bank',''),(1157,34170401,5,'111110029442',''),(1157,34170401,6,'',''),(1157,34170401,8,'BBNPP 6365A',''),(1157,34170401,9,'',''),(1157,34170401,10,'31340FIX',''),(1157,34170401,11,'',''),(1157,34170501,1,'10',''),(1157,34170501,3,'LT',''),(1157,34170501,4,'Dena Bank',''),(1157,34170501,5,'111110029442',''),(1157,34170501,6,'',''),(1157,34170501,8,'BBNPP 6365A',''),(1157,34170501,9,'',''),(1157,34170501,10,'31340FIX',''),(1157,34170501,11,'',''),(1158,34170401,1,'9',''),(1158,34170401,3,'LA',''),(1158,34170401,4,'Dena Bank',''),(1158,34170401,5,'9910030862',''),(1158,34170401,6,'',''),(1158,34170401,8,'',''),(1158,34170401,9,'',''),(1158,34170401,10,'19950-FIXED',''),(1158,34170401,11,'',''),(1158,34170501,1,'9',''),(1158,34170501,3,'LA',''),(1158,34170501,4,'Dena Bank',''),(1158,34170501,5,'9910030862',''),(1158,34170501,6,'',''),(1158,34170501,8,'',''),(1158,34170501,9,'',''),(1158,34170501,10,'19950-FIXED',''),(1158,34170501,11,'',''),(1159,34170401,1,'6',''),(1159,34170401,3,'SWE',''),(1159,34170401,4,'Dena Bank',''),(1159,34170401,5,'111110004002',''),(1159,34170401,6,'M/DAT/GUJ/10673',''),(1159,34170401,8,'BAVPP0554J',''),(1159,34170401,9,'',''),(1159,34170401,10,'15700-50000',''),(1159,34170401,11,'3790',''),(1159,34170501,1,'6',''),(1159,34170501,3,'SWE',''),(1159,34170501,4,'Dena Bank',''),(1159,34170501,5,'111110004002',''),(1159,34170501,6,'M/DAT/GUJ/10673',''),(1159,34170501,8,'BAVPP0554J',''),(1159,34170501,9,'',''),(1159,34170501,10,'15700-50000',''),(1159,34170501,11,'3790',''),(1160,34170501,1,'5',''),(1160,34170501,2,'Office of The Dean',''),(1160,34170501,3,'OS',''),(1160,34170501,4,'Dena Bank',''),(1160,34170501,5,'11110002190',''),(1160,34170501,6,'MED/GUJ/26164',''),(1160,34170501,8,'AEDPP 1004J',''),(1160,34170501,10,'39900-126600',''),(1161,34170501,1,'10',''),(1161,34170501,2,'Biochemistry',''),(1161,34170501,3,'LT',''),(1161,34170501,4,'AXIS',''),(1161,34170501,5,'913010025241329',''),(1161,34170501,10,'31,340FIX','');
/*!40000 ALTER TABLE `nonsalary` ENABLE KEYS */;
UNLOCK TABLES;

--
-- Table structure for table `nonsalary_type`
--

DROP TABLE IF EXISTS `nonsalary_type`;
/*!40101 SET @saved_cs_client     = @@character_set_client */;
/*!40101 SET character_set_client = utf8 */;
CREATE TABLE `nonsalary_type` (
  `nonsalary_type_id` int(11) NOT NULL,
  `name` varchar(50) NOT NULL,
  PRIMARY KEY (`nonsalary_type_id`)
) ENGINE=InnoDB DEFAULT CHARSET=latin1;
/*!40101 SET character_set_client = @saved_cs_client */;

--
-- Dumping data for table `nonsalary_type`
--

LOCK TABLES `nonsalary_type` WRITE;
/*!40000 ALTER TABLE `nonsalary_type` DISABLE KEYS */;
INSERT INTO `nonsalary_type` VALUES (1,'bill_number'),(2,'department'),(3,'post'),(4,'bank'),(5,'bank account number'),(6,'GPF account number'),(7,'CPF account number'),(8,'PAN'),(9,'Quarter'),(10,'Pay Scale'),(11,'Old Pay Scale');
/*!40000 ALTER TABLE `nonsalary_type` ENABLE KEYS */;
UNLOCK TABLES;

--
-- Table structure for table `post`
--

DROP TABLE IF EXISTS `post`;
/*!40101 SET @saved_cs_client     = @@character_set_client */;
/*!40101 SET character_set_client = utf8 */;
CREATE TABLE `post` (
  `post` varchar(100) NOT NULL,
  PRIMARY KEY (`post`)
) ENGINE=InnoDB DEFAULT CHARSET=latin1;
/*!40101 SET character_set_client = @saved_cs_client */;

--
-- Dumping data for table `post`
--

LOCK TABLES `post` WRITE;
/*!40000 ALTER TABLE `post` DISABLE KEYS */;
INSERT INTO `post` VALUES (''),('AK'),('AL'),('Assistant Professor'),('Associate Professor'),('C/A'),('CL4'),('Dean'),('DM'),('DRA'),('DRI'),('HC'),('HE'),('HTC'),('JF'),('JRC'),('L/A'),('LA'),('LAT'),('LT'),('Medical Superintendent'),('MLI'),('MUK'),('OS'),('PEO'),('PHN'),('PLU'),('Professor'),('S/N'),('Seniar Clerk'),('SI'),('SO'),('SRC'),('SWE'),('Tutor'),('WAT'),('XT');
/*!40000 ALTER TABLE `post` ENABLE KEYS */;
UNLOCK TABLES;

--
-- Table structure for table `salary`
--

DROP TABLE IF EXISTS `salary`;
/*!40101 SET @saved_cs_client     = @@character_set_client */;
/*!40101 SET character_set_client = utf8 */;
CREATE TABLE `salary` (
  `staff_id` bigint(20) NOT NULL,
  `bill_group` bigint(11) NOT NULL,
  `salary_type_id` int(11) NOT NULL,
  `amount` float NOT NULL,
  `remark` varchar(100) NOT NULL,
  PRIMARY KEY (`staff_id`,`bill_group`,`salary_type_id`),
  KEY `bill_group` (`bill_group`),
  KEY `salary_type_id` (`salary_type_id`),
  CONSTRAINT `salary_ibfk_1` FOREIGN KEY (`staff_id`) REFERENCES `staff` (`staff_id`) ON UPDATE CASCADE,
  CONSTRAINT `salary_ibfk_3` FOREIGN KEY (`bill_group`) REFERENCES `bill_group` (`bill_group`) ON UPDATE CASCADE,
  CONSTRAINT `salary_ibfk_4` FOREIGN KEY (`salary_type_id`) REFERENCES `salary_type` (`salary_type_id`) ON UPDATE CASCADE
) ENGINE=InnoDB DEFAULT CHARSET=latin1;
/*!40101 SET character_set_client = @saved_cs_client */;

--
-- Dumping data for table `salary`
--

LOCK TABLES `salary` WRITE;
/*!40000 ALTER TABLE `salary` DISABLE KEYS */;
INSERT INTO `salary` VALUES (1001,34170401,3,31100,''),(1001,34170401,4,0,''),(1001,34170401,7,0,''),(1001,34170401,8,150,''),(1001,34170401,9,2352,''),(1001,34170401,10,300,''),(1001,34170401,12,0,''),(1001,34170401,13,800,''),(1001,34170401,14,30,''),(1001,34170401,18,0,''),(1001,34170401,20,0,''),(1001,34170401,21,0,''),(1001,34170401,22,200,''),(1001,34170401,23,15,''),(1001,34170401,24,35,''),(1001,34170401,25,0,''),(1001,34170401,26,12000,''),(1001,34170401,29,0,''),(1001,34170401,30,500,'6/10'),(1001,34170401,39,0,''),(1001,34170401,40,0,''),(1001,34170401,41,0,''),(1001,34170401,42,0,''),(1001,34170401,43,0,''),(1001,34170401,44,0,''),(1001,34170501,3,31100,''),(1001,34170501,4,0,''),(1001,34170501,7,1244,''),(1001,34170501,8,150,''),(1001,34170501,9,2352,''),(1001,34170501,10,300,''),(1001,34170501,12,800,''),(1001,34170501,13,0,''),(1001,34170501,14,60,''),(1001,34170501,18,0,''),(1001,34170501,20,0,''),(1001,34170501,21,0,''),(1001,34170501,22,200,''),(1001,34170501,23,15,''),(1001,34170501,24,35,''),(1001,34170501,25,0,''),(1001,34170501,26,14000,''),(1001,34170501,29,0,''),(1001,34170501,30,500,'7/10'),(1001,34170501,39,0,''),(1001,34170501,40,0,''),(1001,34170501,41,0,''),(1001,34170501,42,0,''),(1001,34170501,43,0,''),(1001,34170501,44,0,''),(1002,34170401,3,19950,''),(1002,34170401,4,0,''),(1002,34170401,7,0,''),(1002,34170401,8,0,''),(1002,34170401,9,0,''),(1002,34170401,10,0,''),(1002,34170401,12,0,''),(1002,34170401,13,0,''),(1002,34170401,14,0,''),(1002,34170401,18,0,''),(1002,34170401,20,0,''),(1002,34170401,21,0,''),(1002,34170401,22,200,''),(1002,34170401,23,0,''),(1002,34170401,24,0,''),(1002,34170401,25,0,''),(1002,34170401,26,0,''),(1002,34170401,29,0,''),(1002,34170401,30,0,''),(1002,34170401,39,0,''),(1002,34170401,40,0,''),(1002,34170401,41,0,''),(1002,34170401,42,0,''),(1002,34170401,43,0,''),(1002,34170401,44,0,''),(1002,34170501,3,19950,''),(1002,34170501,4,0,''),(1002,34170501,7,0,''),(1002,34170501,8,0,''),(1002,34170501,9,0,''),(1002,34170501,10,0,''),(1002,34170501,12,0,''),(1002,34170501,13,0,''),(1002,34170501,14,0,''),(1002,34170501,18,0,''),(1002,34170501,20,0,''),(1002,34170501,21,0,''),(1002,34170501,22,200,''),(1002,34170501,23,0,''),(1002,34170501,24,0,''),(1002,34170501,25,0,''),(1002,34170501,26,0,''),(1002,34170501,29,0,''),(1002,34170501,30,0,''),(1002,34170501,39,0,''),(1002,34170501,40,0,''),(1002,34170501,41,0,''),(1002,34170501,42,0,''),(1002,34170501,43,0,''),(1002,34170501,44,0,''),(1003,34170401,3,47600,''),(1003,34170401,4,0,''),(1003,34170401,7,0,''),(1003,34170401,8,240,''),(1003,34170401,9,3612,''),(1003,34170401,10,300,''),(1003,34170401,12,0,''),(1003,34170401,13,800,''),(1003,34170401,14,0,''),(1003,34170401,18,0,''),(1003,34170401,20,1000,''),(1003,34170401,21,0,''),(1003,34170401,22,200,''),(1003,34170401,23,30,''),(1003,34170401,24,70,''),(1003,34170401,25,11000,''),(1003,34170401,26,0,''),(1003,34170401,29,0,''),(1003,34170401,30,0,''),(1003,34170401,39,0,''),(1003,34170401,40,0,''),(1003,34170401,41,0,''),(1003,34170401,42,0,''),(1003,34170401,43,0,'0'),(1003,34170401,44,0,''),(1003,34170501,3,47600,''),(1003,34170501,4,0,''),(1003,34170501,7,0,''),(1003,34170501,8,240,''),(1003,34170501,9,3612,''),(1003,34170501,10,300,''),(1003,34170501,12,0,''),(1003,34170501,13,800,''),(1003,34170501,14,0,''),(1003,34170501,18,0,''),(1003,34170501,20,1000,''),(1003,34170501,21,0,''),(1003,34170501,22,200,''),(1003,34170501,23,30,''),(1003,34170501,24,70,''),(1003,34170501,25,11000,''),(1003,34170501,26,0,''),(1003,34170501,29,0,''),(1003,34170501,30,0,''),(1003,34170501,39,0,''),(1003,34170501,40,0,''),(1003,34170501,41,0,''),(1003,34170501,42,0,''),(1003,34170501,43,0,''),(1003,34170501,44,0,''),(1004,34170401,3,0,''),(1004,34170401,4,0,''),(1004,34170401,7,0,''),(1004,34170401,8,0,''),(1004,34170401,9,0,''),(1004,34170401,10,0,''),(1004,34170401,12,0,''),(1004,34170401,13,0,''),(1004,34170401,14,0,''),(1004,34170401,18,0,''),(1004,34170401,20,0,''),(1004,34170401,21,0,''),(1004,34170401,22,0,''),(1004,34170401,23,0,''),(1004,34170401,24,0,''),(1004,34170401,25,0,''),(1004,34170401,26,0,''),(1004,34170401,29,0,''),(1004,34170401,30,0,''),(1004,34170401,39,0,''),(1004,34170401,40,0,''),(1004,34170401,41,0,''),(1004,34170401,42,0,''),(1004,34170401,43,0,''),(1004,34170401,44,0,''),(1004,34170501,3,0,''),(1004,34170501,4,0,''),(1004,34170501,7,0,''),(1004,34170501,8,0,''),(1004,34170501,9,0,''),(1004,34170501,10,0,''),(1004,34170501,12,0,''),(1004,34170501,13,0,''),(1004,34170501,14,0,''),(1004,34170501,18,0,''),(1004,34170501,20,0,''),(1004,34170501,21,0,''),(1004,34170501,22,0,''),(1004,34170501,23,0,''),(1004,34170501,24,0,''),(1004,34170501,25,0,''),(1004,34170501,26,0,''),(1004,34170501,29,0,''),(1004,34170501,30,0,''),(1004,34170501,39,0,''),(1004,34170501,40,0,''),(1004,34170501,41,0,''),(1004,34170501,42,0,''),(1004,34170501,43,0,''),(1004,34170501,44,0,''),(1005,34170401,3,30200,''),(1005,34170401,4,0,''),(1005,34170401,7,0,''),(1005,34170401,8,150,''),(1005,34170401,9,2324,''),(1005,34170401,10,300,''),(1005,34170401,12,0,''),(1005,34170401,13,800,''),(1005,34170401,14,60,''),(1005,34170401,18,0,''),(1005,34170401,20,0,''),(1005,34170401,21,0,''),(1005,34170401,22,200,''),(1005,34170401,23,15,''),(1005,34170401,24,35,''),(1005,34170401,25,0,''),(1005,34170401,26,10000,''),(1005,34170401,29,0,''),(1005,34170401,30,500,'6/10'),(1005,34170401,39,0,''),(1005,34170401,40,0,''),(1005,34170401,41,0,''),(1005,34170401,42,3402,''),(1005,34170401,43,0,'0'),(1005,34170401,44,1895,''),(1005,34170501,3,30200,''),(1005,34170501,4,0,''),(1005,34170501,7,0,''),(1005,34170501,8,150,''),(1005,34170501,9,2324,''),(1005,34170501,10,300,''),(1005,34170501,12,0,''),(1005,34170501,13,800,''),(1005,34170501,14,60,''),(1005,34170501,18,0,''),(1005,34170501,20,0,''),(1005,34170501,21,0,''),(1005,34170501,22,200,''),(1005,34170501,23,15,''),(1005,34170501,24,35,''),(1005,34170501,25,0,''),(1005,34170501,26,10000,''),(1005,34170501,29,0,''),(1005,34170501,30,500,'7/10'),(1005,34170501,39,0,''),(1005,34170501,40,0,''),(1005,34170501,41,0,''),(1005,34170501,42,0,''),(1005,34170501,43,0,''),(1005,34170501,44,0,''),(1006,34170401,3,31340,''),(1006,34170401,4,0,''),(1006,34170401,7,0,''),(1006,34170401,8,0,''),(1006,34170401,9,0,''),(1006,34170401,10,0,''),(1006,34170401,12,0,''),(1006,34170401,13,0,''),(1006,34170401,14,0,''),(1006,34170401,18,0,''),(1006,34170401,20,200,''),(1006,34170401,21,0,''),(1006,34170401,22,200,''),(1006,34170401,23,0,''),(1006,34170401,24,0,''),(1006,34170401,25,0,''),(1006,34170401,26,0,''),(1006,34170401,29,0,''),(1006,34170401,30,0,''),(1006,34170401,39,0,''),(1006,34170401,40,0,''),(1006,34170401,41,0,''),(1006,34170401,42,0,''),(1006,34170401,43,0,''),(1006,34170401,44,0,''),(1006,34170501,3,31340,''),(1006,34170501,4,0,''),(1006,34170501,7,0,''),(1006,34170501,8,0,''),(1006,34170501,9,0,''),(1006,34170501,10,0,''),(1006,34170501,12,0,''),(1006,34170501,13,0,''),(1006,34170501,14,0,''),(1006,34170501,18,0,''),(1006,34170501,20,200,''),(1006,34170501,21,0,''),(1006,34170501,22,200,''),(1006,34170501,23,0,''),(1006,34170501,24,0,''),(1006,34170501,25,0,''),(1006,34170501,26,0,''),(1006,34170501,29,0,''),(1006,34170501,30,0,''),(1006,34170501,39,0,''),(1006,34170501,40,0,''),(1006,34170501,41,0,''),(1006,34170501,42,0,''),(1006,34170501,43,0,''),(1006,34170501,44,0,''),(1007,34170401,3,21100,''),(1007,34170401,4,1900,''),(1007,34170401,7,0,''),(1007,34170401,8,150,''),(1007,34170401,9,4600,''),(1007,34170401,10,300,''),(1007,34170401,12,0,''),(1007,34170401,13,800,''),(1007,34170401,14,0,''),(1007,34170401,18,0,''),(1007,34170401,20,0,''),(1007,34170401,21,0,''),(1007,34170401,22,30,''),(1007,34170401,23,0,''),(1007,34170401,24,0,''),(1007,34170401,25,0,''),(1007,34170401,26,0,''),(1007,34170401,29,0,''),(1007,34170401,30,0,''),(1007,34170401,39,0,''),(1007,34170401,40,0,''),(1007,34170401,41,0,''),(1007,34170401,42,0,''),(1007,34170401,43,0,''),(1007,34170401,44,23000,''),(1007,34170501,3,21100,''),(1007,34170501,4,0,''),(1007,34170501,7,844,''),(1007,34170501,8,150,''),(1007,34170501,9,1642,''),(1007,34170501,10,300,''),(1007,34170501,12,0,''),(1007,34170501,13,200,''),(1007,34170501,14,0,''),(1007,34170501,18,0,''),(1007,34170501,20,0,''),(1007,34170501,21,0,''),(1007,34170501,22,200,''),(1007,34170501,23,30,''),(1007,34170501,24,70,''),(1007,34170501,25,0,''),(1007,34170501,26,0,''),(1007,34170501,27,2194,''),(1007,34170501,29,0,''),(1007,34170501,30,0,''),(1007,34170501,39,0,''),(1007,34170501,40,0,''),(1007,34170501,41,0,''),(1007,34170501,42,0,''),(1007,34170501,43,0,''),(1007,34170501,44,0,''),(1008,34170401,3,29300,''),(1008,34170401,4,0,''),(1008,34170401,7,0,''),(1008,34170401,8,150,''),(1008,34170401,9,2256,''),(1008,34170401,10,300,''),(1008,34170401,12,0,''),(1008,34170401,13,800,''),(1008,34170401,14,60,''),(1008,34170401,18,0,''),(1008,34170401,20,200,''),(1008,34170401,21,0,''),(1008,34170401,22,200,''),(1008,34170401,23,15,''),(1008,34170401,24,35,''),(1008,34170401,25,0,''),(1008,34170401,26,6000,''),(1008,34170401,29,0,''),(1008,34170401,30,500,'6/10'),(1008,34170401,39,0,''),(1008,34170401,40,0,''),(1008,34170401,41,0,''),(1008,34170401,42,3490,''),(1008,34170401,43,0,''),(1008,34170401,44,1860,''),(1008,34170501,3,29300,''),(1008,34170501,4,0,''),(1008,34170501,7,1172,''),(1008,34170501,8,150,''),(1008,34170501,9,2256,''),(1008,34170501,10,300,''),(1008,34170501,12,800,''),(1008,34170501,13,0,''),(1008,34170501,14,60,''),(1008,34170501,18,0,''),(1008,34170501,20,200,''),(1008,34170501,21,0,''),(1008,34170501,22,200,''),(1008,34170501,23,15,''),(1008,34170501,24,35,''),(1008,34170501,25,0,''),(1008,34170501,26,6000,''),(1008,34170501,29,0,''),(1008,34170501,30,500,'7/10'),(1008,34170501,39,0,''),(1008,34170501,40,0,''),(1008,34170501,41,0,''),(1008,34170501,42,0,''),(1008,34170501,43,0,''),(1008,34170501,44,0,''),(1009,34170401,3,60400,''),(1009,34170401,4,0,''),(1009,34170401,7,0,''),(1009,34170401,8,240,''),(1009,34170401,9,4572,''),(1009,34170401,10,0,''),(1009,34170401,12,0,''),(1009,34170401,13,800,''),(1009,34170401,14,1100,''),(1009,34170401,18,150,''),(1009,34170401,20,3500,''),(1009,34170401,21,0,''),(1009,34170401,22,200,''),(1009,34170401,23,60,''),(1009,34170401,24,140,''),(1009,34170401,25,20000,''),(1009,34170401,26,0,''),(1009,34170401,29,0,''),(1009,34170401,30,0,''),(1009,34170401,39,0,''),(1009,34170401,40,0,''),(1009,34170401,41,0,''),(1009,34170401,42,0,''),(1009,34170401,43,0,''),(1009,34170401,44,0,''),(1009,34170501,3,60400,''),(1009,34170501,4,0,''),(1009,34170501,7,0,''),(1009,34170501,8,240,''),(1009,34170501,9,4572,''),(1009,34170501,10,0,''),(1009,34170501,12,800,''),(1009,34170501,13,0,''),(1009,34170501,14,150,''),(1009,34170501,15,350,''),(1009,34170501,16,600,''),(1009,34170501,18,150,''),(1009,34170501,20,3500,''),(1009,34170501,21,0,''),(1009,34170501,22,200,''),(1009,34170501,23,60,''),(1009,34170501,24,140,''),(1009,34170501,25,20000,''),(1009,34170501,26,0,''),(1009,34170501,29,0,''),(1009,34170501,30,0,''),(1009,34170501,39,0,''),(1009,34170501,40,0,''),(1009,34170501,41,0,''),(1009,34170501,42,0,''),(1009,34170501,43,0,''),(1009,34170501,44,0,''),(1010,34170401,3,39900,''),(1010,34170401,4,0,''),(1010,34170401,7,0,''),(1010,34170401,8,240,''),(1010,34170401,9,3042,''),(1010,34170401,10,300,''),(1010,34170401,12,0,''),(1010,34170401,13,800,''),(1010,34170401,14,0,''),(1010,34170401,18,0,''),(1010,34170401,20,200,''),(1010,34170401,21,0,''),(1010,34170401,22,200,''),(1010,34170401,23,30,''),(1010,34170401,24,70,''),(1010,34170401,25,8000,''),(1010,34170401,26,0,''),(1010,34170401,29,0,''),(1010,34170401,30,0,''),(1010,34170401,39,0,''),(1010,34170401,40,0,''),(1010,34170401,41,0,''),(1010,34170401,42,0,''),(1010,34170401,43,0,''),(1010,34170401,44,0,''),(1010,34170501,3,39900,''),(1010,34170501,4,0,''),(1010,34170501,7,0,''),(1010,34170501,8,240,''),(1010,34170501,9,3042,''),(1010,34170501,10,300,''),(1010,34170501,12,0,''),(1010,34170501,13,0,''),(1010,34170501,14,0,''),(1010,34170501,18,0,''),(1010,34170501,20,200,''),(1010,34170501,21,0,''),(1010,34170501,22,200,''),(1010,34170501,23,30,''),(1010,34170501,24,70,''),(1010,34170501,25,8000,''),(1010,34170501,26,0,''),(1010,34170501,29,0,''),(1010,34170501,30,0,''),(1010,34170501,39,0,''),(1010,34170501,40,0,''),(1010,34170501,41,0,''),(1010,34170501,42,0,''),(1010,34170501,43,0,''),(1010,34170501,44,0,''),(1011,34170401,3,28400,''),(1011,34170401,4,0,''),(1011,34170401,7,0,''),(1011,34170401,8,150,''),(1011,34170401,9,0,''),(1011,34170401,10,300,''),(1011,34170401,12,0,''),(1011,34170401,13,0,''),(1011,34170401,14,60,''),(1011,34170401,18,0,''),(1011,34170401,20,100,''),(1011,34170401,21,80,''),(1011,34170401,22,200,''),(1011,34170401,23,15,''),(1011,34170401,24,35,''),(1011,34170401,25,0,''),(1011,34170401,26,3000,''),(1011,34170401,29,0,''),(1011,34170401,30,500,'6/10'),(1011,34170401,39,0,''),(1011,34170401,40,0,''),(1011,34170401,41,0,''),(1011,34170401,42,5768,''),(1011,34170401,43,510,'860498477'),(1011,34170401,44,1738,''),(1011,34170501,3,28400,''),(1011,34170501,4,0,''),(1011,34170501,7,1136,''),(1011,34170501,8,150,''),(1011,34170501,9,0,''),(1011,34170501,10,300,''),(1011,34170501,12,0,''),(1011,34170501,13,0,''),(1011,34170501,14,60,''),(1011,34170501,18,0,''),(1011,34170501,20,100,''),(1011,34170501,21,80,''),(1011,34170501,22,200,''),(1011,34170501,23,15,''),(1011,34170501,24,35,''),(1011,34170501,25,0,''),(1011,34170501,26,3000,''),(1011,34170501,29,0,''),(1011,34170501,30,500,'7/10'),(1011,34170501,39,0,''),(1011,34170501,40,0,''),(1011,34170501,41,0,''),(1011,34170501,42,0,''),(1011,34170501,43,0,''),(1011,34170501,44,0,''),(1012,34170401,3,29300,''),(1012,34170401,4,0,''),(1012,34170401,7,0,''),(1012,34170401,8,150,''),(1012,34170401,9,2244,''),(1012,34170401,10,300,''),(1012,34170401,12,0,''),(1012,34170401,13,800,''),(1012,34170401,14,48,''),(1012,34170401,18,55,''),(1012,34170401,20,0,''),(1012,34170401,21,0,''),(1012,34170401,22,200,''),(1012,34170401,23,15,''),(1012,34170401,24,35,''),(1012,34170401,25,0,''),(1012,34170401,26,11000,''),(1012,34170401,29,0,''),(1012,34170401,30,500,'6/10'),(1012,34170401,39,0,''),(1012,34170401,40,0,''),(1012,34170401,41,0,''),(1012,34170401,42,200,''),(1012,34170401,43,0,''),(1012,34170401,44,1738,''),(1012,34170501,3,29300,''),(1012,34170501,4,0,''),(1012,34170501,7,1172,''),(1012,34170501,8,150,''),(1012,34170501,9,2244,''),(1012,34170501,10,300,''),(1012,34170501,12,800,''),(1012,34170501,13,0,''),(1012,34170501,14,60,''),(1012,34170501,18,55,''),(1012,34170501,20,0,''),(1012,34170501,21,0,''),(1012,34170501,22,200,''),(1012,34170501,23,15,''),(1012,34170501,24,35,''),(1012,34170501,25,0,''),(1012,34170501,26,11000,''),(1012,34170501,29,0,''),(1012,34170501,30,500,'7/10'),(1012,34170501,39,0,''),(1012,34170501,40,0,''),(1012,34170501,41,0,''),(1012,34170501,42,0,''),(1012,34170501,43,0,''),(1012,34170501,44,0,''),(1013,34170401,3,27200,''),(1013,34170401,4,0,''),(1013,34170401,7,0,''),(1013,34170401,8,150,''),(1013,34170401,9,2056,''),(1013,34170401,10,300,''),(1013,34170401,12,0,''),(1013,34170401,13,800,''),(1013,34170401,14,60,''),(1013,34170401,18,0,''),(1013,34170401,20,0,''),(1013,34170401,21,0,''),(1013,34170401,22,200,''),(1013,34170401,23,15,''),(1013,34170401,24,35,''),(1013,34170401,25,0,''),(1013,34170401,26,12500,''),(1013,34170401,29,0,''),(1013,34170401,30,500,'6/10'),(1013,34170401,39,0,''),(1013,34170401,40,0,''),(1013,34170401,41,0,''),(1013,34170401,42,200,''),(1013,34170401,43,0,''),(1013,34170401,44,1705,''),(1013,34170501,3,27200,''),(1013,34170501,4,0,''),(1013,34170501,7,1088,''),(1013,34170501,8,150,''),(1013,34170501,9,2056,''),(1013,34170501,10,300,''),(1013,34170501,12,800,''),(1013,34170501,13,0,''),(1013,34170501,14,60,''),(1013,34170501,18,0,''),(1013,34170501,20,0,''),(1013,34170501,21,0,''),(1013,34170501,22,200,''),(1013,34170501,23,15,''),(1013,34170501,24,35,''),(1013,34170501,25,0,''),(1013,34170501,26,12000,''),(1013,34170501,29,0,''),(1013,34170501,30,500,'7/10'),(1013,34170501,39,0,''),(1013,34170501,40,0,''),(1013,34170501,41,0,''),(1013,34170501,42,0,''),(1013,34170501,43,0,''),(1013,34170501,44,0,''),(1014,34170401,3,21100,''),(1014,34170401,4,1900,''),(1014,34170401,7,0,''),(1014,34170401,8,150,''),(1014,34170401,9,0,''),(1014,34170401,10,300,''),(1014,34170401,12,0,''),(1014,34170401,13,0,''),(1014,34170401,14,0,''),(1014,34170401,18,0,''),(1014,34170401,20,0,''),(1014,34170401,21,0,''),(1014,34170401,22,30,''),(1014,34170401,23,0,''),(1014,34170401,24,0,''),(1014,34170401,25,0,''),(1014,34170401,26,0,''),(1014,34170401,29,0,''),(1014,34170401,30,0,''),(1014,34170401,39,0,''),(1014,34170401,40,0,''),(1014,34170401,41,0,''),(1014,34170401,42,0,''),(1014,34170401,43,0,''),(1014,34170401,44,23000,''),(1014,34170501,3,21100,''),(1014,34170501,4,0,''),(1014,34170501,7,844,''),(1014,34170501,8,150,''),(1014,34170501,9,0,''),(1014,34170501,10,300,''),(1014,34170501,12,0,''),(1014,34170501,13,0,''),(1014,34170501,14,0,''),(1014,34170501,18,0,''),(1014,34170501,20,0,''),(1014,34170501,21,200,''),(1014,34170501,22,200,''),(1014,34170501,23,30,''),(1014,34170501,24,70,''),(1014,34170501,25,0,''),(1014,34170501,26,0,''),(1014,34170501,27,2194,''),(1014,34170501,29,0,''),(1014,34170501,30,0,''),(1014,34170501,39,0,''),(1014,34170501,40,0,''),(1014,34170501,41,0,''),(1014,34170501,42,0,''),(1014,34170501,43,0,''),(1014,34170501,44,0,''),(1015,34170401,3,31340,''),(1015,34170401,4,0,''),(1015,34170401,7,0,''),(1015,34170401,8,0,''),(1015,34170401,9,0,''),(1015,34170401,10,0,''),(1015,34170401,12,0,''),(1015,34170401,13,0,''),(1015,34170401,14,0,''),(1015,34170401,18,0,''),(1015,34170401,20,0,''),(1015,34170401,21,200,''),(1015,34170401,22,200,''),(1015,34170401,23,0,''),(1015,34170401,24,0,''),(1015,34170401,25,0,''),(1015,34170401,26,0,''),(1015,34170401,29,0,''),(1015,34170401,30,0,''),(1015,34170401,39,0,''),(1015,34170401,40,0,''),(1015,34170401,41,0,''),(1015,34170401,42,0,''),(1015,34170401,43,0,''),(1015,34170401,44,0,''),(1015,34170501,3,31340,''),(1015,34170501,4,0,''),(1015,34170501,7,0,''),(1015,34170501,8,0,''),(1015,34170501,9,0,''),(1015,34170501,10,0,''),(1015,34170501,12,0,''),(1015,34170501,13,0,''),(1015,34170501,14,0,''),(1015,34170501,18,0,''),(1015,34170501,20,0,''),(1015,34170501,21,200,''),(1015,34170501,22,200,''),(1015,34170501,23,0,''),(1015,34170501,24,0,''),(1015,34170501,25,0,''),(1015,34170501,26,0,''),(1015,34170501,29,0,''),(1015,34170501,30,0,''),(1015,34170501,39,0,''),(1015,34170501,40,0,''),(1015,34170501,41,0,''),(1015,34170501,42,0,''),(1015,34170501,43,0,''),(1015,34170501,44,0,''),(1016,34170401,3,31340,''),(1016,34170401,4,0,''),(1016,34170401,7,0,''),(1016,34170401,8,0,''),(1016,34170401,9,0,''),(1016,34170401,10,0,''),(1016,34170401,12,0,''),(1016,34170401,13,0,''),(1016,34170401,14,0,''),(1016,34170401,18,0,''),(1016,34170401,20,0,''),(1016,34170401,21,0,''),(1016,34170401,22,200,''),(1016,34170401,23,0,''),(1016,34170401,24,0,''),(1016,34170401,25,0,''),(1016,34170401,26,0,''),(1016,34170401,29,0,''),(1016,34170401,30,0,''),(1016,34170401,39,0,''),(1016,34170401,40,0,''),(1016,34170401,41,0,''),(1016,34170401,42,0,''),(1016,34170401,43,0,''),(1016,34170401,44,0,''),(1016,34170501,3,31340,''),(1016,34170501,4,0,''),(1016,34170501,7,0,''),(1016,34170501,8,0,''),(1016,34170501,9,0,''),(1016,34170501,10,0,''),(1016,34170501,12,0,''),(1016,34170501,13,0,''),(1016,34170501,14,0,''),(1016,34170501,18,0,''),(1016,34170501,20,0,''),(1016,34170501,21,0,''),(1016,34170501,22,200,''),(1016,34170501,23,0,''),(1016,34170501,24,0,''),(1016,34170501,25,0,''),(1016,34170501,26,0,''),(1016,34170501,29,0,''),(1016,34170501,30,0,''),(1016,34170501,39,0,''),(1016,34170501,40,0,''),(1016,34170501,41,0,''),(1016,34170501,42,0,''),(1016,34170501,43,0,''),(1016,34170501,44,0,''),(1017,34170401,3,44100,''),(1017,34170401,4,0,''),(1017,34170401,7,0,''),(1017,34170401,8,240,''),(1017,34170401,9,0,''),(1017,34170401,10,300,''),(1017,34170401,12,0,''),(1017,34170401,13,0,''),(1017,34170401,14,0,''),(1017,34170401,18,0,''),(1017,34170401,20,600,''),(1017,34170401,21,0,''),(1017,34170401,22,200,''),(1017,34170401,23,30,''),(1017,34170401,24,70,''),(1017,34170401,25,17000,''),(1017,34170401,26,0,''),(1017,34170401,29,0,''),(1017,34170401,30,0,''),(1017,34170401,39,0,''),(1017,34170401,40,0,''),(1017,34170401,41,50,''),(1017,34170401,42,200,''),(1017,34170401,43,0,''),(1017,34170401,44,0,''),(1017,34170501,3,44100,''),(1017,34170501,4,0,''),(1017,34170501,7,0,''),(1017,34170501,8,240,''),(1017,34170501,9,0,''),(1017,34170501,10,300,''),(1017,34170501,12,0,''),(1017,34170501,13,0,''),(1017,34170501,14,0,''),(1017,34170501,18,0,''),(1017,34170501,20,600,''),(1017,34170501,21,0,''),(1017,34170501,22,200,''),(1017,34170501,23,30,''),(1017,34170501,24,70,''),(1017,34170501,25,17000,''),(1017,34170501,26,0,''),(1017,34170501,29,0,''),(1017,34170501,30,0,''),(1017,34170501,39,0,''),(1017,34170501,40,0,''),(1017,34170501,41,50,''),(1017,34170501,42,0,''),(1017,34170501,43,0,''),(1017,34170501,44,0,''),(1018,34170401,3,28400,''),(1018,34170401,4,0,''),(1018,34170401,7,0,''),(1018,34170401,8,150,''),(1018,34170401,9,2206,''),(1018,34170401,10,300,''),(1018,34170401,12,0,''),(1018,34170401,13,800,''),(1018,34170401,14,60,''),(1018,34170401,18,0,''),(1018,34170401,20,0,''),(1018,34170401,21,0,''),(1018,34170401,22,200,''),(1018,34170401,23,15,''),(1018,34170401,24,35,''),(1018,34170401,25,0,''),(1018,34170401,26,12000,''),(1018,34170401,29,0,''),(1018,34170401,30,500,'6/10'),(1018,34170401,39,0,''),(1018,34170401,40,0,''),(1018,34170401,41,0,''),(1018,34170401,42,0,''),(1018,34170401,43,0,''),(1018,34170401,44,1738,''),(1018,34170501,3,28400,''),(1018,34170501,4,0,''),(1018,34170501,7,1136,''),(1018,34170501,8,150,''),(1018,34170501,9,2206,''),(1018,34170501,10,300,''),(1018,34170501,12,800,''),(1018,34170501,13,0,''),(1018,34170501,14,60,''),(1018,34170501,18,0,''),(1018,34170501,20,0,''),(1018,34170501,21,0,''),(1018,34170501,22,200,''),(1018,34170501,23,15,''),(1018,34170501,24,35,''),(1018,34170501,25,0,''),(1018,34170501,26,12000,''),(1018,34170501,29,0,''),(1018,34170501,30,500,'7/10'),(1018,34170501,39,0,''),(1018,34170501,40,0,''),(1018,34170501,41,0,''),(1018,34170501,42,0,''),(1018,34170501,43,0,''),(1018,34170501,44,0,''),(1019,34170401,3,27200,''),(1019,34170401,4,0,''),(1019,34170401,7,0,''),(1019,34170401,8,150,''),(1019,34170401,9,2090,''),(1019,34170401,10,300,''),(1019,34170401,12,0,''),(1019,34170401,13,800,''),(1019,34170401,14,60,''),(1019,34170401,18,0,''),(1019,34170401,20,0,''),(1019,34170401,21,0,''),(1019,34170401,22,200,''),(1019,34170401,23,15,''),(1019,34170401,24,35,''),(1019,34170401,25,0,''),(1019,34170401,26,10000,''),(1019,34170401,29,0,''),(1019,34170401,30,500,'6/10'),(1019,34170401,39,0,''),(1019,34170401,40,0,''),(1019,34170401,41,0,''),(1019,34170401,42,0,''),(1019,34170401,43,0,'0'),(1019,34170401,44,1738,''),(1019,34170501,3,27200,''),(1019,34170501,4,0,''),(1019,34170501,7,0,''),(1019,34170501,8,150,''),(1019,34170501,9,2090,''),(1019,34170501,10,300,''),(1019,34170501,12,0,''),(1019,34170501,13,800,''),(1019,34170501,14,60,''),(1019,34170501,18,0,''),(1019,34170501,20,0,''),(1019,34170501,21,0,''),(1019,34170501,22,200,''),(1019,34170501,23,15,''),(1019,34170501,24,35,''),(1019,34170501,25,0,''),(1019,34170501,26,10000,''),(1019,34170501,29,0,''),(1019,34170501,30,500,'7/10'),(1019,34170501,39,0,''),(1019,34170501,40,0,''),(1019,34170501,41,0,''),(1019,34170501,42,0,''),(1019,34170501,43,0,''),(1019,34170501,44,0,''),(1020,34170401,3,29300,''),(1020,34170401,4,0,''),(1020,34170401,7,0,''),(1020,34170401,8,150,''),(1020,34170401,9,0,''),(1020,34170401,10,300,''),(1020,34170401,12,0,''),(1020,34170401,13,0,''),(1020,34170401,14,60,''),(1020,34170401,18,0,''),(1020,34170401,20,0,''),(1020,34170401,21,0,''),(1020,34170401,22,200,''),(1020,34170401,23,15,''),(1020,34170401,24,35,''),(1020,34170401,25,0,''),(1020,34170401,26,9000,''),(1020,34170401,29,0,''),(1020,34170401,30,500,'6/10'),(1020,34170401,39,0,''),(1020,34170401,40,0,''),(1020,34170401,41,0,''),(1020,34170401,42,200,''),(1020,34170401,43,154,'861966584'),(1020,34170401,44,1770,''),(1020,34170501,3,29300,''),(1020,34170501,4,0,''),(1020,34170501,7,1172,''),(1020,34170501,8,150,''),(1020,34170501,9,0,''),(1020,34170501,10,300,''),(1020,34170501,12,0,''),(1020,34170501,13,0,''),(1020,34170501,14,60,''),(1020,34170501,18,0,''),(1020,34170501,20,0,''),(1020,34170501,21,0,''),(1020,34170501,22,200,''),(1020,34170501,23,15,''),(1020,34170501,24,35,''),(1020,34170501,25,0,''),(1020,34170501,26,9000,''),(1020,34170501,29,0,''),(1020,34170501,30,500,'7/10'),(1020,34170501,39,0,''),(1020,34170501,40,0,''),(1020,34170501,41,0,''),(1020,34170501,42,0,''),(1020,34170501,43,0,''),(1020,34170501,44,0,''),(1021,34170401,3,31100,''),(1021,34170401,4,0,''),(1021,34170401,7,0,''),(1021,34170401,8,150,''),(1021,34170401,9,0,''),(1021,34170401,10,300,''),(1021,34170401,12,0,''),(1021,34170401,13,0,''),(1021,34170401,14,44,''),(1021,34170401,18,60,''),(1021,34170401,20,0,''),(1021,34170401,21,0,''),(1021,34170401,22,200,''),(1021,34170401,23,15,''),(1021,34170401,24,35,''),(1021,34170401,25,0,''),(1021,34170401,26,10000,''),(1021,34170401,29,0,''),(1021,34170401,30,0,''),(1021,34170401,39,0,''),(1021,34170401,40,2206,'1660697(55/60)'),(1021,34170401,41,0,''),(1021,34170401,42,1814,''),(1021,34170401,43,0,'860358655'),(1021,34170401,44,1930,''),(1021,34170501,3,31100,''),(1021,34170501,4,0,''),(1021,34170501,7,0,''),(1021,34170501,8,150,''),(1021,34170501,9,0,''),(1021,34170501,10,300,''),(1021,34170501,12,0,''),(1021,34170501,13,0,''),(1021,34170501,14,60,''),(1021,34170501,18,60,''),(1021,34170501,20,0,''),(1021,34170501,21,0,''),(1021,34170501,22,200,''),(1021,34170501,23,15,''),(1021,34170501,24,35,''),(1021,34170501,25,0,''),(1021,34170501,26,10000,''),(1021,34170501,29,0,''),(1021,34170501,30,0,''),(1021,34170501,39,0,''),(1021,34170501,40,2206,'56/60'),(1021,34170501,41,0,''),(1021,34170501,42,0,''),(1021,34170501,43,0,''),(1021,34170501,44,0,''),(1022,34170401,3,70000,''),(1022,34170401,4,0,''),(1022,34170401,7,0,''),(1022,34170401,8,240,''),(1022,34170401,9,5446,''),(1022,34170401,10,300,''),(1022,34170401,12,0,''),(1022,34170401,13,800,''),(1022,34170401,14,0,''),(1022,34170401,18,0,''),(1022,34170401,20,4500,''),(1022,34170401,21,0,''),(1022,34170401,22,200,''),(1022,34170401,23,60,''),(1022,34170401,24,140,''),(1022,34170401,25,7000,''),(1022,34170401,26,0,''),(1022,34170401,29,0,''),(1022,34170401,30,0,''),(1022,34170401,39,0,''),(1022,34170401,40,0,''),(1022,34170401,41,0,''),(1022,34170401,42,0,''),(1022,34170401,43,0,''),(1022,34170401,44,0,''),(1022,34170501,3,70000,''),(1022,34170501,4,0,''),(1022,34170501,7,0,''),(1022,34170501,8,240,''),(1022,34170501,9,5446,''),(1022,34170501,10,300,''),(1022,34170501,12,0,''),(1022,34170501,13,800,''),(1022,34170501,14,0,''),(1022,34170501,18,0,''),(1022,34170501,20,4500,''),(1022,34170501,21,0,''),(1022,34170501,22,200,''),(1022,34170501,23,60,''),(1022,34170501,24,140,''),(1022,34170501,25,7000,''),(1022,34170501,26,0,''),(1022,34170501,29,0,''),(1022,34170501,30,0,''),(1022,34170501,39,0,''),(1022,34170501,40,0,''),(1022,34170501,41,0,''),(1022,34170501,42,0,''),(1022,34170501,43,0,''),(1022,34170501,44,0,''),(1023,34170401,3,64100,''),(1023,34170401,4,0,''),(1023,34170401,7,0,''),(1023,34170401,8,240,''),(1023,34170401,9,4968,''),(1023,34170401,10,300,''),(1023,34170401,12,0,''),(1023,34170401,13,800,''),(1023,34170401,14,0,''),(1023,34170401,18,175,''),(1023,34170401,20,2300,''),(1023,34170401,21,0,''),(1023,34170401,22,200,''),(1023,34170401,23,60,''),(1023,34170401,24,140,''),(1023,34170401,25,12000,''),(1023,34170401,26,0,''),(1023,34170401,29,0,''),(1023,34170401,30,0,''),(1023,34170401,39,0,''),(1023,34170401,40,0,''),(1023,34170401,41,50,''),(1023,34170401,42,0,''),(1023,34170401,43,0,''),(1023,34170401,44,0,''),(1023,34170501,3,64100,''),(1023,34170501,4,0,''),(1023,34170501,7,0,''),(1023,34170501,8,240,''),(1023,34170501,9,4968,''),(1023,34170501,10,300,''),(1023,34170501,12,800,''),(1023,34170501,13,0,''),(1023,34170501,14,0,''),(1023,34170501,18,175,''),(1023,34170501,20,2300,''),(1023,34170501,21,0,''),(1023,34170501,22,200,''),(1023,34170501,23,60,''),(1023,34170501,24,140,''),(1023,34170501,25,12000,''),(1023,34170501,26,0,''),(1023,34170501,29,0,''),(1023,34170501,30,0,''),(1023,34170501,39,0,''),(1023,34170501,40,0,''),(1023,34170501,41,50,''),(1023,34170501,42,0,''),(1023,34170501,43,0,''),(1023,34170501,44,0,''),(1024,34170401,3,29300,''),(1024,34170401,4,0,''),(1024,34170401,7,0,''),(1024,34170401,8,150,''),(1024,34170401,9,2244,''),(1024,34170401,10,0,''),(1024,34170401,12,0,''),(1024,34170401,13,800,''),(1024,34170401,14,60,''),(1024,34170401,18,55,''),(1024,34170401,20,0,''),(1024,34170401,21,0,''),(1024,34170401,22,200,''),(1024,34170401,23,15,''),(1024,34170401,24,35,''),(1024,34170401,25,0,''),(1024,34170401,26,10000,''),(1024,34170401,29,0,''),(1024,34170401,30,500,'6/10'),(1024,34170401,39,0,''),(1024,34170401,40,2000,'1660699(55/60)'),(1024,34170401,41,0,''),(1024,34170401,42,0,''),(1024,34170401,43,510,'862528546'),(1024,34170401,44,1770,''),(1024,34170501,3,29300,''),(1024,34170501,4,0,''),(1024,34170501,7,0,''),(1024,34170501,8,150,''),(1024,34170501,9,2244,''),(1024,34170501,10,0,''),(1024,34170501,12,0,''),(1024,34170501,13,800,''),(1024,34170501,14,60,''),(1024,34170501,18,55,''),(1024,34170501,20,0,''),(1024,34170501,21,0,''),(1024,34170501,22,200,''),(1024,34170501,23,15,''),(1024,34170501,24,35,''),(1024,34170501,25,0,''),(1024,34170501,26,10000,''),(1024,34170501,29,0,''),(1024,34170501,30,500,'7/10'),(1024,34170501,39,0,''),(1024,34170501,40,2000,'56/60'),(1024,34170501,41,0,''),(1024,34170501,42,0,''),(1024,34170501,43,510,''),(1024,34170501,44,0,''),(1025,34170401,3,47600,''),(1025,34170401,4,0,''),(1025,34170401,7,0,''),(1025,34170401,8,240,''),(1025,34170401,9,3664,''),(1025,34170401,10,300,''),(1025,34170401,12,0,''),(1025,34170401,13,800,''),(1025,34170401,14,0,''),(1025,34170401,18,0,''),(1025,34170401,20,1500,''),(1025,34170401,21,0,''),(1025,34170401,22,200,''),(1025,34170401,23,30,''),(1025,34170401,24,70,''),(1025,34170401,25,0,''),(1025,34170401,26,11000,''),(1025,34170401,29,0,''),(1025,34170401,30,0,''),(1025,34170401,39,0,''),(1025,34170401,40,0,''),(1025,34170401,41,75,''),(1025,34170401,42,200,''),(1025,34170401,43,0,''),(1025,34170401,44,0,''),(1025,34170501,3,47600,''),(1025,34170501,4,0,''),(1025,34170501,7,0,''),(1025,34170501,8,240,''),(1025,34170501,9,3664,''),(1025,34170501,10,300,''),(1025,34170501,12,0,''),(1025,34170501,13,800,''),(1025,34170501,14,0,''),(1025,34170501,18,0,''),(1025,34170501,20,1500,''),(1025,34170501,21,0,''),(1025,34170501,22,200,''),(1025,34170501,23,30,''),(1025,34170501,24,70,''),(1025,34170501,25,0,''),(1025,34170501,26,11000,''),(1025,34170501,29,0,''),(1025,34170501,30,0,''),(1025,34170501,39,0,''),(1025,34170501,40,0,''),(1025,34170501,41,75,''),(1025,34170501,42,200,''),(1025,34170501,43,0,''),(1025,34170501,44,0,''),(1026,34170401,3,35300,''),(1026,34170401,4,0,''),(1026,34170401,7,0,''),(1026,34170401,8,240,''),(1026,34170401,9,2682,''),(1026,34170401,10,300,''),(1026,34170401,12,0,''),(1026,34170401,13,800,''),(1026,34170401,14,0,''),(1026,34170401,18,0,''),(1026,34170401,20,150,''),(1026,34170401,21,0,''),(1026,34170401,22,200,''),(1026,34170401,23,30,''),(1026,34170401,24,70,''),(1026,34170401,25,10000,''),(1026,34170401,26,0,''),(1026,34170401,29,10000,''),(1026,34170401,30,0,''),(1026,34170401,39,0,''),(1026,34170401,40,0,''),(1026,34170401,41,0,''),(1026,34170401,42,0,''),(1026,34170401,43,0,'69559004'),(1026,34170401,44,0,''),(1026,34170501,3,35300,''),(1026,34170501,4,0,''),(1026,34170501,7,0,''),(1026,34170501,8,240,''),(1026,34170501,9,2682,''),(1026,34170501,10,300,''),(1026,34170501,12,800,''),(1026,34170501,13,0,''),(1026,34170501,14,0,''),(1026,34170501,18,0,''),(1026,34170501,20,150,''),(1026,34170501,21,0,''),(1026,34170501,22,200,''),(1026,34170501,23,30,''),(1026,34170501,24,70,''),(1026,34170501,25,10000,''),(1026,34170501,26,0,''),(1026,34170501,29,10000,''),(1026,34170501,30,0,''),(1026,34170501,39,0,''),(1026,34170501,40,0,''),(1026,34170501,41,0,''),(1026,34170501,42,0,''),(1026,34170501,43,0,''),(1026,34170501,44,0,''),(1027,34170401,3,46800,''),(1027,34170401,4,0,''),(1027,34170401,7,0,''),(1027,34170401,8,240,''),(1027,34170401,9,0,''),(1027,34170401,10,300,''),(1027,34170401,12,0,''),(1027,34170401,13,0,''),(1027,34170401,14,0,''),(1027,34170401,18,0,''),(1027,34170401,20,200,''),(1027,34170401,21,0,''),(1027,34170401,22,200,''),(1027,34170401,23,30,''),(1027,34170401,24,70,''),(1027,34170401,25,10000,''),(1027,34170401,26,0,''),(1027,34170401,29,0,''),(1027,34170401,30,0,''),(1027,34170401,39,0,''),(1027,34170401,40,0,''),(1027,34170401,41,50,''),(1027,34170401,42,0,''),(1027,34170401,43,0,''),(1027,34170401,44,0,''),(1027,34170501,3,46800,''),(1027,34170501,4,0,''),(1027,34170501,7,0,''),(1027,34170501,8,240,''),(1027,34170501,9,0,''),(1027,34170501,10,300,''),(1027,34170501,12,0,''),(1027,34170501,13,0,''),(1027,34170501,14,0,''),(1027,34170501,18,0,''),(1027,34170501,20,200,''),(1027,34170501,21,0,''),(1027,34170501,22,200,''),(1027,34170501,23,30,''),(1027,34170501,24,70,''),(1027,34170501,25,10000,''),(1027,34170501,26,0,''),(1027,34170501,29,0,''),(1027,34170501,30,0,''),(1027,34170501,39,0,''),(1027,34170501,40,0,''),(1027,34170501,41,50,''),(1027,34170501,42,0,''),(1027,34170501,43,0,''),(1027,34170501,44,0,''),(1028,34170401,3,38700,''),(1028,34170401,4,0,''),(1028,34170401,7,0,''),(1028,34170401,8,240,''),(1028,34170401,9,2948,''),(1028,34170401,10,300,''),(1028,34170401,12,0,''),(1028,34170401,13,1600,''),(1028,34170401,14,0,''),(1028,34170401,18,0,''),(1028,34170401,20,0,''),(1028,34170401,21,0,''),(1028,34170401,22,0,''),(1028,34170401,23,30,''),(1028,34170401,24,70,''),(1028,34170401,25,12000,''),(1028,34170401,26,0,''),(1028,34170401,29,0,''),(1028,34170401,30,0,''),(1028,34170401,39,0,''),(1028,34170401,40,0,''),(1028,34170401,41,0,''),(1028,34170401,42,0,''),(1028,34170401,43,0,''),(1028,34170401,44,0,''),(1028,34170501,3,38700,''),(1028,34170501,4,0,''),(1028,34170501,7,0,''),(1028,34170501,8,240,''),(1028,34170501,9,2948,''),(1028,34170501,10,300,''),(1028,34170501,12,1600,''),(1028,34170501,13,0,''),(1028,34170501,14,0,''),(1028,34170501,18,0,''),(1028,34170501,20,0,''),(1028,34170501,21,0,''),(1028,34170501,22,0,''),(1028,34170501,23,30,''),(1028,34170501,24,70,''),(1028,34170501,25,12000,''),(1028,34170501,26,0,''),(1028,34170501,29,0,''),(1028,34170501,30,0,''),(1028,34170501,39,0,''),(1028,34170501,40,0,''),(1028,34170501,41,0,''),(1028,34170501,42,0,''),(1028,34170501,43,0,''),(1028,34170501,44,0,''),(1029,34170401,3,21100,''),(1029,34170401,4,1900,''),(1029,34170401,7,0,''),(1029,34170401,8,150,''),(1029,34170401,9,4600,''),(1029,34170401,10,300,''),(1029,34170401,12,0,''),(1029,34170401,13,800,''),(1029,34170401,14,0,''),(1029,34170401,18,0,''),(1029,34170401,20,0,''),(1029,34170401,21,0,''),(1029,34170401,22,30,''),(1029,34170401,23,0,''),(1029,34170401,24,0,''),(1029,34170401,25,0,''),(1029,34170401,26,0,''),(1029,34170401,29,0,''),(1029,34170401,30,0,''),(1029,34170401,39,0,''),(1029,34170401,40,0,''),(1029,34170401,41,0,''),(1029,34170401,42,0,''),(1029,34170401,43,0,''),(1029,34170401,44,23000,''),(1029,34170501,3,21100,''),(1029,34170501,4,0,''),(1029,34170501,7,0,''),(1029,34170501,8,150,''),(1029,34170501,9,1642,''),(1029,34170501,10,300,''),(1029,34170501,12,0,''),(1029,34170501,13,200,''),(1029,34170501,14,0,''),(1029,34170501,18,0,''),(1029,34170501,20,0,''),(1029,34170501,21,0,''),(1029,34170501,22,200,''),(1029,34170501,23,30,''),(1029,34170501,24,70,''),(1029,34170501,25,0,''),(1029,34170501,26,0,''),(1029,34170501,27,2110,''),(1029,34170501,29,0,''),(1029,34170501,30,0,''),(1029,34170501,39,0,''),(1029,34170501,40,0,''),(1029,34170501,41,0,''),(1029,34170501,42,0,''),(1029,34170501,43,0,''),(1029,34170501,44,0,''),(1030,34170401,3,19950,''),(1030,34170401,4,0,''),(1030,34170401,7,0,''),(1030,34170401,8,0,''),(1030,34170401,9,0,''),(1030,34170401,10,0,''),(1030,34170401,12,0,''),(1030,34170401,13,0,''),(1030,34170401,14,0,''),(1030,34170401,18,0,''),(1030,34170401,20,0,''),(1030,34170401,21,0,''),(1030,34170401,22,200,''),(1030,34170401,23,0,''),(1030,34170401,24,0,''),(1030,34170401,25,0,''),(1030,34170401,26,0,''),(1030,34170401,29,0,''),(1030,34170401,30,0,''),(1030,34170401,39,0,''),(1030,34170401,40,0,''),(1030,34170401,41,0,''),(1030,34170401,42,0,''),(1030,34170401,43,0,''),(1030,34170401,44,0,''),(1030,34170501,3,19950,''),(1030,34170501,4,0,''),(1030,34170501,7,0,''),(1030,34170501,8,0,''),(1030,34170501,9,0,''),(1030,34170501,10,0,''),(1030,34170501,12,0,''),(1030,34170501,13,0,''),(1030,34170501,14,0,''),(1030,34170501,18,0,''),(1030,34170501,20,0,''),(1030,34170501,21,0,''),(1030,34170501,22,200,''),(1030,34170501,23,0,''),(1030,34170501,24,0,''),(1030,34170501,25,0,''),(1030,34170501,26,0,''),(1030,34170501,29,0,''),(1030,34170501,30,0,''),(1030,34170501,39,0,''),(1030,34170501,40,0,''),(1030,34170501,41,0,''),(1030,34170501,42,0,''),(1030,34170501,43,0,''),(1030,34170501,44,0,''),(1031,34170401,3,29300,''),(1031,34170401,4,0,''),(1031,34170401,7,0,''),(1031,34170401,8,150,''),(1031,34170401,9,0,''),(1031,34170401,10,300,''),(1031,34170401,12,0,''),(1031,34170401,13,0,''),(1031,34170401,14,60,''),(1031,34170401,18,0,''),(1031,34170401,20,0,''),(1031,34170401,21,80,''),(1031,34170401,22,200,''),(1031,34170401,23,15,''),(1031,34170401,24,35,''),(1031,34170401,25,0,''),(1031,34170401,26,4000,''),(1031,34170401,29,0,''),(1031,34170401,30,500,'6/10'),(1031,34170401,39,0,''),(1031,34170401,40,0,''),(1031,34170401,41,0,''),(1031,34170401,42,0,''),(1031,34170401,43,0,''),(1031,34170401,44,1770,''),(1031,34170501,3,29300,''),(1031,34170501,4,0,''),(1031,34170501,7,1172,''),(1031,34170501,8,150,''),(1031,34170501,9,0,''),(1031,34170501,10,300,''),(1031,34170501,12,0,''),(1031,34170501,13,0,''),(1031,34170501,14,60,''),(1031,34170501,18,0,''),(1031,34170501,20,0,''),(1031,34170501,21,80,''),(1031,34170501,22,200,''),(1031,34170501,23,15,''),(1031,34170501,24,35,''),(1031,34170501,25,0,''),(1031,34170501,26,4000,''),(1031,34170501,29,0,''),(1031,34170501,30,500,'7/10'),(1031,34170501,39,0,''),(1031,34170501,40,0,''),(1031,34170501,41,0,''),(1031,34170501,42,0,''),(1031,34170501,43,0,''),(1031,34170501,44,0,''),(1032,34170401,3,30200,''),(1032,34170401,4,0,''),(1032,34170401,7,0,''),(1032,34170401,8,150,''),(1032,34170401,9,2292,''),(1032,34170401,10,300,''),(1032,34170401,12,0,''),(1032,34170401,13,800,''),(1032,34170401,14,40,''),(1032,34170401,18,0,''),(1032,34170401,20,0,''),(1032,34170401,21,0,''),(1032,34170401,22,200,''),(1032,34170401,23,15,''),(1032,34170401,24,35,''),(1032,34170401,25,0,''),(1032,34170401,26,5000,''),(1032,34170401,29,0,''),(1032,34170401,30,500,'6/10'),(1032,34170401,39,0,''),(1032,34170401,40,0,''),(1032,34170401,41,0,''),(1032,34170401,42,5800,''),(1032,34170401,43,248,'861880432'),(1032,34170401,44,1930,''),(1032,34170501,3,30200,''),(1032,34170501,4,0,''),(1032,34170501,7,1208,''),(1032,34170501,8,150,''),(1032,34170501,9,2292,''),(1032,34170501,10,300,''),(1032,34170501,12,800,''),(1032,34170501,13,0,''),(1032,34170501,14,60,''),(1032,34170501,18,0,''),(1032,34170501,20,0,''),(1032,34170501,21,0,''),(1032,34170501,22,200,''),(1032,34170501,23,15,''),(1032,34170501,24,35,''),(1032,34170501,25,0,''),(1032,34170501,26,5000,''),(1032,34170501,29,0,''),(1032,34170501,30,500,'7/10'),(1032,34170501,39,0,''),(1032,34170501,40,0,''),(1032,34170501,41,0,''),(1032,34170501,42,0,''),(1032,34170501,43,0,''),(1032,34170501,44,0,''),(1033,34170401,3,44100,''),(1033,34170401,4,0,''),(1033,34170401,7,0,''),(1033,34170401,8,240,''),(1033,34170401,9,3362,''),(1033,34170401,10,300,''),(1033,34170401,12,0,''),(1033,34170401,13,1600,''),(1033,34170401,14,0,''),(1033,34170401,18,0,''),(1033,34170401,20,100,''),(1033,34170401,21,0,''),(1033,34170401,22,0,''),(1033,34170401,23,30,''),(1033,34170401,24,70,''),(1033,34170401,25,20000,''),(1033,34170401,26,0,''),(1033,34170401,29,0,''),(1033,34170401,30,0,''),(1033,34170401,39,0,''),(1033,34170401,40,2160,'1661010(35/50)'),(1033,34170401,41,50,''),(1033,34170401,42,0,''),(1033,34170401,43,0,''),(1033,34170401,44,0,''),(1033,34170501,3,44100,''),(1033,34170501,4,0,''),(1033,34170501,7,0,''),(1033,34170501,8,240,''),(1033,34170501,9,3362,''),(1033,34170501,10,300,''),(1033,34170501,12,1600,''),(1033,34170501,13,0,''),(1033,34170501,14,0,''),(1033,34170501,18,0,''),(1033,34170501,20,100,''),(1033,34170501,21,0,''),(1033,34170501,22,0,''),(1033,34170501,23,30,''),(1033,34170501,24,70,''),(1033,34170501,25,20000,''),(1033,34170501,26,0,''),(1033,34170501,29,0,''),(1033,34170501,30,0,''),(1033,34170501,39,0,''),(1033,34170501,40,2160,'1661010 36/50'),(1033,34170501,41,50,''),(1033,34170501,42,0,''),(1033,34170501,43,0,''),(1033,34170501,44,0,''),(1034,34170401,3,0,''),(1034,34170401,4,0,''),(1034,34170401,7,0,''),(1034,34170401,8,0,''),(1034,34170401,9,0,''),(1034,34170401,10,0,''),(1034,34170401,12,0,''),(1034,34170401,13,0,''),(1034,34170401,14,0,''),(1034,34170401,18,0,''),(1034,34170401,20,0,''),(1034,34170401,21,0,''),(1034,34170401,22,0,''),(1034,34170401,23,0,''),(1034,34170401,24,0,''),(1034,34170401,25,0,''),(1034,34170401,26,0,''),(1034,34170401,29,0,''),(1034,34170401,30,0,''),(1034,34170401,39,0,''),(1034,34170401,40,0,''),(1034,34170401,41,0,''),(1034,34170401,42,0,''),(1034,34170401,43,0,''),(1034,34170401,44,0,''),(1034,34170501,3,0,''),(1034,34170501,4,0,''),(1034,34170501,7,0,''),(1034,34170501,8,0,''),(1034,34170501,9,0,''),(1034,34170501,10,0,''),(1034,34170501,12,0,''),(1034,34170501,13,0,''),(1034,34170501,14,0,''),(1034,34170501,18,0,''),(1034,34170501,20,0,''),(1034,34170501,21,0,''),(1034,34170501,22,0,''),(1034,34170501,23,0,''),(1034,34170501,24,0,''),(1034,34170501,25,0,''),(1034,34170501,26,0,''),(1034,34170501,29,0,''),(1034,34170501,30,0,''),(1034,34170501,39,0,''),(1034,34170501,40,0,''),(1034,34170501,41,0,''),(1034,34170501,42,0,''),(1034,34170501,43,0,''),(1034,34170501,44,0,''),(1035,34170401,3,44800,''),(1035,34170401,4,0,''),(1035,34170401,7,0,''),(1035,34170401,8,240,''),(1035,34170401,9,3460,''),(1035,34170401,10,300,''),(1035,34170401,12,0,''),(1035,34170401,13,800,''),(1035,34170401,14,0,''),(1035,34170401,18,0,''),(1035,34170401,20,800,''),(1035,34170401,21,0,''),(1035,34170401,22,200,''),(1035,34170401,23,30,''),(1035,34170401,24,70,''),(1035,34170401,25,15000,''),(1035,34170401,26,0,''),(1035,34170401,29,0,''),(1035,34170401,30,0,''),(1035,34170401,39,0,''),(1035,34170401,40,0,''),(1035,34170401,41,50,''),(1035,34170401,42,0,''),(1035,34170401,43,0,''),(1035,34170401,44,0,''),(1035,34170501,3,44800,''),(1035,34170501,4,0,''),(1035,34170501,7,0,''),(1035,34170501,8,240,''),(1035,34170501,9,3460,''),(1035,34170501,10,300,''),(1035,34170501,12,800,''),(1035,34170501,13,0,''),(1035,34170501,14,0,''),(1035,34170501,18,0,''),(1035,34170501,20,800,''),(1035,34170501,21,0,''),(1035,34170501,22,200,''),(1035,34170501,23,30,''),(1035,34170501,24,70,''),(1035,34170501,25,15000,''),(1035,34170501,26,0,''),(1035,34170501,29,0,''),(1035,34170501,30,0,''),(1035,34170501,39,0,''),(1035,34170501,40,0,''),(1035,34170501,41,50,''),(1035,34170501,42,0,''),(1035,34170501,43,0,''),(1035,34170501,44,0,''),(1036,34170401,3,31340,''),(1036,34170401,4,0,''),(1036,34170401,7,0,''),(1036,34170401,8,0,''),(1036,34170401,9,0,''),(1036,34170401,10,0,''),(1036,34170401,12,0,''),(1036,34170401,13,0,''),(1036,34170401,14,0,''),(1036,34170401,18,0,''),(1036,34170401,20,0,''),(1036,34170401,21,0,''),(1036,34170401,22,200,''),(1036,34170401,23,0,''),(1036,34170401,24,0,''),(1036,34170401,25,0,''),(1036,34170401,26,0,''),(1036,34170401,29,0,''),(1036,34170401,30,0,''),(1036,34170401,39,0,''),(1036,34170401,40,0,''),(1036,34170401,41,0,''),(1036,34170401,42,0,''),(1036,34170401,43,0,''),(1036,34170401,44,0,''),(1036,34170501,3,31340,''),(1036,34170501,4,0,''),(1036,34170501,7,0,''),(1036,34170501,8,0,''),(1036,34170501,9,0,''),(1036,34170501,10,0,''),(1036,34170501,12,0,''),(1036,34170501,13,0,''),(1036,34170501,14,0,''),(1036,34170501,18,0,''),(1036,34170501,20,0,''),(1036,34170501,21,0,''),(1036,34170501,22,200,''),(1036,34170501,23,0,''),(1036,34170501,24,0,''),(1036,34170501,25,0,''),(1036,34170501,26,0,''),(1036,34170501,29,0,''),(1036,34170501,30,0,''),(1036,34170501,39,0,''),(1036,34170501,40,0,''),(1036,34170501,41,0,''),(1036,34170501,42,0,''),(1036,34170501,43,0,''),(1036,34170501,44,0,''),(1037,34170401,3,55200,''),(1037,34170401,4,0,''),(1037,34170401,7,0,''),(1037,34170401,8,240,''),(1037,34170401,9,4286,''),(1037,34170401,10,300,''),(1037,34170401,12,0,''),(1037,34170401,13,800,''),(1037,34170401,14,0,''),(1037,34170401,18,0,''),(1037,34170401,20,2250,''),(1037,34170401,21,0,''),(1037,34170401,22,200,''),(1037,34170401,23,30,''),(1037,34170401,24,70,''),(1037,34170401,25,13000,''),(1037,34170401,26,0,''),(1037,34170401,29,0,''),(1037,34170401,30,0,''),(1037,34170401,39,0,''),(1037,34170401,40,0,''),(1037,34170401,41,50,''),(1037,34170401,42,0,''),(1037,34170401,43,0,''),(1037,34170401,44,0,''),(1037,34170501,3,55200,''),(1037,34170501,4,0,''),(1037,34170501,7,0,''),(1037,34170501,8,240,''),(1037,34170501,9,4286,''),(1037,34170501,10,300,''),(1037,34170501,12,800,''),(1037,34170501,13,0,''),(1037,34170501,14,0,''),(1037,34170501,18,0,''),(1037,34170501,20,2250,''),(1037,34170501,21,0,''),(1037,34170501,22,200,''),(1037,34170501,23,30,''),(1037,34170501,24,70,''),(1037,34170501,25,13000,''),(1037,34170501,26,0,''),(1037,34170501,29,0,''),(1037,34170501,30,0,''),(1037,34170501,39,0,''),(1037,34170501,40,0,''),(1037,34170501,41,50,''),(1037,34170501,42,0,''),(1037,34170501,43,0,''),(1037,34170501,44,0,''),(1038,34170401,3,0,''),(1038,34170401,4,0,''),(1038,34170401,7,0,''),(1038,34170401,8,0,''),(1038,34170401,9,0,''),(1038,34170401,10,0,''),(1038,34170401,12,0,''),(1038,34170401,13,0,''),(1038,34170401,14,0,''),(1038,34170401,18,0,''),(1038,34170401,20,0,''),(1038,34170401,21,0,''),(1038,34170401,22,0,''),(1038,34170401,23,0,''),(1038,34170401,24,0,''),(1038,34170401,25,0,''),(1038,34170401,26,0,''),(1038,34170401,29,0,''),(1038,34170401,30,0,''),(1038,34170401,39,0,''),(1038,34170401,40,0,''),(1038,34170401,41,0,''),(1038,34170401,42,0,''),(1038,34170401,43,0,'860841559'),(1038,34170401,44,0,''),(1038,34170501,3,24900,''),(1038,34170501,4,0,''),(1038,34170501,7,0,''),(1038,34170501,8,150,''),(1038,34170501,9,0,''),(1038,34170501,10,300,''),(1038,34170501,12,0,''),(1038,34170501,13,0,''),(1038,34170501,14,60,''),(1038,34170501,18,0,''),(1038,34170501,20,0,''),(1038,34170501,21,240,''),(1038,34170501,22,200,''),(1038,34170501,23,45,''),(1038,34170501,24,105,''),(1038,34170501,25,0,''),(1038,34170501,26,0,''),(1038,34170501,29,2729,''),(1038,34170501,30,0,''),(1038,34170501,39,0,''),(1038,34170501,40,0,''),(1038,34170501,41,0,''),(1038,34170501,42,0,''),(1038,34170501,43,0,''),(1038,34170501,44,0,''),(1038,34170501,46,9000,''),(1039,34170401,3,2500,''),(1039,34170401,4,0,''),(1039,34170401,7,0,''),(1039,34170401,8,0,''),(1039,34170401,9,0,''),(1039,34170401,10,0,''),(1039,34170401,12,0,''),(1039,34170401,13,0,''),(1039,34170401,14,0,''),(1039,34170401,18,0,''),(1039,34170401,20,0,''),(1039,34170401,21,0,''),(1039,34170401,22,0,''),(1039,34170401,23,0,''),(1039,34170401,24,0,''),(1039,34170401,25,0,''),(1039,34170401,26,0,''),(1039,34170401,29,0,''),(1039,34170401,30,0,''),(1039,34170401,39,0,''),(1039,34170401,40,0,''),(1039,34170401,41,0,''),(1039,34170401,42,0,''),(1039,34170401,43,0,''),(1039,34170401,44,0,''),(1039,34170501,3,2500,''),(1039,34170501,4,0,''),(1039,34170501,7,0,''),(1039,34170501,8,0,''),(1039,34170501,9,0,''),(1039,34170501,10,0,''),(1039,34170501,12,0,''),(1039,34170501,13,0,''),(1039,34170501,14,0,''),(1039,34170501,18,0,''),(1039,34170501,20,0,''),(1039,34170501,21,0,''),(1039,34170501,22,0,''),(1039,34170501,23,0,''),(1039,34170501,24,0,''),(1039,34170501,25,0,''),(1039,34170501,26,0,''),(1039,34170501,29,0,''),(1039,34170501,30,0,''),(1039,34170501,39,0,''),(1039,34170501,40,0,''),(1039,34170501,41,0,''),(1039,34170501,42,0,''),(1039,34170501,43,0,''),(1039,34170501,44,0,''),(1040,34170401,3,17700,''),(1040,34170401,4,1300,''),(1040,34170401,7,0,''),(1040,34170401,8,95,''),(1040,34170401,9,3800,''),(1040,34170401,10,300,''),(1040,34170401,12,0,''),(1040,34170401,13,800,''),(1040,34170401,14,60,''),(1040,34170401,18,0,''),(1040,34170401,20,0,''),(1040,34170401,21,0,''),(1040,34170401,22,15,''),(1040,34170401,23,0,''),(1040,34170401,24,0,''),(1040,34170401,25,0,''),(1040,34170401,26,0,''),(1040,34170401,29,0,''),(1040,34170401,30,500,'6/10'),(1040,34170401,39,0,''),(1040,34170401,40,0,''),(1040,34170401,41,0,''),(1040,34170401,42,510,''),(1040,34170401,43,0,''),(1040,34170401,44,19000,''),(1040,34170501,3,17700,''),(1040,34170501,4,0,''),(1040,34170501,7,708,''),(1040,34170501,8,95,''),(1040,34170501,9,1378,''),(1040,34170501,10,300,''),(1040,34170501,12,0,''),(1040,34170501,13,200,''),(1040,34170501,14,60,''),(1040,34170501,18,0,''),(1040,34170501,20,0,''),(1040,34170501,21,0,''),(1040,34170501,22,200,''),(1040,34170501,23,15,''),(1040,34170501,24,35,''),(1040,34170501,25,0,''),(1040,34170501,26,0,''),(1040,34170501,27,1841,''),(1040,34170501,29,0,''),(1040,34170501,30,500,'7/10'),(1040,34170501,39,0,''),(1040,34170501,40,0,''),(1040,34170501,41,0,''),(1040,34170501,42,5669,''),(1040,34170501,43,510,''),(1040,34170501,44,0,''),(1041,34170401,3,19950,''),(1041,34170401,4,0,''),(1041,34170401,7,0,''),(1041,34170401,8,0,''),(1041,34170401,9,0,''),(1041,34170401,10,0,''),(1041,34170401,12,0,''),(1041,34170401,13,0,''),(1041,34170401,14,0,''),(1041,34170401,18,0,''),(1041,34170401,20,0,''),(1041,34170401,21,0,''),(1041,34170401,22,200,''),(1041,34170401,23,0,''),(1041,34170401,24,0,''),(1041,34170401,25,0,''),(1041,34170401,26,0,''),(1041,34170401,29,0,''),(1041,34170401,30,0,''),(1041,34170401,39,0,''),(1041,34170401,40,0,''),(1041,34170401,41,0,''),(1041,34170401,42,0,''),(1041,34170401,43,0,''),(1041,34170401,44,0,''),(1041,34170501,3,19950,''),(1041,34170501,4,0,''),(1041,34170501,7,0,''),(1041,34170501,8,0,''),(1041,34170501,9,0,''),(1041,34170501,10,0,''),(1041,34170501,12,0,''),(1041,34170501,13,0,''),(1041,34170501,14,0,''),(1041,34170501,18,0,''),(1041,34170501,20,0,''),(1041,34170501,21,0,''),(1041,34170501,22,200,''),(1041,34170501,23,0,''),(1041,34170501,24,0,''),(1041,34170501,25,0,''),(1041,34170501,26,0,''),(1041,34170501,29,0,''),(1041,34170501,30,0,''),(1041,34170501,39,0,''),(1041,34170501,40,0,''),(1041,34170501,41,0,''),(1041,34170501,42,0,''),(1041,34170501,43,0,''),(1041,34170501,44,0,''),(1042,34170401,3,19950,''),(1042,34170401,4,0,''),(1042,34170401,7,0,''),(1042,34170401,8,0,''),(1042,34170401,9,0,''),(1042,34170401,10,0,''),(1042,34170401,12,0,''),(1042,34170401,13,0,''),(1042,34170401,14,0,''),(1042,34170401,18,0,''),(1042,34170401,20,0,''),(1042,34170401,21,140,''),(1042,34170401,22,200,''),(1042,34170401,23,0,''),(1042,34170401,24,0,''),(1042,34170401,25,0,''),(1042,34170401,26,0,''),(1042,34170401,29,0,''),(1042,34170401,30,0,''),(1042,34170401,39,0,''),(1042,34170401,40,0,''),(1042,34170401,41,0,''),(1042,34170401,42,0,''),(1042,34170401,43,0,''),(1042,34170401,44,0,''),(1042,34170501,3,19950,''),(1042,34170501,4,0,''),(1042,34170501,7,0,''),(1042,34170501,8,0,''),(1042,34170501,9,0,''),(1042,34170501,10,0,''),(1042,34170501,12,0,''),(1042,34170501,13,0,''),(1042,34170501,14,0,''),(1042,34170501,18,0,''),(1042,34170501,20,0,''),(1042,34170501,21,140,''),(1042,34170501,22,200,''),(1042,34170501,23,0,''),(1042,34170501,24,0,''),(1042,34170501,25,0,''),(1042,34170501,26,0,''),(1042,34170501,29,0,''),(1042,34170501,30,0,''),(1042,34170501,39,0,''),(1042,34170501,40,0,''),(1042,34170501,41,0,''),(1042,34170501,42,0,''),(1042,34170501,43,0,''),(1042,34170501,44,0,''),(1043,34170401,3,29300,''),(1043,34170401,4,0,''),(1043,34170401,7,0,''),(1043,34170401,8,150,''),(1043,34170401,9,0,''),(1043,34170401,10,300,''),(1043,34170401,12,0,''),(1043,34170401,13,0,''),(1043,34170401,14,50,''),(1043,34170401,18,0,''),(1043,34170401,20,0,''),(1043,34170401,21,80,''),(1043,34170401,22,200,''),(1043,34170401,23,15,''),(1043,34170401,24,35,''),(1043,34170401,25,0,''),(1043,34170401,26,6000,''),(1043,34170401,29,0,''),(1043,34170401,30,500,'6/10'),(1043,34170401,39,0,''),(1043,34170401,40,0,''),(1043,34170401,41,0,''),(1043,34170401,42,2571,''),(1043,34170401,43,0,''),(1043,34170401,44,1770,''),(1043,34170501,3,29300,''),(1043,34170501,4,0,''),(1043,34170501,7,1172,''),(1043,34170501,8,150,''),(1043,34170501,9,0,''),(1043,34170501,10,300,''),(1043,34170501,12,0,''),(1043,34170501,13,0,''),(1043,34170501,14,60,''),(1043,34170501,18,0,''),(1043,34170501,20,0,''),(1043,34170501,21,80,''),(1043,34170501,22,200,''),(1043,34170501,23,15,''),(1043,34170501,24,35,''),(1043,34170501,25,0,''),(1043,34170501,26,6000,''),(1043,34170501,29,0,''),(1043,34170501,30,500,'7/10'),(1043,34170501,39,0,''),(1043,34170501,40,0,''),(1043,34170501,41,0,''),(1043,34170501,42,0,''),(1043,34170501,43,0,''),(1043,34170501,44,0,''),(1044,34170401,3,31100,''),(1044,34170401,4,0,''),(1044,34170401,7,0,''),(1044,34170401,8,150,''),(1044,34170401,9,2358,''),(1044,34170401,10,300,''),(1044,34170401,12,0,''),(1044,34170401,13,800,''),(1044,34170401,14,34,''),(1044,34170401,18,0,''),(1044,34170401,20,100,''),(1044,34170401,21,0,''),(1044,34170401,22,200,''),(1044,34170401,23,15,''),(1044,34170401,24,35,''),(1044,34170401,25,0,''),(1044,34170401,26,8000,''),(1044,34170401,29,0,''),(1044,34170401,30,500,'6/10'),(1044,34170401,39,0,''),(1044,34170401,40,0,''),(1044,34170401,41,0,''),(1044,34170401,42,0,''),(1044,34170401,43,0,''),(1044,34170401,44,1895,''),(1044,34170501,3,31100,''),(1044,34170501,4,0,''),(1044,34170501,7,1244,''),(1044,34170501,8,150,''),(1044,34170501,9,2358,''),(1044,34170501,10,300,''),(1044,34170501,12,800,''),(1044,34170501,13,0,''),(1044,34170501,14,60,''),(1044,34170501,18,0,''),(1044,34170501,20,100,''),(1044,34170501,21,0,''),(1044,34170501,22,200,''),(1044,34170501,23,15,''),(1044,34170501,24,35,''),(1044,34170501,25,0,''),(1044,34170501,26,8000,''),(1044,34170501,29,0,''),(1044,34170501,30,500,'7/10'),(1044,34170501,39,0,''),(1044,34170501,40,0,''),(1044,34170501,41,0,''),(1044,34170501,42,0,''),(1044,34170501,43,0,''),(1044,34170501,44,0,''),(1045,34170401,3,31100,''),(1045,34170401,4,0,''),(1045,34170401,7,0,''),(1045,34170401,8,150,''),(1045,34170401,9,2358,''),(1045,34170401,10,300,''),(1045,34170401,12,0,''),(1045,34170401,13,800,''),(1045,34170401,14,60,''),(1045,34170401,18,0,''),(1045,34170401,20,0,''),(1045,34170401,21,0,''),(1045,34170401,22,200,''),(1045,34170401,23,15,''),(1045,34170401,24,35,''),(1045,34170401,25,0,''),(1045,34170401,26,10000,''),(1045,34170401,29,0,''),(1045,34170401,30,500,'6/10'),(1045,34170401,39,0,''),(1045,34170401,40,2730,'1660923(20/60)'),(1045,34170401,41,0,''),(1045,34170401,42,0,''),(1045,34170401,43,116,'8604922473'),(1045,34170401,44,1895,''),(1045,34170501,3,31100,''),(1045,34170501,4,0,''),(1045,34170501,7,0,''),(1045,34170501,8,150,''),(1045,34170501,9,2358,''),(1045,34170501,10,300,''),(1045,34170501,12,0,''),(1045,34170501,13,800,''),(1045,34170501,14,60,''),(1045,34170501,18,0,''),(1045,34170501,20,0,''),(1045,34170501,21,0,''),(1045,34170501,22,200,''),(1045,34170501,23,15,''),(1045,34170501,24,35,''),(1045,34170501,25,0,''),(1045,34170501,26,10000,''),(1045,34170501,29,0,''),(1045,34170501,30,500,'7/10'),(1045,34170501,39,0,''),(1045,34170501,40,2730,'21/60'),(1045,34170501,41,0,''),(1045,34170501,42,0,''),(1045,34170501,43,116,''),(1045,34170501,44,0,''),(1046,34170401,3,52000,''),(1046,34170401,4,0,''),(1046,34170401,7,0,''),(1046,34170401,8,240,''),(1046,34170401,9,0,''),(1046,34170401,10,300,''),(1046,34170401,12,0,''),(1046,34170401,13,0,''),(1046,34170401,14,0,''),(1046,34170401,18,0,''),(1046,34170401,20,1000,''),(1046,34170401,21,0,''),(1046,34170401,22,200,''),(1046,34170401,23,30,''),(1046,34170401,24,70,''),(1046,34170401,25,25000,''),(1046,34170401,26,0,''),(1046,34170401,29,0,''),(1046,34170401,30,0,''),(1046,34170401,39,0,''),(1046,34170401,40,0,''),(1046,34170401,41,50,''),(1046,34170401,42,0,''),(1046,34170401,43,0,''),(1046,34170401,44,0,''),(1046,34170501,3,52000,''),(1046,34170501,4,0,''),(1046,34170501,7,0,''),(1046,34170501,8,240,''),(1046,34170501,9,0,''),(1046,34170501,10,300,''),(1046,34170501,12,0,''),(1046,34170501,13,0,''),(1046,34170501,14,0,''),(1046,34170501,18,0,''),(1046,34170501,20,1000,''),(1046,34170501,21,0,''),(1046,34170501,22,200,''),(1046,34170501,23,30,''),(1046,34170501,24,70,''),(1046,34170501,25,25000,''),(1046,34170501,26,0,''),(1046,34170501,29,0,''),(1046,34170501,30,0,''),(1046,34170501,39,0,''),(1046,34170501,40,0,''),(1046,34170501,41,50,''),(1046,34170501,42,0,''),(1046,34170501,43,0,''),(1046,34170501,44,0,''),(1047,34170401,3,28400,''),(1047,34170401,4,0,''),(1047,34170401,7,0,''),(1047,34170401,8,150,''),(1047,34170401,9,2206,''),(1047,34170401,10,0,''),(1047,34170401,12,0,''),(1047,34170401,13,800,''),(1047,34170401,14,40,''),(1047,34170401,18,0,''),(1047,34170401,20,0,''),(1047,34170401,21,0,''),(1047,34170401,22,200,''),(1047,34170401,23,15,''),(1047,34170401,24,35,''),(1047,34170401,25,0,''),(1047,34170401,26,5000,''),(1047,34170401,29,0,''),(1047,34170401,30,0,''),(1047,34170401,39,0,''),(1047,34170401,40,0,''),(1047,34170401,41,0,''),(1047,34170401,42,0,''),(1047,34170401,43,368,''),(1047,34170401,44,1738,''),(1047,34170501,3,28400,''),(1047,34170501,4,0,''),(1047,34170501,7,1136,''),(1047,34170501,8,150,''),(1047,34170501,9,2206,''),(1047,34170501,10,0,''),(1047,34170501,12,800,''),(1047,34170501,13,0,''),(1047,34170501,14,60,''),(1047,34170501,18,0,''),(1047,34170501,20,0,''),(1047,34170501,21,0,''),(1047,34170501,22,200,''),(1047,34170501,23,15,''),(1047,34170501,24,35,''),(1047,34170501,25,0,''),(1047,34170501,26,5000,''),(1047,34170501,29,0,''),(1047,34170501,30,0,''),(1047,34170501,39,0,''),(1047,34170501,40,0,''),(1047,34170501,41,0,''),(1047,34170501,42,0,''),(1047,34170501,43,0,''),(1047,34170501,44,0,''),(1048,34170401,3,21100,''),(1048,34170401,4,1900,''),(1048,34170401,7,0,''),(1048,34170401,8,150,''),(1048,34170401,9,4600,''),(1048,34170401,10,300,''),(1048,34170401,12,0,''),(1048,34170401,13,800,''),(1048,34170401,14,0,''),(1048,34170401,18,0,''),(1048,34170401,20,0,''),(1048,34170401,21,0,''),(1048,34170401,22,30,''),(1048,34170401,23,0,''),(1048,34170401,24,0,''),(1048,34170401,25,0,''),(1048,34170401,26,0,''),(1048,34170401,29,0,''),(1048,34170401,30,0,''),(1048,34170401,39,0,''),(1048,34170401,40,0,''),(1048,34170401,41,0,''),(1048,34170401,42,0,''),(1048,34170401,43,0,''),(1048,34170401,44,23000,''),(1048,34170501,3,21100,''),(1048,34170501,4,0,''),(1048,34170501,7,844,''),(1048,34170501,8,150,''),(1048,34170501,9,1642,''),(1048,34170501,10,300,''),(1048,34170501,12,0,''),(1048,34170501,13,200,''),(1048,34170501,14,0,''),(1048,34170501,18,0,''),(1048,34170501,20,0,''),(1048,34170501,21,0,''),(1048,34170501,22,200,''),(1048,34170501,23,30,''),(1048,34170501,24,70,''),(1048,34170501,25,0,''),(1048,34170501,26,0,''),(1048,34170501,27,2194,''),(1048,34170501,29,0,''),(1048,34170501,30,0,''),(1048,34170501,39,0,''),(1048,34170501,40,0,''),(1048,34170501,41,0,''),(1048,34170501,42,0,''),(1048,34170501,43,0,''),(1048,34170501,44,0,''),(1049,34170401,3,55200,''),(1049,34170401,4,0,''),(1049,34170401,7,0,''),(1049,34170401,8,240,''),(1049,34170401,9,4198,''),(1049,34170401,10,300,''),(1049,34170401,12,0,''),(1049,34170401,13,800,''),(1049,34170401,14,0,''),(1049,34170401,18,125,''),(1049,34170401,20,2300,''),(1049,34170401,21,0,''),(1049,34170401,22,200,''),(1049,34170401,23,30,''),(1049,34170401,24,70,''),(1049,34170401,25,15000,''),(1049,34170401,26,0,''),(1049,34170401,29,0,''),(1049,34170401,30,0,''),(1049,34170401,39,0,''),(1049,34170401,40,0,''),(1049,34170401,41,50,''),(1049,34170401,42,0,''),(1049,34170401,43,0,''),(1049,34170401,44,0,''),(1049,34170501,3,55200,''),(1049,34170501,4,0,''),(1049,34170501,7,0,''),(1049,34170501,8,240,''),(1049,34170501,9,4198,''),(1049,34170501,10,300,''),(1049,34170501,12,800,''),(1049,34170501,13,0,''),(1049,34170501,14,0,''),(1049,34170501,18,125,''),(1049,34170501,20,2300,''),(1049,34170501,21,0,''),(1049,34170501,22,200,''),(1049,34170501,23,30,''),(1049,34170501,24,70,''),(1049,34170501,25,15000,''),(1049,34170501,26,0,''),(1049,34170501,29,0,''),(1049,34170501,30,0,''),(1049,34170501,39,0,''),(1049,34170501,40,0,''),(1049,34170501,41,50,''),(1049,34170501,42,0,''),(1049,34170501,43,0,''),(1049,34170501,44,0,''),(1050,34170401,3,42200,''),(1050,34170401,4,0,''),(1050,34170401,7,0,''),(1050,34170401,8,240,''),(1050,34170401,9,3254,''),(1050,34170401,10,300,''),(1050,34170401,12,0,''),(1050,34170401,13,800,''),(1050,34170401,14,0,''),(1050,34170401,18,0,''),(1050,34170401,20,0,''),(1050,34170401,21,0,''),(1050,34170401,22,200,''),(1050,34170401,23,30,''),(1050,34170401,24,70,''),(1050,34170401,25,10000,''),(1050,34170401,26,0,''),(1050,34170401,29,0,''),(1050,34170401,30,0,''),(1050,34170401,39,0,''),(1050,34170401,40,0,''),(1050,34170401,41,0,''),(1050,34170401,42,200,''),(1050,34170401,43,0,''),(1050,34170401,44,0,''),(1050,34170501,3,42200,''),(1050,34170501,4,0,''),(1050,34170501,7,0,''),(1050,34170501,8,240,''),(1050,34170501,9,3254,''),(1050,34170501,10,300,''),(1050,34170501,12,800,''),(1050,34170501,13,0,''),(1050,34170501,14,0,''),(1050,34170501,18,0,''),(1050,34170501,20,0,''),(1050,34170501,21,0,''),(1050,34170501,22,200,''),(1050,34170501,23,30,''),(1050,34170501,24,70,''),(1050,34170501,25,10000,''),(1050,34170501,26,0,''),(1050,34170501,29,0,''),(1050,34170501,30,0,''),(1050,34170501,39,0,''),(1050,34170501,40,0,''),(1050,34170501,41,0,''),(1050,34170501,42,0,''),(1050,34170501,43,0,''),(1050,34170501,44,0,''),(1051,34170401,3,19950,''),(1051,34170401,4,0,''),(1051,34170401,7,0,''),(1051,34170401,8,0,''),(1051,34170401,9,0,''),(1051,34170401,10,0,''),(1051,34170401,12,0,''),(1051,34170401,13,0,''),(1051,34170401,14,0,''),(1051,34170401,18,0,''),(1051,34170401,20,0,''),(1051,34170401,21,0,''),(1051,34170401,22,200,''),(1051,34170401,23,0,''),(1051,34170401,24,0,''),(1051,34170401,25,0,''),(1051,34170401,26,0,''),(1051,34170401,29,0,''),(1051,34170401,30,0,''),(1051,34170401,39,0,''),(1051,34170401,40,0,''),(1051,34170401,41,0,''),(1051,34170401,42,0,''),(1051,34170401,43,0,''),(1051,34170401,44,0,''),(1051,34170501,3,19950,''),(1051,34170501,4,0,''),(1051,34170501,7,0,''),(1051,34170501,8,0,''),(1051,34170501,9,0,''),(1051,34170501,10,0,''),(1051,34170501,12,0,''),(1051,34170501,13,0,''),(1051,34170501,14,0,''),(1051,34170501,18,0,''),(1051,34170501,20,0,''),(1051,34170501,21,0,''),(1051,34170501,22,200,''),(1051,34170501,23,0,''),(1051,34170501,24,0,''),(1051,34170501,25,0,''),(1051,34170501,26,0,''),(1051,34170501,29,0,''),(1051,34170501,30,0,''),(1051,34170501,39,0,''),(1051,34170501,40,0,''),(1051,34170501,41,0,''),(1051,34170501,42,0,''),(1051,34170501,43,0,''),(1051,34170501,44,0,''),(1052,34170401,3,19950,''),(1052,34170401,4,0,''),(1052,34170401,7,0,''),(1052,34170401,8,0,''),(1052,34170401,9,0,''),(1052,34170401,10,0,''),(1052,34170401,12,0,''),(1052,34170401,13,0,''),(1052,34170401,14,0,''),(1052,34170401,18,0,''),(1052,34170401,20,0,''),(1052,34170401,21,0,''),(1052,34170401,22,200,''),(1052,34170401,23,0,''),(1052,34170401,24,0,''),(1052,34170401,25,0,''),(1052,34170401,26,0,''),(1052,34170401,29,0,''),(1052,34170401,30,0,''),(1052,34170401,39,0,''),(1052,34170401,40,0,''),(1052,34170401,41,0,''),(1052,34170401,42,0,''),(1052,34170401,43,0,''),(1052,34170401,44,0,''),(1052,34170501,3,19950,''),(1052,34170501,4,0,''),(1052,34170501,7,0,''),(1052,34170501,8,0,''),(1052,34170501,9,0,''),(1052,34170501,10,0,''),(1052,34170501,12,0,''),(1052,34170501,13,0,''),(1052,34170501,14,0,''),(1052,34170501,18,0,''),(1052,34170501,20,0,''),(1052,34170501,21,0,''),(1052,34170501,22,200,''),(1052,34170501,23,0,''),(1052,34170501,24,0,''),(1052,34170501,25,0,''),(1052,34170501,26,0,''),(1052,34170501,29,0,''),(1052,34170501,30,0,''),(1052,34170501,39,0,''),(1052,34170501,40,0,''),(1052,34170501,41,0,''),(1052,34170501,42,0,''),(1052,34170501,43,0,''),(1052,34170501,44,0,''),(1053,34170401,3,60400,''),(1053,34170401,4,0,''),(1053,34170401,7,0,''),(1053,34170401,8,240,''),(1053,34170401,9,4626,''),(1053,34170401,10,300,''),(1053,34170401,12,0,''),(1053,34170401,13,800,''),(1053,34170401,14,0,''),(1053,34170401,18,176,''),(1053,34170401,20,3500,''),(1053,34170401,21,0,''),(1053,34170401,22,200,''),(1053,34170401,23,30,''),(1053,34170401,24,70,''),(1053,34170401,25,16000,''),(1053,34170401,26,0,''),(1053,34170401,29,0,''),(1053,34170401,30,0,''),(1053,34170401,39,0,''),(1053,34170401,40,0,''),(1053,34170401,41,50,''),(1053,34170401,42,200,''),(1053,34170401,43,0,''),(1053,34170401,44,0,''),(1053,34170501,3,60400,''),(1053,34170501,4,0,''),(1053,34170501,7,0,''),(1053,34170501,8,240,''),(1053,34170501,9,4626,''),(1053,34170501,10,300,''),(1053,34170501,12,800,''),(1053,34170501,13,0,''),(1053,34170501,14,0,''),(1053,34170501,18,0,''),(1053,34170501,20,3500,''),(1053,34170501,21,0,''),(1053,34170501,22,200,''),(1053,34170501,23,120,''),(1053,34170501,24,280,''),(1053,34170501,25,16000,''),(1053,34170501,26,0,''),(1053,34170501,29,0,''),(1053,34170501,30,0,''),(1053,34170501,39,0,''),(1053,34170501,40,0,''),(1053,34170501,41,50,''),(1053,34170501,42,0,''),(1053,34170501,43,0,''),(1053,34170501,44,0,''),(1054,34170401,3,0,''),(1054,34170401,4,0,''),(1054,34170401,7,0,''),(1054,34170401,8,0,''),(1054,34170401,9,0,''),(1054,34170401,10,0,''),(1054,34170401,12,0,''),(1054,34170401,13,0,''),(1054,34170401,14,0,''),(1054,34170401,18,0,''),(1054,34170401,20,0,''),(1054,34170401,21,0,''),(1054,34170401,22,0,''),(1054,34170401,23,0,''),(1054,34170401,24,0,''),(1054,34170401,25,0,''),(1054,34170401,26,0,''),(1054,34170401,29,0,''),(1054,34170401,30,0,''),(1054,34170401,39,0,''),(1054,34170401,40,0,''),(1054,34170401,41,0,''),(1054,34170401,42,0,''),(1054,34170401,43,0,''),(1054,34170401,44,0,''),(1054,34170501,3,0,''),(1054,34170501,4,0,''),(1054,34170501,7,0,''),(1054,34170501,8,0,''),(1054,34170501,9,0,''),(1054,34170501,10,0,''),(1054,34170501,12,0,''),(1054,34170501,13,0,''),(1054,34170501,14,0,''),(1054,34170501,18,0,''),(1054,34170501,20,0,''),(1054,34170501,21,0,''),(1054,34170501,22,0,''),(1054,34170501,23,0,''),(1054,34170501,24,0,''),(1054,34170501,25,0,''),(1054,34170501,26,0,''),(1054,34170501,29,0,''),(1054,34170501,30,0,''),(1054,34170501,39,0,''),(1054,34170501,40,0,''),(1054,34170501,41,0,''),(1054,34170501,42,0,''),(1054,34170501,43,0,''),(1054,34170501,44,0,''),(1055,34170401,3,21100,''),(1055,34170401,4,1900,''),(1055,34170401,7,0,''),(1055,34170401,8,150,''),(1055,34170401,9,4600,''),(1055,34170401,10,300,''),(1055,34170401,12,0,''),(1055,34170401,13,0,''),(1055,34170401,14,0,''),(1055,34170401,18,0,''),(1055,34170401,20,0,''),(1055,34170401,21,0,''),(1055,34170401,22,30,''),(1055,34170401,23,0,''),(1055,34170401,24,0,''),(1055,34170401,25,0,''),(1055,34170401,26,0,''),(1055,34170401,29,0,''),(1055,34170401,30,0,''),(1055,34170401,39,0,''),(1055,34170401,40,0,''),(1055,34170401,41,0,''),(1055,34170401,42,0,''),(1055,34170401,43,0,''),(1055,34170401,44,23000,''),(1055,34170501,3,21100,''),(1055,34170501,4,0,''),(1055,34170501,7,844,''),(1055,34170501,8,150,''),(1055,34170501,9,1642,''),(1055,34170501,10,300,''),(1055,34170501,12,200,''),(1055,34170501,13,0,''),(1055,34170501,14,0,''),(1055,34170501,18,0,''),(1055,34170501,20,0,''),(1055,34170501,21,0,''),(1055,34170501,22,200,''),(1055,34170501,23,30,''),(1055,34170501,24,70,''),(1055,34170501,25,0,''),(1055,34170501,26,0,''),(1055,34170501,27,2194,''),(1055,34170501,29,0,''),(1055,34170501,30,0,''),(1055,34170501,39,0,''),(1055,34170501,40,0,''),(1055,34170501,41,0,''),(1055,34170501,42,0,''),(1055,34170501,43,0,''),(1055,34170501,44,0,''),(1056,34170401,3,47600,''),(1056,34170401,4,0,''),(1056,34170401,7,0,''),(1056,34170401,8,240,''),(1056,34170401,9,3690,''),(1056,34170401,10,300,''),(1056,34170401,12,0,''),(1056,34170401,13,800,''),(1056,34170401,14,0,''),(1056,34170401,18,0,''),(1056,34170401,20,0,''),(1056,34170401,21,0,''),(1056,34170401,22,200,''),(1056,34170401,23,30,''),(1056,34170401,24,70,''),(1056,34170401,25,0,''),(1056,34170401,26,20000,''),(1056,34170401,29,0,''),(1056,34170401,30,0,''),(1056,34170401,39,0,''),(1056,34170401,40,0,''),(1056,34170401,41,0,''),(1056,34170401,42,0,''),(1056,34170401,43,0,'860845349'),(1056,34170401,44,0,''),(1056,34170501,3,47600,''),(1056,34170501,4,0,''),(1056,34170501,7,0,''),(1056,34170501,8,240,''),(1056,34170501,9,3690,''),(1056,34170501,10,300,''),(1056,34170501,12,0,''),(1056,34170501,13,800,''),(1056,34170501,14,0,''),(1056,34170501,18,0,''),(1056,34170501,20,0,''),(1056,34170501,21,0,''),(1056,34170501,22,200,''),(1056,34170501,23,30,''),(1056,34170501,24,70,''),(1056,34170501,25,0,''),(1056,34170501,26,20000,''),(1056,34170501,29,0,''),(1056,34170501,30,0,''),(1056,34170501,39,0,''),(1056,34170501,40,0,''),(1056,34170501,41,0,''),(1056,34170501,42,0,''),(1056,34170501,43,0,''),(1056,34170501,44,0,''),(1057,34170401,3,31100,''),(1057,34170401,4,0,''),(1057,34170401,7,0,''),(1057,34170401,8,150,''),(1057,34170401,9,2358,''),(1057,34170401,10,300,''),(1057,34170401,12,0,''),(1057,34170401,13,800,''),(1057,34170401,14,44,''),(1057,34170401,18,0,''),(1057,34170401,20,0,''),(1057,34170401,21,0,''),(1057,34170401,22,200,''),(1057,34170401,23,15,''),(1057,34170401,24,35,''),(1057,34170401,25,0,''),(1057,34170401,26,7000,''),(1057,34170401,29,0,''),(1057,34170401,30,500,'6/10'),(1057,34170401,39,0,''),(1057,34170401,40,0,''),(1057,34170401,41,0,''),(1057,34170401,42,0,''),(1057,34170401,43,1021,'863499220'),(1057,34170401,44,1895,''),(1057,34170501,3,31100,''),(1057,34170501,4,0,''),(1057,34170501,7,1244,''),(1057,34170501,8,150,''),(1057,34170501,9,2358,''),(1057,34170501,10,300,''),(1057,34170501,12,800,''),(1057,34170501,13,0,''),(1057,34170501,14,60,''),(1057,34170501,18,0,''),(1057,34170501,20,0,''),(1057,34170501,21,0,''),(1057,34170501,22,200,''),(1057,34170501,23,15,''),(1057,34170501,24,35,''),(1057,34170501,25,0,''),(1057,34170501,26,7000,''),(1057,34170501,29,0,''),(1057,34170501,30,500,'7/10'),(1057,34170501,39,0,''),(1057,34170501,40,0,''),(1057,34170501,41,0,''),(1057,34170501,42,0,''),(1057,34170501,43,0,''),(1057,34170501,44,0,''),(1058,34170401,3,29300,''),(1058,34170401,4,0,''),(1058,34170401,7,0,''),(1058,34170401,8,150,''),(1058,34170401,9,2246,''),(1058,34170401,10,300,''),(1058,34170401,12,0,''),(1058,34170401,13,800,''),(1058,34170401,14,50,''),(1058,34170401,18,0,''),(1058,34170401,20,0,''),(1058,34170401,21,0,''),(1058,34170401,22,200,''),(1058,34170401,23,15,''),(1058,34170401,24,35,''),(1058,34170401,25,0,''),(1058,34170401,26,15000,''),(1058,34170401,29,0,''),(1058,34170401,30,500,'6/10'),(1058,34170401,39,0,''),(1058,34170401,40,0,''),(1058,34170401,41,0,''),(1058,34170401,42,200,''),(1058,34170401,43,924,'860359999'),(1058,34170401,44,1770,''),(1058,34170501,3,29300,''),(1058,34170501,4,0,''),(1058,34170501,7,1172,''),(1058,34170501,8,150,''),(1058,34170501,9,2246,''),(1058,34170501,10,300,''),(1058,34170501,12,800,''),(1058,34170501,13,0,''),(1058,34170501,14,60,''),(1058,34170501,18,0,''),(1058,34170501,20,0,''),(1058,34170501,21,0,''),(1058,34170501,22,200,''),(1058,34170501,23,15,''),(1058,34170501,24,35,''),(1058,34170501,25,0,''),(1058,34170501,26,15000,''),(1058,34170501,29,0,''),(1058,34170501,30,500,'7/10'),(1058,34170501,39,0,''),(1058,34170501,40,0,''),(1058,34170501,41,0,''),(1058,34170501,42,0,''),(1058,34170501,43,0,''),(1058,34170501,44,0,''),(1059,34170401,3,27200,''),(1059,34170401,4,0,''),(1059,34170401,7,0,''),(1059,34170401,8,150,''),(1059,34170401,9,0,''),(1059,34170401,10,300,''),(1059,34170401,12,0,''),(1059,34170401,13,0,''),(1059,34170401,14,40,''),(1059,34170401,18,0,''),(1059,34170401,20,0,''),(1059,34170401,21,80,''),(1059,34170401,22,200,''),(1059,34170401,23,15,''),(1059,34170401,24,35,''),(1059,34170401,25,0,''),(1059,34170401,26,3000,''),(1059,34170401,29,0,''),(1059,34170401,30,500,'6/10'),(1059,34170401,39,0,''),(1059,34170401,40,0,''),(1059,34170401,41,0,''),(1059,34170401,42,4776,''),(1059,34170401,43,0,''),(1059,34170401,44,0,''),(1059,34170501,3,27200,''),(1059,34170501,4,0,''),(1059,34170501,7,1088,''),(1059,34170501,8,150,''),(1059,34170501,9,0,''),(1059,34170501,10,300,''),(1059,34170501,12,0,''),(1059,34170501,13,0,''),(1059,34170501,14,60,''),(1059,34170501,18,0,''),(1059,34170501,20,0,''),(1059,34170501,21,80,''),(1059,34170501,22,200,''),(1059,34170501,23,15,''),(1059,34170501,24,35,''),(1059,34170501,25,0,''),(1059,34170501,26,3000,''),(1059,34170501,29,0,''),(1059,34170501,30,500,'7/10'),(1059,34170501,39,0,''),(1059,34170501,40,0,''),(1059,34170501,41,0,''),(1059,34170501,42,0,''),(1059,34170501,43,0,''),(1059,34170501,44,0,''),(1060,34170401,3,42300,''),(1060,34170401,4,0,''),(1060,34170401,7,0,''),(1060,34170401,8,240,''),(1060,34170401,9,3288,''),(1060,34170401,10,300,''),(1060,34170401,12,0,''),(1060,34170401,13,800,''),(1060,34170401,14,0,''),(1060,34170401,18,0,''),(1060,34170401,20,1500,''),(1060,34170401,21,0,''),(1060,34170401,22,200,''),(1060,34170401,23,30,''),(1060,34170401,24,70,''),(1060,34170401,25,20000,''),(1060,34170401,26,0,''),(1060,34170401,29,0,''),(1060,34170401,30,0,''),(1060,34170401,39,0,''),(1060,34170401,40,0,''),(1060,34170401,41,0,''),(1060,34170401,42,0,''),(1060,34170401,43,0,''),(1060,34170401,44,0,''),(1060,34170501,3,42300,''),(1060,34170501,4,0,''),(1060,34170501,7,0,''),(1060,34170501,8,240,''),(1060,34170501,9,3288,''),(1060,34170501,10,300,''),(1060,34170501,12,800,''),(1060,34170501,13,0,''),(1060,34170501,14,0,''),(1060,34170501,18,0,''),(1060,34170501,20,1500,''),(1060,34170501,21,0,''),(1060,34170501,22,200,''),(1060,34170501,23,30,''),(1060,34170501,24,70,''),(1060,34170501,25,20000,''),(1060,34170501,26,0,''),(1060,34170501,29,0,''),(1060,34170501,30,0,''),(1060,34170501,39,0,''),(1060,34170501,40,0,''),(1060,34170501,41,0,''),(1060,34170501,42,0,''),(1060,34170501,43,0,''),(1060,34170501,44,0,''),(1061,34170401,3,53600,''),(1061,34170401,4,0,''),(1061,34170401,7,0,''),(1061,34170401,8,240,''),(1061,34170401,9,0,''),(1061,34170401,10,300,''),(1061,34170401,12,0,''),(1061,34170401,13,0,''),(1061,34170401,14,0,''),(1061,34170401,18,0,''),(1061,34170401,20,850,''),(1061,34170401,21,0,''),(1061,34170401,22,200,''),(1061,34170401,23,30,''),(1061,34170401,24,70,''),(1061,34170401,25,10000,''),(1061,34170401,26,0,''),(1061,34170401,29,0,''),(1061,34170401,30,0,''),(1061,34170401,39,0,''),(1061,34170401,40,0,''),(1061,34170401,41,50,''),(1061,34170401,42,200,''),(1061,34170401,43,0,''),(1061,34170401,44,0,''),(1061,34170501,3,53600,''),(1061,34170501,4,0,''),(1061,34170501,7,0,''),(1061,34170501,8,240,''),(1061,34170501,9,0,''),(1061,34170501,10,300,''),(1061,34170501,12,0,''),(1061,34170501,13,0,''),(1061,34170501,14,0,''),(1061,34170501,18,0,''),(1061,34170501,20,850,''),(1061,34170501,21,0,''),(1061,34170501,22,200,''),(1061,34170501,23,30,''),(1061,34170501,24,70,''),(1061,34170501,25,10000,''),(1061,34170501,26,0,''),(1061,34170501,29,0,''),(1061,34170501,30,0,''),(1061,34170501,39,0,''),(1061,34170501,40,0,''),(1061,34170501,41,50,''),(1061,34170501,42,0,''),(1061,34170501,43,0,''),(1061,34170501,44,0,''),(1062,34170401,3,31100,''),(1062,34170401,4,0,''),(1062,34170401,7,0,''),(1062,34170401,8,150,''),(1062,34170401,9,0,''),(1062,34170401,10,300,''),(1062,34170401,12,0,''),(1062,34170401,13,0,''),(1062,34170401,14,60,''),(1062,34170401,18,0,''),(1062,34170401,20,0,''),(1062,34170401,21,0,''),(1062,34170401,22,200,''),(1062,34170401,23,15,''),(1062,34170401,24,35,''),(1062,34170401,25,0,''),(1062,34170401,26,12500,''),(1062,34170401,29,0,''),(1062,34170401,30,0,''),(1062,34170401,39,0,''),(1062,34170401,40,0,''),(1062,34170401,41,0,''),(1062,34170401,42,0,''),(1062,34170401,43,0,''),(1062,34170401,44,1930,''),(1062,34170501,3,31100,''),(1062,34170501,4,0,''),(1062,34170501,7,1244,''),(1062,34170501,8,150,''),(1062,34170501,9,0,''),(1062,34170501,10,300,''),(1062,34170501,12,0,''),(1062,34170501,13,0,''),(1062,34170501,14,60,''),(1062,34170501,18,0,''),(1062,34170501,20,0,''),(1062,34170501,21,0,''),(1062,34170501,22,200,''),(1062,34170501,23,15,''),(1062,34170501,24,35,''),(1062,34170501,25,0,''),(1062,34170501,26,12500,''),(1062,34170501,29,0,''),(1062,34170501,30,0,''),(1062,34170501,39,0,''),(1062,34170501,40,0,''),(1062,34170501,41,0,''),(1062,34170501,42,0,''),(1062,34170501,43,0,''),(1062,34170501,44,0,''),(1063,34170401,3,62200,''),(1063,34170401,4,0,''),(1063,34170401,7,0,''),(1063,34170401,8,240,''),(1063,34170401,9,4784,''),(1063,34170401,10,300,''),(1063,34170401,12,0,''),(1063,34170401,13,800,''),(1063,34170401,14,0,''),(1063,34170401,18,0,''),(1063,34170401,20,3200,''),(1063,34170401,21,0,''),(1063,34170401,22,200,''),(1063,34170401,23,60,''),(1063,34170401,24,140,''),(1063,34170401,25,15000,''),(1063,34170401,26,0,''),(1063,34170401,29,0,''),(1063,34170401,30,0,''),(1063,34170401,39,0,''),(1063,34170401,40,0,''),(1063,34170401,41,0,''),(1063,34170401,42,200,''),(1063,34170401,43,0,'860702517'),(1063,34170401,44,0,''),(1063,34170501,3,62200,''),(1063,34170501,4,0,''),(1063,34170501,7,0,''),(1063,34170501,8,240,''),(1063,34170501,9,4784,''),(1063,34170501,10,300,''),(1063,34170501,12,0,''),(1063,34170501,13,800,''),(1063,34170501,14,0,''),(1063,34170501,18,0,''),(1063,34170501,20,3200,''),(1063,34170501,21,0,''),(1063,34170501,22,200,''),(1063,34170501,23,60,''),(1063,34170501,24,140,''),(1063,34170501,25,15000,''),(1063,34170501,26,0,''),(1063,34170501,29,0,''),(1063,34170501,30,0,''),(1063,34170501,39,0,''),(1063,34170501,40,0,''),(1063,34170501,41,0,''),(1063,34170501,42,200,''),(1063,34170501,43,0,''),(1063,34170501,44,0,''),(1064,34170401,3,31340,''),(1064,34170401,4,0,''),(1064,34170401,7,0,''),(1064,34170401,8,0,''),(1064,34170401,9,0,''),(1064,34170401,10,0,''),(1064,34170401,12,0,''),(1064,34170401,13,0,''),(1064,34170401,14,0,''),(1064,34170401,18,0,''),(1064,34170401,20,0,''),(1064,34170401,21,0,''),(1064,34170401,22,200,''),(1064,34170401,23,0,''),(1064,34170401,24,0,''),(1064,34170401,25,0,''),(1064,34170401,26,0,''),(1064,34170401,29,0,''),(1064,34170401,30,0,''),(1064,34170401,39,0,''),(1064,34170401,40,0,''),(1064,34170401,41,0,''),(1064,34170401,42,0,''),(1064,34170401,43,0,''),(1064,34170401,44,0,''),(1064,34170501,3,31340,''),(1064,34170501,4,0,''),(1064,34170501,7,0,''),(1064,34170501,8,0,''),(1064,34170501,9,0,''),(1064,34170501,10,0,''),(1064,34170501,12,0,''),(1064,34170501,13,0,''),(1064,34170501,14,0,''),(1064,34170501,18,0,''),(1064,34170501,20,0,''),(1064,34170501,21,0,''),(1064,34170501,22,200,''),(1064,34170501,23,0,''),(1064,34170501,24,0,''),(1064,34170501,25,0,''),(1064,34170501,26,0,''),(1064,34170501,29,0,''),(1064,34170501,30,0,''),(1064,34170501,39,0,''),(1064,34170501,40,0,''),(1064,34170501,41,0,''),(1064,34170501,42,0,''),(1064,34170501,43,0,''),(1064,34170501,44,0,''),(1065,34170401,3,19950,''),(1065,34170401,4,0,''),(1065,34170401,7,0,''),(1065,34170401,8,0,''),(1065,34170401,9,0,''),(1065,34170401,10,0,''),(1065,34170401,12,0,''),(1065,34170401,13,0,''),(1065,34170401,14,0,''),(1065,34170401,18,0,''),(1065,34170401,20,0,''),(1065,34170401,21,140,''),(1065,34170401,22,200,''),(1065,34170401,23,0,''),(1065,34170401,24,0,''),(1065,34170401,25,0,''),(1065,34170401,26,0,''),(1065,34170401,29,0,''),(1065,34170401,30,0,''),(1065,34170401,39,0,''),(1065,34170401,40,0,''),(1065,34170401,41,0,''),(1065,34170401,42,0,''),(1065,34170401,43,0,''),(1065,34170401,44,0,''),(1065,34170501,3,19950,''),(1065,34170501,4,0,''),(1065,34170501,7,0,''),(1065,34170501,8,0,''),(1065,34170501,9,0,''),(1065,34170501,10,0,''),(1065,34170501,12,0,''),(1065,34170501,13,0,''),(1065,34170501,14,0,''),(1065,34170501,18,0,''),(1065,34170501,20,0,''),(1065,34170501,21,140,''),(1065,34170501,22,200,''),(1065,34170501,23,0,''),(1065,34170501,24,0,''),(1065,34170501,25,0,''),(1065,34170501,26,0,''),(1065,34170501,29,0,''),(1065,34170501,30,0,''),(1065,34170501,39,0,''),(1065,34170501,40,0,''),(1065,34170501,41,0,''),(1065,34170501,42,0,''),(1065,34170501,43,0,''),(1065,34170501,44,0,''),(1066,34170401,3,23100,''),(1066,34170401,4,1900,''),(1066,34170401,7,0,''),(1066,34170401,8,150,''),(1066,34170401,9,5000,''),(1066,34170401,10,300,''),(1066,34170401,12,0,''),(1066,34170401,13,800,''),(1066,34170401,14,0,''),(1066,34170401,18,0,''),(1066,34170401,20,0,''),(1066,34170401,21,0,''),(1066,34170401,22,30,''),(1066,34170401,23,0,''),(1066,34170401,24,0,''),(1066,34170401,25,0,''),(1066,34170401,26,0,''),(1066,34170401,29,0,''),(1066,34170401,30,0,''),(1066,34170401,39,0,''),(1066,34170401,40,0,''),(1066,34170401,41,0,''),(1066,34170401,42,0,''),(1066,34170401,43,0,''),(1066,34170401,44,25000,''),(1066,34170501,3,23100,''),(1066,34170501,4,0,''),(1066,34170501,7,924,''),(1066,34170501,8,150,''),(1066,34170501,9,1744,''),(1066,34170501,10,300,''),(1066,34170501,12,0,''),(1066,34170501,13,200,''),(1066,34170501,14,0,''),(1066,34170501,18,0,''),(1066,34170501,20,0,''),(1066,34170501,21,0,''),(1066,34170501,22,200,''),(1066,34170501,23,30,''),(1066,34170501,24,70,''),(1066,34170501,25,0,''),(1066,34170501,26,0,''),(1066,34170501,27,2402,''),(1066,34170501,29,0,''),(1066,34170501,30,0,''),(1066,34170501,39,0,''),(1066,34170501,40,0,''),(1066,34170501,41,0,''),(1066,34170501,42,0,''),(1066,34170501,43,0,''),(1066,34170501,44,0,''),(1067,34170401,3,24200,''),(1067,34170401,4,0,''),(1067,34170401,7,0,''),(1067,34170401,8,95,''),(1067,34170401,9,0,''),(1067,34170401,10,300,''),(1067,34170401,12,0,''),(1067,34170401,13,0,''),(1067,34170401,14,34,''),(1067,34170401,18,0,''),(1067,34170401,20,0,''),(1067,34170401,21,80,''),(1067,34170401,22,200,''),(1067,34170401,23,15,''),(1067,34170401,24,35,''),(1067,34170401,25,0,''),(1067,34170401,26,3000,''),(1067,34170401,29,0,''),(1067,34170401,30,500,'6/10'),(1067,34170401,39,0,''),(1067,34170401,40,0,''),(1067,34170401,41,0,''),(1067,34170401,42,3665,''),(1067,34170401,43,0,''),(1067,34170401,44,0,''),(1067,34170501,3,24200,''),(1067,34170501,4,0,''),(1067,34170501,7,968,''),(1067,34170501,8,95,''),(1067,34170501,9,0,''),(1067,34170501,10,300,''),(1067,34170501,12,0,''),(1067,34170501,13,0,''),(1067,34170501,14,60,''),(1067,34170501,18,0,''),(1067,34170501,20,0,''),(1067,34170501,21,80,''),(1067,34170501,22,200,''),(1067,34170501,23,15,''),(1067,34170501,24,35,''),(1067,34170501,25,0,''),(1067,34170501,26,3000,''),(1067,34170501,29,0,''),(1067,34170501,30,500,'7/10'),(1067,34170501,39,0,''),(1067,34170501,40,0,''),(1067,34170501,41,0,''),(1067,34170501,42,0,''),(1067,34170501,43,0,''),(1067,34170501,44,0,''),(1068,34170401,3,33300,''),(1068,34170401,4,0,''),(1068,34170401,7,0,''),(1068,34170401,8,240,''),(1068,34170401,9,2524,''),(1068,34170401,10,300,''),(1068,34170401,12,0,''),(1068,34170401,13,800,''),(1068,34170401,14,0,''),(1068,34170401,18,0,''),(1068,34170401,20,0,''),(1068,34170401,21,0,''),(1068,34170401,22,200,''),(1068,34170401,23,30,''),(1068,34170401,24,70,''),(1068,34170401,25,20000,''),(1068,34170401,26,0,''),(1068,34170401,29,0,''),(1068,34170401,30,0,''),(1068,34170401,39,0,''),(1068,34170401,40,0,''),(1068,34170401,41,0,''),(1068,34170401,42,0,''),(1068,34170401,43,0,''),(1068,34170401,44,0,''),(1068,34170501,3,33300,''),(1068,34170501,4,0,''),(1068,34170501,7,0,''),(1068,34170501,8,240,''),(1068,34170501,9,2524,''),(1068,34170501,10,300,''),(1068,34170501,12,800,''),(1068,34170501,13,0,''),(1068,34170501,14,0,''),(1068,34170501,18,0,''),(1068,34170501,20,0,''),(1068,34170501,21,0,''),(1068,34170501,22,200,''),(1068,34170501,23,30,''),(1068,34170501,24,70,''),(1068,34170501,25,20000,''),(1068,34170501,26,0,''),(1068,34170501,29,0,''),(1068,34170501,30,0,''),(1068,34170501,39,0,''),(1068,34170501,40,0,''),(1068,34170501,41,0,''),(1068,34170501,42,0,''),(1068,34170501,43,0,''),(1068,34170501,44,0,''),(1069,34170401,3,21100,''),(1069,34170401,4,1900,''),(1069,34170401,7,0,''),(1069,34170401,8,150,''),(1069,34170401,9,0,''),(1069,34170401,10,300,''),(1069,34170401,12,0,''),(1069,34170401,13,800,''),(1069,34170401,14,0,''),(1069,34170401,18,0,''),(1069,34170401,20,0,''),(1069,34170401,21,0,''),(1069,34170401,22,30,''),(1069,34170401,23,0,''),(1069,34170401,24,0,''),(1069,34170401,25,0,''),(1069,34170401,26,0,''),(1069,34170401,29,0,''),(1069,34170401,30,0,''),(1069,34170401,39,0,''),(1069,34170401,40,0,''),(1069,34170401,41,0,''),(1069,34170401,42,0,''),(1069,34170401,43,0,''),(1069,34170401,44,23000,''),(1069,34170501,3,21100,''),(1069,34170501,4,0,''),(1069,34170501,7,844,''),(1069,34170501,8,150,''),(1069,34170501,9,0,''),(1069,34170501,10,300,''),(1069,34170501,12,0,''),(1069,34170501,13,0,''),(1069,34170501,14,0,''),(1069,34170501,18,0,''),(1069,34170501,20,0,''),(1069,34170501,21,200,''),(1069,34170501,22,200,''),(1069,34170501,23,30,''),(1069,34170501,24,70,''),(1069,34170501,25,0,''),(1069,34170501,26,0,''),(1069,34170501,27,2194,''),(1069,34170501,29,0,''),(1069,34170501,30,0,''),(1069,34170501,39,0,''),(1069,34170501,40,0,''),(1069,34170501,41,0,''),(1069,34170501,42,0,''),(1069,34170501,43,0,''),(1069,34170501,44,0,''),(1070,34170401,3,28400,''),(1070,34170401,4,0,''),(1070,34170401,7,0,''),(1070,34170401,8,150,''),(1070,34170401,9,2208,''),(1070,34170401,10,300,''),(1070,34170401,12,0,''),(1070,34170401,13,800,''),(1070,34170401,14,60,''),(1070,34170401,18,0,''),(1070,34170401,20,0,''),(1070,34170401,21,0,''),(1070,34170401,22,200,''),(1070,34170401,23,15,''),(1070,34170401,24,35,''),(1070,34170401,25,0,''),(1070,34170401,26,15000,''),(1070,34170401,29,0,''),(1070,34170401,30,500,'6/10'),(1070,34170401,39,0,''),(1070,34170401,40,0,''),(1070,34170401,41,0,''),(1070,34170401,42,0,''),(1070,34170401,43,0,'861875317'),(1070,34170401,44,1738,''),(1070,34170501,3,28400,''),(1070,34170501,4,0,''),(1070,34170501,7,1136,''),(1070,34170501,8,150,''),(1070,34170501,9,2208,''),(1070,34170501,10,300,''),(1070,34170501,12,800,''),(1070,34170501,13,0,''),(1070,34170501,14,60,''),(1070,34170501,18,0,''),(1070,34170501,20,0,''),(1070,34170501,21,0,''),(1070,34170501,22,200,''),(1070,34170501,23,15,''),(1070,34170501,24,35,''),(1070,34170501,25,0,''),(1070,34170501,26,15000,''),(1070,34170501,29,0,''),(1070,34170501,30,500,'7/10'),(1070,34170501,39,0,''),(1070,34170501,40,0,''),(1070,34170501,41,0,''),(1070,34170501,42,0,''),(1070,34170501,43,0,''),(1070,34170501,44,0,''),(1071,34170401,3,31100,''),(1071,34170401,4,0,''),(1071,34170401,7,0,''),(1071,34170401,8,150,''),(1071,34170401,9,2358,''),(1071,34170401,10,300,''),(1071,34170401,12,0,''),(1071,34170401,13,800,''),(1071,34170401,14,60,''),(1071,34170401,18,0,''),(1071,34170401,20,100,''),(1071,34170401,21,0,''),(1071,34170401,22,200,''),(1071,34170401,23,15,''),(1071,34170401,24,35,''),(1071,34170401,25,0,''),(1071,34170401,26,13000,''),(1071,34170401,29,0,''),(1071,34170401,30,500,'6/10'),(1071,34170401,39,0,''),(1071,34170401,40,0,''),(1071,34170401,41,0,''),(1071,34170401,42,0,''),(1071,34170401,43,0,'0'),(1071,34170401,44,1895,''),(1071,34170501,3,31100,''),(1071,34170501,4,0,''),(1071,34170501,7,0,''),(1071,34170501,8,150,''),(1071,34170501,9,2358,''),(1071,34170501,10,300,''),(1071,34170501,12,0,''),(1071,34170501,13,800,''),(1071,34170501,14,60,''),(1071,34170501,18,0,''),(1071,34170501,20,100,''),(1071,34170501,21,0,''),(1071,34170501,22,200,''),(1071,34170501,23,15,''),(1071,34170501,24,35,''),(1071,34170501,25,0,''),(1071,34170501,26,13000,''),(1071,34170501,29,0,''),(1071,34170501,30,500,'7/10'),(1071,34170501,39,0,''),(1071,34170501,40,0,''),(1071,34170501,41,0,''),(1071,34170501,42,0,''),(1071,34170501,43,0,''),(1071,34170501,44,0,''),(1072,34170401,3,30200,''),(1072,34170401,4,0,''),(1072,34170401,7,0,''),(1072,34170401,8,150,''),(1072,34170401,9,0,''),(1072,34170401,10,300,''),(1072,34170401,12,0,''),(1072,34170401,13,0,''),(1072,34170401,14,26,''),(1072,34170401,18,0,''),(1072,34170401,20,0,''),(1072,34170401,21,80,''),(1072,34170401,22,200,''),(1072,34170401,23,15,''),(1072,34170401,24,35,''),(1072,34170401,25,0,''),(1072,34170401,26,11500,''),(1072,34170401,29,0,''),(1072,34170401,30,500,'6/10'),(1072,34170401,39,0,''),(1072,34170401,40,3400,'1661165(6/29)'),(1072,34170401,41,0,''),(1072,34170401,42,2474,''),(1072,34170401,43,155,'860359086'),(1072,34170401,44,1930,''),(1072,34170501,3,30200,''),(1072,34170501,4,0,''),(1072,34170501,7,1208,''),(1072,34170501,8,150,''),(1072,34170501,9,0,''),(1072,34170501,10,300,''),(1072,34170501,12,0,''),(1072,34170501,13,0,''),(1072,34170501,14,60,''),(1072,34170501,18,0,''),(1072,34170501,20,0,''),(1072,34170501,21,80,''),(1072,34170501,22,200,''),(1072,34170501,23,15,''),(1072,34170501,24,35,''),(1072,34170501,25,0,''),(1072,34170501,26,5000,''),(1072,34170501,29,0,''),(1072,34170501,30,500,'7/10'),(1072,34170501,39,0,''),(1072,34170501,40,3400,'7/29'),(1072,34170501,41,0,''),(1072,34170501,42,0,''),(1072,34170501,43,0,''),(1072,34170501,44,0,''),(1073,34170401,3,14150,''),(1073,34170401,4,2800,''),(1073,34170401,7,0,''),(1073,34170401,8,0,''),(1073,34170401,9,3390,''),(1073,34170401,10,0,''),(1073,34170401,12,0,''),(1073,34170401,13,0,''),(1073,34170401,14,240,''),(1073,34170401,18,0,''),(1073,34170401,20,300,''),(1073,34170401,21,0,''),(1073,34170401,22,0,''),(1073,34170401,23,0,''),(1073,34170401,24,0,''),(1073,34170401,25,30,''),(1073,34170401,26,0,''),(1073,34170401,29,15000,''),(1073,34170401,30,0,''),(1073,34170401,39,0,''),(1073,34170401,40,0,''),(1073,34170401,41,0,''),(1073,34170401,42,0,''),(1073,34170401,43,0,''),(1073,34170401,44,21188,''),(1073,34170501,3,14150,''),(1073,34170501,4,2800,''),(1073,34170501,7,21188,''),(1073,34170501,8,240,''),(1073,34170501,9,3390,''),(1073,34170501,10,300,''),(1073,34170501,12,800,''),(1073,34170501,13,0,''),(1073,34170501,14,0,''),(1073,34170501,18,0,''),(1073,34170501,20,0,''),(1073,34170501,21,0,''),(1073,34170501,22,200,''),(1073,34170501,23,30,''),(1073,34170501,24,70,''),(1073,34170501,25,0,''),(1073,34170501,26,0,''),(1073,34170501,29,15000,''),(1073,34170501,30,0,''),(1073,34170501,39,0,''),(1073,34170501,40,0,''),(1073,34170501,41,0,''),(1073,34170501,42,0,''),(1073,34170501,43,0,''),(1073,34170501,44,0,''),(1074,34170401,3,30200,''),(1074,34170401,4,0,''),(1074,34170401,7,0,''),(1074,34170401,8,150,''),(1074,34170401,9,0,''),(1074,34170401,10,300,''),(1074,34170401,12,0,''),(1074,34170401,13,0,''),(1074,34170401,14,60,''),(1074,34170401,18,0,''),(1074,34170401,20,0,''),(1074,34170401,21,200,''),(1074,34170401,22,200,''),(1074,34170401,23,30,''),(1074,34170401,24,70,''),(1074,34170401,25,9000,''),(1074,34170401,26,0,''),(1074,34170401,29,0,''),(1074,34170401,30,0,''),(1074,34170401,39,0,''),(1074,34170401,40,0,''),(1074,34170401,41,0,''),(1074,34170401,42,6054,''),(1074,34170401,43,1241,'861876464'),(1074,34170401,44,0,''),(1074,34170501,3,30200,''),(1074,34170501,4,0,''),(1074,34170501,7,0,''),(1074,34170501,8,150,''),(1074,34170501,9,0,''),(1074,34170501,10,300,''),(1074,34170501,12,0,''),(1074,34170501,13,0,''),(1074,34170501,14,60,''),(1074,34170501,18,0,''),(1074,34170501,20,0,''),(1074,34170501,21,200,''),(1074,34170501,22,200,''),(1074,34170501,23,30,''),(1074,34170501,24,70,''),(1074,34170501,25,9000,''),(1074,34170501,26,0,''),(1074,34170501,29,0,''),(1074,34170501,30,0,''),(1074,34170501,39,0,''),(1074,34170501,40,0,''),(1074,34170501,41,0,''),(1074,34170501,42,0,''),(1074,34170501,43,0,''),(1074,34170501,44,0,''),(1075,34170401,3,30200,''),(1075,34170401,4,0,''),(1075,34170401,7,0,''),(1075,34170401,8,150,''),(1075,34170401,9,0,''),(1075,34170401,10,300,''),(1075,34170401,12,0,''),(1075,34170401,13,0,''),(1075,34170401,14,60,''),(1075,34170401,18,0,''),(1075,34170401,20,0,''),(1075,34170401,21,80,''),(1075,34170401,22,200,''),(1075,34170401,23,15,''),(1075,34170401,24,35,''),(1075,34170401,25,0,''),(1075,34170401,26,8000,''),(1075,34170401,29,0,''),(1075,34170401,30,500,'6/10'),(1075,34170401,39,0,''),(1075,34170401,40,0,''),(1075,34170401,41,0,''),(1075,34170401,42,0,''),(1075,34170401,43,3024,'860492943'),(1075,34170401,44,0,''),(1075,34170501,3,30200,''),(1075,34170501,4,0,''),(1075,34170501,7,1208,''),(1075,34170501,8,150,''),(1075,34170501,9,0,''),(1075,34170501,10,300,''),(1075,34170501,12,0,''),(1075,34170501,13,0,''),(1075,34170501,14,60,''),(1075,34170501,18,0,''),(1075,34170501,20,0,''),(1075,34170501,21,80,''),(1075,34170501,22,200,''),(1075,34170501,23,15,''),(1075,34170501,24,35,''),(1075,34170501,25,0,''),(1075,34170501,26,8000,''),(1075,34170501,29,0,''),(1075,34170501,30,500,'7/10'),(1075,34170501,39,0,''),(1075,34170501,40,0,''),(1075,34170501,41,0,''),(1075,34170501,42,0,''),(1075,34170501,43,756,''),(1075,34170501,44,0,''),(1076,34170401,3,64100,''),(1076,34170401,4,0,''),(1076,34170401,7,0,''),(1076,34170401,8,240,''),(1076,34170401,9,0,''),(1076,34170401,10,300,''),(1076,34170401,12,0,''),(1076,34170401,13,0,''),(1076,34170401,14,0,''),(1076,34170401,18,0,''),(1076,34170401,20,2500,''),(1076,34170401,21,0,''),(1076,34170401,22,200,''),(1076,34170401,23,60,''),(1076,34170401,24,140,''),(1076,34170401,25,15000,''),(1076,34170401,26,0,''),(1076,34170401,29,0,''),(1076,34170401,30,0,''),(1076,34170401,39,0,''),(1076,34170401,40,0,''),(1076,34170401,41,50,''),(1076,34170401,42,200,''),(1076,34170401,43,0,''),(1076,34170401,44,0,''),(1076,34170501,3,64100,''),(1076,34170501,4,0,''),(1076,34170501,7,0,''),(1076,34170501,8,240,''),(1076,34170501,9,0,''),(1076,34170501,10,300,''),(1076,34170501,12,0,''),(1076,34170501,13,0,''),(1076,34170501,14,0,''),(1076,34170501,18,0,''),(1076,34170501,20,2500,''),(1076,34170501,21,0,''),(1076,34170501,22,200,''),(1076,34170501,23,60,''),(1076,34170501,24,140,''),(1076,34170501,25,15000,''),(1076,34170501,26,0,''),(1076,34170501,29,0,''),(1076,34170501,30,0,''),(1076,34170501,39,0,''),(1076,34170501,40,0,''),(1076,34170501,41,50,''),(1076,34170501,42,0,''),(1076,34170501,43,0,''),(1076,34170501,44,0,''),(1077,34170401,3,19950,''),(1077,34170401,4,0,''),(1077,34170401,7,0,''),(1077,34170401,8,0,''),(1077,34170401,9,0,''),(1077,34170401,10,0,''),(1077,34170401,12,0,''),(1077,34170401,13,0,''),(1077,34170401,14,0,''),(1077,34170401,18,0,''),(1077,34170401,20,0,''),(1077,34170401,21,0,''),(1077,34170401,22,200,''),(1077,34170401,23,0,''),(1077,34170401,24,0,''),(1077,34170401,25,0,''),(1077,34170401,26,0,''),(1077,34170401,29,0,''),(1077,34170401,30,0,''),(1077,34170401,39,0,''),(1077,34170401,40,0,''),(1077,34170401,41,0,''),(1077,34170401,42,0,''),(1077,34170401,43,0,''),(1077,34170401,44,0,''),(1077,34170501,3,19950,''),(1077,34170501,4,0,''),(1077,34170501,7,0,''),(1077,34170501,8,0,''),(1077,34170501,9,0,''),(1077,34170501,10,0,''),(1077,34170501,12,0,''),(1077,34170501,13,0,''),(1077,34170501,14,0,''),(1077,34170501,18,0,''),(1077,34170501,20,0,''),(1077,34170501,21,0,''),(1077,34170501,22,200,''),(1077,34170501,23,0,''),(1077,34170501,24,0,''),(1077,34170501,25,0,''),(1077,34170501,26,0,''),(1077,34170501,29,0,''),(1077,34170501,30,0,''),(1077,34170501,39,0,''),(1077,34170501,40,0,''),(1077,34170501,41,0,''),(1077,34170501,42,0,''),(1077,34170501,43,0,''),(1077,34170501,44,0,''),(1078,34170401,3,31340,''),(1078,34170401,4,0,''),(1078,34170401,7,0,''),(1078,34170401,8,0,''),(1078,34170401,9,0,''),(1078,34170401,10,0,''),(1078,34170401,12,0,''),(1078,34170401,13,0,''),(1078,34170401,14,0,''),(1078,34170401,18,0,''),(1078,34170401,20,0,''),(1078,34170401,21,0,''),(1078,34170401,22,200,''),(1078,34170401,23,0,''),(1078,34170401,24,0,''),(1078,34170401,25,0,''),(1078,34170401,26,0,''),(1078,34170401,29,0,''),(1078,34170401,30,0,''),(1078,34170401,39,0,''),(1078,34170401,40,0,''),(1078,34170401,41,0,''),(1078,34170401,42,0,''),(1078,34170401,43,0,''),(1078,34170401,44,0,''),(1078,34170501,3,31340,''),(1078,34170501,4,0,''),(1078,34170501,7,0,''),(1078,34170501,8,0,''),(1078,34170501,9,0,''),(1078,34170501,10,0,''),(1078,34170501,12,0,''),(1078,34170501,13,0,''),(1078,34170501,14,0,''),(1078,34170501,18,0,''),(1078,34170501,20,0,''),(1078,34170501,21,0,''),(1078,34170501,22,200,''),(1078,34170501,23,0,''),(1078,34170501,24,0,''),(1078,34170501,25,0,''),(1078,34170501,26,0,''),(1078,34170501,29,0,''),(1078,34170501,30,0,''),(1078,34170501,39,0,''),(1078,34170501,40,0,''),(1078,34170501,41,0,''),(1078,34170501,42,0,''),(1078,34170501,43,0,''),(1078,34170501,44,0,''),(1079,34170401,3,19950,''),(1079,34170401,4,0,''),(1079,34170401,7,0,''),(1079,34170401,8,0,''),(1079,34170401,9,0,''),(1079,34170401,10,0,''),(1079,34170401,12,0,''),(1079,34170401,13,0,''),(1079,34170401,14,0,''),(1079,34170401,18,0,''),(1079,34170401,20,0,''),(1079,34170401,21,0,''),(1079,34170401,22,200,''),(1079,34170401,23,0,''),(1079,34170401,24,0,''),(1079,34170401,25,0,''),(1079,34170401,26,0,''),(1079,34170401,29,0,''),(1079,34170401,30,0,''),(1079,34170401,39,0,''),(1079,34170401,40,0,''),(1079,34170401,41,0,''),(1079,34170401,42,0,''),(1079,34170401,43,0,''),(1079,34170401,44,0,''),(1079,34170501,3,19950,''),(1079,34170501,4,0,''),(1079,34170501,7,0,''),(1079,34170501,8,0,''),(1079,34170501,9,0,''),(1079,34170501,10,0,''),(1079,34170501,12,0,''),(1079,34170501,13,0,''),(1079,34170501,14,0,''),(1079,34170501,18,0,''),(1079,34170501,20,0,''),(1079,34170501,21,0,''),(1079,34170501,22,200,''),(1079,34170501,23,0,''),(1079,34170501,24,0,''),(1079,34170501,25,0,''),(1079,34170501,26,0,''),(1079,34170501,29,0,''),(1079,34170501,30,0,''),(1079,34170501,39,0,''),(1079,34170501,40,0,''),(1079,34170501,41,0,''),(1079,34170501,42,0,''),(1079,34170501,43,0,''),(1079,34170501,44,0,''),(1080,34170401,3,19950,''),(1080,34170401,4,0,''),(1080,34170401,7,0,''),(1080,34170401,8,0,''),(1080,34170401,9,0,''),(1080,34170401,10,0,''),(1080,34170401,12,0,''),(1080,34170401,13,0,''),(1080,34170401,14,0,''),(1080,34170401,18,0,''),(1080,34170401,20,0,''),(1080,34170401,21,0,''),(1080,34170401,22,200,''),(1080,34170401,23,0,''),(1080,34170401,24,0,''),(1080,34170401,25,0,''),(1080,34170401,26,0,''),(1080,34170401,29,0,''),(1080,34170401,30,0,''),(1080,34170401,39,0,''),(1080,34170401,40,0,''),(1080,34170401,41,0,''),(1080,34170401,42,0,''),(1080,34170401,43,0,''),(1080,34170401,44,0,''),(1080,34170501,3,19950,''),(1080,34170501,4,0,''),(1080,34170501,7,0,''),(1080,34170501,8,0,''),(1080,34170501,9,0,''),(1080,34170501,10,0,''),(1080,34170501,12,0,''),(1080,34170501,13,0,''),(1080,34170501,14,0,''),(1080,34170501,18,0,''),(1080,34170501,20,0,''),(1080,34170501,21,0,''),(1080,34170501,22,200,''),(1080,34170501,23,0,''),(1080,34170501,24,0,''),(1080,34170501,25,0,''),(1080,34170501,26,0,''),(1080,34170501,29,0,''),(1080,34170501,30,0,''),(1080,34170501,39,0,''),(1080,34170501,40,0,''),(1080,34170501,41,0,''),(1080,34170501,42,0,''),(1080,34170501,43,0,''),(1080,34170501,44,0,''),(1081,34170401,3,28400,''),(1081,34170401,4,0,''),(1081,34170401,7,0,''),(1081,34170401,8,150,''),(1081,34170401,9,2206,''),(1081,34170401,10,300,''),(1081,34170401,12,0,''),(1081,34170401,13,800,''),(1081,34170401,14,60,''),(1081,34170401,18,0,''),(1081,34170401,20,0,''),(1081,34170401,21,0,''),(1081,34170401,22,200,''),(1081,34170401,23,15,''),(1081,34170401,24,35,''),(1081,34170401,25,0,''),(1081,34170401,26,8000,''),(1081,34170401,29,0,''),(1081,34170401,30,500,'6/10'),(1081,34170401,39,0,''),(1081,34170401,40,0,''),(1081,34170401,41,0,''),(1081,34170401,42,3812,''),(1081,34170401,43,0,''),(1081,34170401,44,1738,''),(1081,34170501,3,28400,''),(1081,34170501,4,0,''),(1081,34170501,7,1136,''),(1081,34170501,8,150,''),(1081,34170501,9,2206,''),(1081,34170501,10,300,''),(1081,34170501,12,800,''),(1081,34170501,13,0,''),(1081,34170501,14,60,''),(1081,34170501,18,0,''),(1081,34170501,20,0,''),(1081,34170501,21,0,''),(1081,34170501,22,200,''),(1081,34170501,23,15,''),(1081,34170501,24,35,''),(1081,34170501,25,0,''),(1081,34170501,26,8000,''),(1081,34170501,29,0,''),(1081,34170501,30,500,'7/10'),(1081,34170501,39,0,''),(1081,34170501,40,0,''),(1081,34170501,41,0,''),(1081,34170501,42,0,''),(1081,34170501,43,0,''),(1081,34170501,44,0,''),(1082,34170401,3,31340,''),(1082,34170401,4,0,''),(1082,34170401,7,0,''),(1082,34170401,8,0,''),(1082,34170401,9,0,''),(1082,34170401,10,0,''),(1082,34170401,12,0,''),(1082,34170401,13,0,''),(1082,34170401,14,0,''),(1082,34170401,18,0,''),(1082,34170401,20,100,''),(1082,34170401,21,0,''),(1082,34170401,22,200,''),(1082,34170401,23,0,''),(1082,34170401,24,0,''),(1082,34170401,25,0,''),(1082,34170401,26,0,''),(1082,34170401,29,0,''),(1082,34170401,30,0,''),(1082,34170401,39,0,''),(1082,34170401,40,0,''),(1082,34170401,41,0,''),(1082,34170401,42,0,''),(1082,34170401,43,0,''),(1082,34170401,44,0,''),(1082,34170501,3,31340,''),(1082,34170501,4,0,''),(1082,34170501,7,0,''),(1082,34170501,8,0,''),(1082,34170501,9,0,''),(1082,34170501,10,0,''),(1082,34170501,12,0,''),(1082,34170501,13,0,''),(1082,34170501,14,0,''),(1082,34170501,18,0,''),(1082,34170501,20,0,''),(1082,34170501,21,0,''),(1082,34170501,22,200,''),(1082,34170501,23,0,''),(1082,34170501,24,0,''),(1082,34170501,25,0,''),(1082,34170501,26,0,''),(1082,34170501,29,0,''),(1082,34170501,30,0,''),(1082,34170501,39,0,''),(1082,34170501,40,0,''),(1082,34170501,41,0,''),(1082,34170501,42,0,''),(1082,34170501,43,0,''),(1082,34170501,44,0,''),(1083,34170401,3,31340,''),(1083,34170401,4,0,''),(1083,34170401,7,0,''),(1083,34170401,8,0,''),(1083,34170401,9,0,''),(1083,34170401,10,0,''),(1083,34170401,12,0,''),(1083,34170401,13,0,''),(1083,34170401,14,0,''),(1083,34170401,18,0,''),(1083,34170401,20,0,''),(1083,34170401,21,0,''),(1083,34170401,22,200,''),(1083,34170401,23,0,''),(1083,34170401,24,0,''),(1083,34170401,25,0,''),(1083,34170401,26,0,''),(1083,34170401,29,0,''),(1083,34170401,30,0,''),(1083,34170401,39,0,''),(1083,34170401,40,0,''),(1083,34170401,41,0,''),(1083,34170401,42,0,''),(1083,34170401,43,0,''),(1083,34170401,44,0,''),(1083,34170501,3,31340,''),(1083,34170501,4,0,''),(1083,34170501,7,0,''),(1083,34170501,8,0,''),(1083,34170501,9,0,''),(1083,34170501,10,0,''),(1083,34170501,12,0,''),(1083,34170501,13,0,''),(1083,34170501,14,0,''),(1083,34170501,18,0,''),(1083,34170501,20,0,''),(1083,34170501,21,0,''),(1083,34170501,22,200,''),(1083,34170501,23,0,''),(1083,34170501,24,0,''),(1083,34170501,25,0,''),(1083,34170501,26,0,''),(1083,34170501,29,0,''),(1083,34170501,30,0,''),(1083,34170501,39,0,''),(1083,34170501,40,0,''),(1083,34170501,41,0,''),(1083,34170501,42,0,''),(1083,34170501,43,0,''),(1083,34170501,44,0,''),(1084,34170401,3,26400,''),(1084,34170401,4,0,''),(1084,34170401,7,0,''),(1084,34170401,8,150,''),(1084,34170401,9,0,''),(1084,34170401,10,300,''),(1084,34170401,12,0,''),(1084,34170401,13,0,''),(1084,34170401,14,60,''),(1084,34170401,18,0,''),(1084,34170401,20,0,''),(1084,34170401,21,80,''),(1084,34170401,22,200,''),(1084,34170401,23,15,''),(1084,34170401,24,35,''),(1084,34170401,25,0,''),(1084,34170401,26,8000,''),(1084,34170401,29,0,''),(1084,34170401,30,500,'6/10'),(1084,34170401,39,0,''),(1084,34170401,40,0,''),(1084,34170401,41,0,''),(1084,34170401,42,200,''),(1084,34170401,43,0,''),(1084,34170401,44,1640,''),(1084,34170501,3,26400,''),(1084,34170501,4,0,''),(1084,34170501,7,1056,''),(1084,34170501,8,150,''),(1084,34170501,9,0,''),(1084,34170501,10,300,''),(1084,34170501,12,0,''),(1084,34170501,13,0,''),(1084,34170501,14,60,''),(1084,34170501,18,0,''),(1084,34170501,20,0,''),(1084,34170501,21,80,''),(1084,34170501,22,200,''),(1084,34170501,23,15,''),(1084,34170501,24,35,''),(1084,34170501,25,0,''),(1084,34170501,26,8000,''),(1084,34170501,29,0,''),(1084,34170501,30,500,'7/10'),(1084,34170501,39,0,''),(1084,34170501,40,0,''),(1084,34170501,41,0,''),(1084,34170501,42,0,''),(1084,34170501,43,0,''),(1084,34170501,44,0,''),(1085,34170401,3,31340,''),(1085,34170401,4,0,''),(1085,34170401,7,0,''),(1085,34170401,8,0,''),(1085,34170401,9,0,''),(1085,34170401,10,0,''),(1085,34170401,12,0,''),(1085,34170401,13,0,''),(1085,34170401,14,0,''),(1085,34170401,18,0,''),(1085,34170401,20,0,''),(1085,34170401,21,0,''),(1085,34170401,22,200,''),(1085,34170401,23,0,''),(1085,34170401,24,0,''),(1085,34170401,25,0,''),(1085,34170401,26,0,''),(1085,34170401,29,0,''),(1085,34170401,30,0,''),(1085,34170401,39,0,''),(1085,34170401,40,0,''),(1085,34170401,41,0,''),(1085,34170401,42,0,''),(1085,34170401,43,0,''),(1085,34170401,44,0,''),(1085,34170501,3,31340,''),(1085,34170501,4,0,''),(1085,34170501,7,0,''),(1085,34170501,8,0,''),(1085,34170501,9,0,''),(1085,34170501,10,0,''),(1085,34170501,12,0,''),(1085,34170501,13,0,''),(1085,34170501,14,0,''),(1085,34170501,18,0,''),(1085,34170501,20,0,''),(1085,34170501,21,0,''),(1085,34170501,22,200,''),(1085,34170501,23,0,''),(1085,34170501,24,0,''),(1085,34170501,25,0,''),(1085,34170501,26,0,''),(1085,34170501,29,0,''),(1085,34170501,30,0,''),(1085,34170501,39,0,''),(1085,34170501,40,0,''),(1085,34170501,41,0,''),(1085,34170501,42,0,''),(1085,34170501,43,0,''),(1085,34170501,44,0,''),(1086,34170401,3,31340,''),(1086,34170401,4,0,''),(1086,34170401,7,0,''),(1086,34170401,8,0,''),(1086,34170401,9,0,''),(1086,34170401,10,0,''),(1086,34170401,12,0,''),(1086,34170401,13,0,''),(1086,34170401,14,0,''),(1086,34170401,18,0,''),(1086,34170401,20,0,''),(1086,34170401,21,200,''),(1086,34170401,22,200,''),(1086,34170401,23,0,''),(1086,34170401,24,0,''),(1086,34170401,25,0,''),(1086,34170401,26,0,''),(1086,34170401,29,0,''),(1086,34170401,30,0,''),(1086,34170401,39,0,''),(1086,34170401,40,0,''),(1086,34170401,41,0,''),(1086,34170401,42,0,''),(1086,34170401,43,0,''),(1086,34170401,44,0,''),(1086,34170501,3,31340,''),(1086,34170501,4,0,''),(1086,34170501,7,0,''),(1086,34170501,8,0,''),(1086,34170501,9,0,''),(1086,34170501,10,0,''),(1086,34170501,12,0,''),(1086,34170501,13,0,''),(1086,34170501,14,0,''),(1086,34170501,18,0,''),(1086,34170501,20,0,''),(1086,34170501,21,200,''),(1086,34170501,22,200,''),(1086,34170501,23,0,''),(1086,34170501,24,0,''),(1086,34170501,25,0,''),(1086,34170501,26,0,''),(1086,34170501,29,0,''),(1086,34170501,30,0,''),(1086,34170501,39,0,''),(1086,34170501,40,0,''),(1086,34170501,41,0,''),(1086,34170501,42,0,''),(1086,34170501,43,0,''),(1086,34170501,44,0,''),(1087,34170401,3,29300,''),(1087,34170401,4,0,''),(1087,34170401,7,0,''),(1087,34170401,8,150,''),(1087,34170401,9,2244,''),(1087,34170401,10,300,''),(1087,34170401,12,0,''),(1087,34170401,13,800,''),(1087,34170401,14,60,''),(1087,34170401,18,0,''),(1087,34170401,20,0,''),(1087,34170401,21,0,''),(1087,34170401,22,200,''),(1087,34170401,23,15,''),(1087,34170401,24,35,''),(1087,34170401,25,0,''),(1087,34170401,26,6000,''),(1087,34170401,29,0,''),(1087,34170401,30,0,''),(1087,34170401,39,0,''),(1087,34170401,40,0,''),(1087,34170401,41,0,''),(1087,34170401,42,5746,''),(1087,34170401,43,3793,'860845823'),(1087,34170401,44,1770,''),(1087,34170501,3,29300,''),(1087,34170501,4,0,''),(1087,34170501,7,1172,''),(1087,34170501,8,150,''),(1087,34170501,9,2244,''),(1087,34170501,10,300,''),(1087,34170501,12,800,''),(1087,34170501,13,0,''),(1087,34170501,14,60,''),(1087,34170501,18,0,''),(1087,34170501,20,0,''),(1087,34170501,21,0,''),(1087,34170501,22,200,''),(1087,34170501,23,15,''),(1087,34170501,24,35,''),(1087,34170501,25,0,''),(1087,34170501,26,3000,''),(1087,34170501,29,0,''),(1087,34170501,30,0,''),(1087,34170501,39,0,''),(1087,34170501,40,0,''),(1087,34170501,41,0,''),(1087,34170501,42,0,''),(1087,34170501,43,0,''),(1087,34170501,44,0,''),(1088,34170401,3,44100,''),(1088,34170401,4,0,''),(1088,34170401,7,0,''),(1088,34170401,8,240,''),(1088,34170401,9,3362,''),(1088,34170401,10,300,''),(1088,34170401,12,0,''),(1088,34170401,13,800,''),(1088,34170401,14,0,''),(1088,34170401,18,80,''),(1088,34170401,20,500,''),(1088,34170401,21,0,''),(1088,34170401,22,200,''),(1088,34170401,23,30,''),(1088,34170401,24,70,''),(1088,34170401,25,7000,''),(1088,34170401,26,0,''),(1088,34170401,29,0,''),(1088,34170401,30,0,''),(1088,34170401,39,0,''),(1088,34170401,40,0,''),(1088,34170401,41,50,''),(1088,34170401,42,200,''),(1088,34170401,43,0,''),(1088,34170401,44,0,''),(1088,34170501,3,44100,''),(1088,34170501,4,0,''),(1088,34170501,7,0,''),(1088,34170501,8,240,''),(1088,34170501,9,3362,''),(1088,34170501,10,300,''),(1088,34170501,12,800,''),(1088,34170501,13,0,''),(1088,34170501,14,0,''),(1088,34170501,18,80,''),(1088,34170501,20,500,''),(1088,34170501,21,0,''),(1088,34170501,22,200,''),(1088,34170501,23,30,''),(1088,34170501,24,70,''),(1088,34170501,25,7000,''),(1088,34170501,26,0,''),(1088,34170501,29,0,''),(1088,34170501,30,0,''),(1088,34170501,39,0,''),(1088,34170501,40,0,''),(1088,34170501,41,50,''),(1088,34170501,42,200,''),(1088,34170501,43,0,''),(1088,34170501,44,0,''),(1089,34170401,3,26400,''),(1089,34170401,4,0,''),(1089,34170401,7,0,''),(1089,34170401,8,150,''),(1089,34170401,9,2016,''),(1089,34170401,10,300,''),(1089,34170401,12,0,''),(1089,34170401,13,800,''),(1089,34170401,14,60,''),(1089,34170401,18,0,''),(1089,34170401,20,0,''),(1089,34170401,21,0,''),(1089,34170401,22,200,''),(1089,34170401,23,15,''),(1089,34170401,24,35,''),(1089,34170401,25,0,''),(1089,34170401,26,6000,''),(1089,34170401,29,0,''),(1089,34170401,30,500,'6/10'),(1089,34170401,39,0,''),(1089,34170401,40,0,''),(1089,34170401,41,0,''),(1089,34170401,42,4617,''),(1089,34170401,43,0,'866237433'),(1089,34170401,44,1640,''),(1089,34170501,3,26400,''),(1089,34170501,4,0,''),(1089,34170501,7,0,''),(1089,34170501,8,150,''),(1089,34170501,9,2016,''),(1089,34170501,10,300,''),(1089,34170501,12,0,''),(1089,34170501,13,800,''),(1089,34170501,14,60,''),(1089,34170501,18,0,''),(1089,34170501,20,0,''),(1089,34170501,21,0,''),(1089,34170501,22,200,''),(1089,34170501,23,15,''),(1089,34170501,24,35,''),(1089,34170501,25,0,''),(1089,34170501,26,6000,''),(1089,34170501,29,0,''),(1089,34170501,30,500,'7/10'),(1089,34170501,39,0,''),(1089,34170501,40,0,''),(1089,34170501,41,0,''),(1089,34170501,42,0,''),(1089,34170501,43,0,''),(1089,34170501,44,0,''),(1090,34170401,3,52000,''),(1090,34170401,4,0,''),(1090,34170401,7,0,''),(1090,34170401,8,240,''),(1090,34170401,9,0,''),(1090,34170401,10,300,''),(1090,34170401,12,0,''),(1090,34170401,13,0,''),(1090,34170401,14,0,''),(1090,34170401,18,0,''),(1090,34170401,20,250,''),(1090,34170401,21,0,''),(1090,34170401,22,200,''),(1090,34170401,23,60,''),(1090,34170401,24,140,''),(1090,34170401,25,25000,''),(1090,34170401,26,0,''),(1090,34170401,29,0,''),(1090,34170401,30,0,''),(1090,34170401,39,0,''),(1090,34170401,40,0,''),(1090,34170401,41,0,''),(1090,34170401,42,0,''),(1090,34170401,43,0,''),(1090,34170401,44,0,''),(1090,34170501,3,52000,''),(1090,34170501,4,0,''),(1090,34170501,7,0,''),(1090,34170501,8,240,''),(1090,34170501,9,0,''),(1090,34170501,10,300,''),(1090,34170501,12,0,''),(1090,34170501,13,0,''),(1090,34170501,14,0,''),(1090,34170501,18,0,''),(1090,34170501,20,250,''),(1090,34170501,21,0,''),(1090,34170501,22,200,''),(1090,34170501,23,60,''),(1090,34170501,24,140,''),(1090,34170501,25,25000,''),(1090,34170501,26,0,''),(1090,34170501,29,0,''),(1090,34170501,30,0,''),(1090,34170501,39,0,''),(1090,34170501,40,0,''),(1090,34170501,41,0,''),(1090,34170501,42,0,''),(1090,34170501,43,0,''),(1090,34170501,44,0,''),(1091,34170401,3,44900,''),(1091,34170401,4,0,''),(1091,34170401,7,0,''),(1091,34170401,8,240,''),(1091,34170401,9,3470,''),(1091,34170401,10,300,''),(1091,34170401,12,0,''),(1091,34170401,13,800,''),(1091,34170401,14,0,''),(1091,34170401,18,0,''),(1091,34170401,20,800,''),(1091,34170401,21,0,''),(1091,34170401,22,200,''),(1091,34170401,23,60,''),(1091,34170401,24,140,''),(1091,34170401,25,15000,''),(1091,34170401,26,0,''),(1091,34170401,29,0,''),(1091,34170401,30,0,''),(1091,34170401,39,0,''),(1091,34170401,40,0,''),(1091,34170401,41,0,''),(1091,34170401,42,0,''),(1091,34170401,43,0,''),(1091,34170401,44,0,''),(1091,34170501,3,44900,''),(1091,34170501,4,0,''),(1091,34170501,7,0,''),(1091,34170501,8,240,''),(1091,34170501,9,3470,''),(1091,34170501,10,300,''),(1091,34170501,12,800,''),(1091,34170501,13,0,''),(1091,34170501,14,0,''),(1091,34170501,18,0,''),(1091,34170501,20,800,''),(1091,34170501,21,0,''),(1091,34170501,22,200,''),(1091,34170501,23,60,''),(1091,34170501,24,140,''),(1091,34170501,25,15000,''),(1091,34170501,26,0,''),(1091,34170501,29,0,''),(1091,34170501,30,0,''),(1091,34170501,39,0,''),(1091,34170501,40,0,''),(1091,34170501,41,0,''),(1091,34170501,42,0,''),(1091,34170501,43,0,''),(1091,34170501,44,0,''),(1092,34170401,3,55200,''),(1092,34170401,4,0,''),(1092,34170401,7,0,''),(1092,34170401,8,240,''),(1092,34170401,9,4286,''),(1092,34170401,10,300,''),(1092,34170401,12,0,''),(1092,34170401,13,800,''),(1092,34170401,14,0,''),(1092,34170401,18,125,''),(1092,34170401,20,2500,''),(1092,34170401,21,0,''),(1092,34170401,22,200,''),(1092,34170401,23,30,''),(1092,34170401,24,70,''),(1092,34170401,25,20000,''),(1092,34170401,26,0,''),(1092,34170401,29,0,''),(1092,34170401,30,0,''),(1092,34170401,39,0,''),(1092,34170401,40,0,''),(1092,34170401,41,50,''),(1092,34170401,42,0,''),(1092,34170401,43,0,''),(1092,34170401,44,0,''),(1092,34170501,3,55200,''),(1092,34170501,4,0,''),(1092,34170501,7,0,''),(1092,34170501,8,240,''),(1092,34170501,9,4286,''),(1092,34170501,10,300,''),(1092,34170501,12,800,''),(1092,34170501,13,0,''),(1092,34170501,14,0,''),(1092,34170501,18,125,''),(1092,34170501,20,2500,''),(1092,34170501,21,0,''),(1092,34170501,22,200,''),(1092,34170501,23,30,''),(1092,34170501,24,70,''),(1092,34170501,25,20000,''),(1092,34170501,26,0,''),(1092,34170501,29,0,''),(1092,34170501,30,0,''),(1092,34170501,39,0,''),(1092,34170501,40,0,''),(1092,34170501,41,50,''),(1092,34170501,42,0,''),(1092,34170501,43,0,''),(1092,34170501,44,0,''),(1093,34170401,3,19950,''),(1093,34170401,4,0,''),(1093,34170401,7,0,''),(1093,34170401,8,0,''),(1093,34170401,9,0,''),(1093,34170401,10,0,''),(1093,34170401,12,0,''),(1093,34170401,13,0,''),(1093,34170401,14,0,''),(1093,34170401,18,0,''),(1093,34170401,20,0,''),(1093,34170401,21,0,''),(1093,34170401,22,200,''),(1093,34170401,23,0,''),(1093,34170401,24,0,''),(1093,34170401,25,0,''),(1093,34170401,26,0,''),(1093,34170401,29,0,''),(1093,34170401,30,0,''),(1093,34170401,39,0,''),(1093,34170401,40,0,''),(1093,34170401,41,0,''),(1093,34170401,42,0,''),(1093,34170401,43,0,''),(1093,34170401,44,0,''),(1093,34170501,3,19950,''),(1093,34170501,4,0,''),(1093,34170501,7,0,''),(1093,34170501,8,0,''),(1093,34170501,9,0,''),(1093,34170501,10,0,''),(1093,34170501,12,0,''),(1093,34170501,13,0,''),(1093,34170501,14,0,''),(1093,34170501,18,0,''),(1093,34170501,20,0,''),(1093,34170501,21,0,''),(1093,34170501,22,200,''),(1093,34170501,23,0,''),(1093,34170501,24,0,''),(1093,34170501,25,0,''),(1093,34170501,26,0,''),(1093,34170501,29,0,''),(1093,34170501,30,0,''),(1093,34170501,39,0,''),(1093,34170501,40,0,''),(1093,34170501,41,0,''),(1093,34170501,42,0,''),(1093,34170501,43,0,''),(1093,34170501,44,0,''),(1094,34170401,3,19950,''),(1094,34170401,4,0,''),(1094,34170401,7,0,''),(1094,34170401,8,0,''),(1094,34170401,9,0,''),(1094,34170401,10,0,''),(1094,34170401,12,0,''),(1094,34170401,13,0,''),(1094,34170401,14,0,''),(1094,34170401,18,0,''),(1094,34170401,20,0,''),(1094,34170401,21,0,''),(1094,34170401,22,200,''),(1094,34170401,23,0,''),(1094,34170401,24,0,''),(1094,34170401,25,0,''),(1094,34170401,26,0,''),(1094,34170401,29,0,''),(1094,34170401,30,0,''),(1094,34170401,39,0,''),(1094,34170401,40,0,''),(1094,34170401,41,0,''),(1094,34170401,42,0,''),(1094,34170401,43,0,''),(1094,34170401,44,0,''),(1094,34170501,3,19950,''),(1094,34170501,4,0,''),(1094,34170501,7,0,''),(1094,34170501,8,0,''),(1094,34170501,9,0,''),(1094,34170501,10,0,''),(1094,34170501,12,0,''),(1094,34170501,13,0,''),(1094,34170501,14,0,''),(1094,34170501,18,0,''),(1094,34170501,20,0,''),(1094,34170501,21,0,''),(1094,34170501,22,200,''),(1094,34170501,23,0,''),(1094,34170501,24,0,''),(1094,34170501,25,0,''),(1094,34170501,26,0,''),(1094,34170501,29,0,''),(1094,34170501,30,0,''),(1094,34170501,39,0,''),(1094,34170501,40,0,''),(1094,34170501,41,0,''),(1094,34170501,42,0,''),(1094,34170501,43,0,''),(1094,34170501,44,0,''),(1095,34170401,3,31340,''),(1095,34170401,4,0,''),(1095,34170401,7,0,''),(1095,34170401,8,0,''),(1095,34170401,9,0,''),(1095,34170401,10,0,''),(1095,34170401,12,0,''),(1095,34170401,13,0,''),(1095,34170401,14,500,''),(1095,34170401,18,0,''),(1095,34170401,20,0,''),(1095,34170401,21,0,''),(1095,34170401,22,200,''),(1095,34170401,23,0,''),(1095,34170401,24,0,''),(1095,34170401,25,0,''),(1095,34170401,26,0,''),(1095,34170401,29,0,''),(1095,34170401,30,0,''),(1095,34170401,39,0,''),(1095,34170401,40,0,''),(1095,34170401,41,0,''),(1095,34170401,42,0,''),(1095,34170401,43,0,''),(1095,34170401,44,0,''),(1095,34170501,3,31340,''),(1095,34170501,4,0,''),(1095,34170501,7,0,''),(1095,34170501,8,0,''),(1095,34170501,9,0,''),(1095,34170501,10,0,''),(1095,34170501,12,0,''),(1095,34170501,13,0,''),(1095,34170501,14,500,''),(1095,34170501,18,0,''),(1095,34170501,20,0,''),(1095,34170501,21,0,''),(1095,34170501,22,200,''),(1095,34170501,23,0,''),(1095,34170501,24,0,''),(1095,34170501,25,0,''),(1095,34170501,26,0,''),(1095,34170501,29,0,''),(1095,34170501,30,0,''),(1095,34170501,39,0,''),(1095,34170501,40,0,''),(1095,34170501,41,0,''),(1095,34170501,42,0,''),(1095,34170501,43,0,''),(1095,34170501,44,0,''),(1096,34170401,3,28400,''),(1096,34170401,4,0,''),(1096,34170401,7,0,''),(1096,34170401,8,150,''),(1096,34170401,9,2090,''),(1096,34170401,10,300,''),(1096,34170401,12,0,''),(1096,34170401,13,800,''),(1096,34170401,14,60,''),(1096,34170401,18,0,''),(1096,34170401,20,0,''),(1096,34170401,21,0,''),(1096,34170401,22,200,''),(1096,34170401,23,15,''),(1096,34170401,24,35,''),(1096,34170401,25,0,''),(1096,34170401,26,7000,''),(1096,34170401,29,0,''),(1096,34170401,30,500,'6/10'),(1096,34170401,39,0,''),(1096,34170401,40,3000,'1661167(11/44)'),(1096,34170401,41,0,''),(1096,34170401,42,0,''),(1096,34170401,43,0,'0'),(1096,34170401,44,1738,''),(1096,34170501,3,28400,''),(1096,34170501,4,0,''),(1096,34170501,7,0,''),(1096,34170501,8,150,''),(1096,34170501,9,2090,''),(1096,34170501,10,300,''),(1096,34170501,12,0,''),(1096,34170501,13,800,''),(1096,34170501,14,60,''),(1096,34170501,18,0,''),(1096,34170501,20,0,''),(1096,34170501,21,0,''),(1096,34170501,22,200,''),(1096,34170501,23,15,''),(1096,34170501,24,35,''),(1096,34170501,25,0,''),(1096,34170501,26,7000,''),(1096,34170501,29,0,''),(1096,34170501,30,500,'7/10'),(1096,34170501,39,0,''),(1096,34170501,40,3000,'12/44'),(1096,34170501,41,0,''),(1096,34170501,42,0,''),(1096,34170501,43,0,''),(1096,34170501,44,0,''),(1097,34170401,3,49000,''),(1097,34170401,4,0,''),(1097,34170401,7,0,''),(1097,34170401,8,0,''),(1097,34170401,9,1885,''),(1097,34170401,10,300,''),(1097,34170401,12,0,''),(1097,34170401,13,800,''),(1097,34170401,14,1100,''),(1097,34170401,18,0,''),(1097,34170401,20,950,''),(1097,34170401,21,0,''),(1097,34170401,22,200,''),(1097,34170401,23,30,''),(1097,34170401,24,70,''),(1097,34170401,25,17000,''),(1097,34170401,26,0,''),(1097,34170401,29,0,''),(1097,34170401,30,0,''),(1097,34170401,39,0,''),(1097,34170401,40,0,''),(1097,34170401,41,0,''),(1097,34170401,42,0,''),(1097,34170401,43,0,''),(1097,34170401,44,0,''),(1097,34170501,3,49000,''),(1097,34170501,4,0,''),(1097,34170501,7,1960,''),(1097,34170501,8,0,''),(1097,34170501,9,1885,''),(1097,34170501,10,300,''),(1097,34170501,12,0,''),(1097,34170501,13,800,''),(1097,34170501,14,1100,''),(1097,34170501,18,0,''),(1097,34170501,20,950,''),(1097,34170501,21,0,''),(1097,34170501,22,200,''),(1097,34170501,23,30,''),(1097,34170501,24,70,''),(1097,34170501,25,17000,''),(1097,34170501,26,0,''),(1097,34170501,29,0,''),(1097,34170501,30,0,''),(1097,34170501,39,0,''),(1097,34170501,40,0,''),(1097,34170501,41,0,''),(1097,34170501,42,0,''),(1097,34170501,43,0,''),(1097,34170501,44,0,''),(1098,34170401,3,31340,''),(1098,34170401,4,0,''),(1098,34170401,7,0,''),(1098,34170401,8,0,''),(1098,34170401,9,0,''),(1098,34170401,10,0,''),(1098,34170401,12,0,''),(1098,34170401,13,0,''),(1098,34170401,14,0,''),(1098,34170401,18,0,''),(1098,34170401,20,0,''),(1098,34170401,21,0,''),(1098,34170401,22,200,''),(1098,34170401,23,0,''),(1098,34170401,24,0,''),(1098,34170401,25,0,''),(1098,34170401,26,0,''),(1098,34170401,29,0,''),(1098,34170401,30,0,''),(1098,34170401,39,0,''),(1098,34170401,40,0,''),(1098,34170401,41,0,''),(1098,34170401,42,0,''),(1098,34170401,43,0,''),(1098,34170401,44,0,''),(1098,34170501,3,31340,''),(1098,34170501,4,0,''),(1098,34170501,7,0,''),(1098,34170501,8,0,''),(1098,34170501,9,0,''),(1098,34170501,10,0,''),(1098,34170501,12,0,''),(1098,34170501,13,0,''),(1098,34170501,14,0,''),(1098,34170501,18,0,''),(1098,34170501,20,0,''),(1098,34170501,21,0,''),(1098,34170501,22,200,''),(1098,34170501,23,0,''),(1098,34170501,24,0,''),(1098,34170501,25,0,''),(1098,34170501,26,0,''),(1098,34170501,29,0,''),(1098,34170501,30,0,''),(1098,34170501,39,0,''),(1098,34170501,40,0,''),(1098,34170501,41,0,''),(1098,34170501,42,0,''),(1098,34170501,43,0,''),(1098,34170501,44,0,''),(1099,34170401,3,46800,''),(1099,34170401,4,0,''),(1099,34170401,7,0,''),(1099,34170401,8,240,''),(1099,34170401,9,3554,''),(1099,34170401,10,300,''),(1099,34170401,12,0,''),(1099,34170401,13,800,''),(1099,34170401,14,0,''),(1099,34170401,18,0,''),(1099,34170401,20,800,''),(1099,34170401,21,0,''),(1099,34170401,22,200,''),(1099,34170401,23,30,''),(1099,34170401,24,70,''),(1099,34170401,25,20000,''),(1099,34170401,26,0,''),(1099,34170401,29,0,''),(1099,34170401,30,0,''),(1099,34170401,39,0,''),(1099,34170401,40,0,''),(1099,34170401,41,50,''),(1099,34170401,42,0,''),(1099,34170401,43,0,''),(1099,34170401,44,0,''),(1099,34170501,3,46800,''),(1099,34170501,4,0,''),(1099,34170501,7,0,''),(1099,34170501,8,240,''),(1099,34170501,9,3554,''),(1099,34170501,10,300,''),(1099,34170501,12,800,''),(1099,34170501,13,0,''),(1099,34170501,14,0,''),(1099,34170501,18,0,''),(1099,34170501,20,800,''),(1099,34170501,21,0,''),(1099,34170501,22,200,''),(1099,34170501,23,30,''),(1099,34170501,24,70,''),(1099,34170501,25,20000,''),(1099,34170501,26,0,''),(1099,34170501,29,0,''),(1099,34170501,30,0,''),(1099,34170501,39,0,''),(1099,34170501,40,0,''),(1099,34170501,41,50,''),(1099,34170501,42,0,''),(1099,34170501,43,0,''),(1099,34170501,44,0,''),(1100,34170401,3,31100,''),(1100,34170401,4,0,''),(1100,34170401,7,0,''),(1100,34170401,8,150,''),(1100,34170401,9,0,''),(1100,34170401,10,300,''),(1100,34170401,12,0,''),(1100,34170401,13,0,''),(1100,34170401,14,60,''),(1100,34170401,18,0,''),(1100,34170401,20,0,''),(1100,34170401,21,0,''),(1100,34170401,22,200,''),(1100,34170401,23,15,''),(1100,34170401,24,35,''),(1100,34170401,25,0,''),(1100,34170401,26,14000,''),(1100,34170401,29,0,''),(1100,34170401,30,500,'6/10'),(1100,34170401,39,0,''),(1100,34170401,40,2280,'1661164(28/46)'),(1100,34170401,41,0,''),(1100,34170401,42,0,''),(1100,34170401,43,615,'862454406'),(1100,34170401,44,1930,''),(1100,34170501,3,31100,''),(1100,34170501,4,0,''),(1100,34170501,7,0,''),(1100,34170501,8,150,''),(1100,34170501,9,0,''),(1100,34170501,10,300,''),(1100,34170501,12,0,''),(1100,34170501,13,0,''),(1100,34170501,14,60,''),(1100,34170501,18,0,''),(1100,34170501,20,0,''),(1100,34170501,21,0,''),(1100,34170501,22,200,''),(1100,34170501,23,15,''),(1100,34170501,24,35,''),(1100,34170501,25,0,''),(1100,34170501,26,14000,''),(1100,34170501,29,0,''),(1100,34170501,30,500,'7/10'),(1100,34170501,39,0,''),(1100,34170501,40,2280,'29/46'),(1100,34170501,41,0,''),(1100,34170501,42,0,''),(1100,34170501,43,615,''),(1100,34170501,44,0,''),(1101,34170401,3,31100,''),(1101,34170401,4,0,''),(1101,34170401,7,0,''),(1101,34170401,8,150,''),(1101,34170401,9,2358,''),(1101,34170401,10,0,''),(1101,34170401,12,0,''),(1101,34170401,13,800,''),(1101,34170401,14,44,''),(1101,34170401,18,0,''),(1101,34170401,20,100,''),(1101,34170401,21,0,''),(1101,34170401,22,200,''),(1101,34170401,23,15,''),(1101,34170401,24,35,''),(1101,34170401,25,0,''),(1101,34170401,26,11000,''),(1101,34170401,29,0,''),(1101,34170401,30,500,'6/10'),(1101,34170401,39,0,''),(1101,34170401,40,0,''),(1101,34170401,41,0,''),(1101,34170401,42,6916,''),(1101,34170401,43,118,'860841557'),(1101,34170401,44,1895,''),(1101,34170501,3,31100,''),(1101,34170501,4,0,''),(1101,34170501,7,1244,''),(1101,34170501,8,150,''),(1101,34170501,9,2358,''),(1101,34170501,10,0,''),(1101,34170501,12,800,''),(1101,34170501,13,0,''),(1101,34170501,14,60,''),(1101,34170501,18,0,''),(1101,34170501,20,100,''),(1101,34170501,21,0,''),(1101,34170501,22,200,''),(1101,34170501,23,15,''),(1101,34170501,24,35,''),(1101,34170501,25,0,''),(1101,34170501,26,8000,''),(1101,34170501,29,0,''),(1101,34170501,30,500,'7/10'),(1101,34170501,39,0,''),(1101,34170501,40,0,''),(1101,34170501,41,0,''),(1101,34170501,42,0,''),(1101,34170501,43,0,''),(1101,34170501,44,0,''),(1102,34170401,3,41600,''),(1102,34170401,4,0,''),(1102,34170401,7,0,''),(1102,34170401,8,240,''),(1102,34170401,9,0,''),(1102,34170401,10,300,''),(1102,34170401,12,0,''),(1102,34170401,13,0,''),(1102,34170401,14,0,''),(1102,34170401,18,0,''),(1102,34170401,20,450,''),(1102,34170401,21,0,''),(1102,34170401,22,200,''),(1102,34170401,23,30,''),(1102,34170401,24,70,''),(1102,34170401,25,12000,''),(1102,34170401,26,0,''),(1102,34170401,29,0,''),(1102,34170401,30,0,''),(1102,34170401,39,0,''),(1102,34170401,40,0,''),(1102,34170401,41,0,''),(1102,34170401,42,0,''),(1102,34170401,43,130,'862527125'),(1102,34170401,44,0,''),(1102,34170501,3,41600,''),(1102,34170501,4,0,''),(1102,34170501,7,0,''),(1102,34170501,8,240,''),(1102,34170501,9,0,''),(1102,34170501,10,300,''),(1102,34170501,12,0,''),(1102,34170501,13,0,''),(1102,34170501,14,0,''),(1102,34170501,18,0,''),(1102,34170501,20,450,''),(1102,34170501,21,0,''),(1102,34170501,22,200,''),(1102,34170501,23,30,''),(1102,34170501,24,70,''),(1102,34170501,25,12000,''),(1102,34170501,26,0,''),(1102,34170501,29,0,''),(1102,34170501,30,0,''),(1102,34170501,39,0,''),(1102,34170501,40,0,''),(1102,34170501,41,0,''),(1102,34170501,42,0,''),(1102,34170501,43,130,''),(1102,34170501,44,0,''),(1103,34170401,3,60400,''),(1103,34170401,4,0,''),(1103,34170401,7,0,''),(1103,34170401,8,240,''),(1103,34170401,9,4694,''),(1103,34170401,10,300,''),(1103,34170401,12,0,''),(1103,34170401,13,800,''),(1103,34170401,14,0,''),(1103,34170401,18,0,''),(1103,34170401,20,1000,''),(1103,34170401,21,0,''),(1103,34170401,22,200,''),(1103,34170401,23,60,''),(1103,34170401,24,140,''),(1103,34170401,25,12000,''),(1103,34170401,26,0,''),(1103,34170401,29,0,''),(1103,34170401,30,0,''),(1103,34170401,39,0,''),(1103,34170401,40,4344,'1660837(30/45)'),(1103,34170401,41,0,''),(1103,34170401,42,0,''),(1103,34170401,43,0,'860702102'),(1103,34170401,44,0,''),(1103,34170501,3,60400,''),(1103,34170501,4,0,''),(1103,34170501,7,0,''),(1103,34170501,8,240,''),(1103,34170501,9,4694,''),(1103,34170501,10,300,''),(1103,34170501,12,800,''),(1103,34170501,13,0,''),(1103,34170501,14,0,''),(1103,34170501,18,0,''),(1103,34170501,20,1000,''),(1103,34170501,21,0,''),(1103,34170501,22,200,''),(1103,34170501,23,60,''),(1103,34170501,24,140,''),(1103,34170501,25,12000,''),(1103,34170501,26,0,''),(1103,34170501,29,0,''),(1103,34170501,30,0,''),(1103,34170501,39,0,''),(1103,34170501,40,4344,'1660837 31/45'),(1103,34170501,41,0,''),(1103,34170501,42,0,''),(1103,34170501,43,0,''),(1103,34170501,44,0,''),(1104,34170401,3,31100,''),(1104,34170401,4,0,''),(1104,34170401,7,0,''),(1104,34170401,8,150,''),(1104,34170401,9,0,''),(1104,34170401,10,300,''),(1104,34170401,12,0,''),(1104,34170401,13,0,''),(1104,34170401,14,18,''),(1104,34170401,18,0,''),(1104,34170401,20,0,''),(1104,34170401,21,80,''),(1104,34170401,22,200,''),(1104,34170401,23,15,''),(1104,34170401,24,35,''),(1104,34170401,25,0,''),(1104,34170401,26,0,''),(1104,34170401,29,0,''),(1104,34170401,30,0,''),(1104,34170401,39,0,''),(1104,34170401,40,0,''),(1104,34170401,41,0,''),(1104,34170401,42,0,''),(1104,34170401,43,0,''),(1104,34170401,44,1930,''),(1104,34170501,3,31100,''),(1104,34170501,4,0,''),(1104,34170501,7,1244,''),(1104,34170501,8,150,''),(1104,34170501,9,0,''),(1104,34170501,10,300,''),(1104,34170501,12,0,''),(1104,34170501,13,0,''),(1104,34170501,14,60,''),(1104,34170501,18,0,''),(1104,34170501,20,0,''),(1104,34170501,21,80,''),(1104,34170501,22,200,''),(1104,34170501,23,15,''),(1104,34170501,24,35,''),(1104,34170501,25,0,''),(1104,34170501,26,0,''),(1104,34170501,29,0,''),(1104,34170501,30,0,''),(1104,34170501,39,0,''),(1104,34170501,40,0,''),(1104,34170501,41,0,''),(1104,34170501,42,0,''),(1104,34170501,43,0,''),(1104,34170501,44,0,''),(1105,34170401,3,31100,''),(1105,34170401,4,0,''),(1105,34170401,7,0,''),(1105,34170401,8,150,''),(1105,34170401,9,2384,''),(1105,34170401,10,300,''),(1105,34170401,12,0,''),(1105,34170401,13,800,''),(1105,34170401,14,60,''),(1105,34170401,18,0,''),(1105,34170401,20,0,''),(1105,34170401,21,0,''),(1105,34170401,22,200,''),(1105,34170401,23,15,''),(1105,34170401,24,35,''),(1105,34170401,25,0,''),(1105,34170401,26,0,''),(1105,34170401,29,0,''),(1105,34170401,30,0,''),(1105,34170401,39,0,''),(1105,34170401,40,0,''),(1105,34170401,41,0,''),(1105,34170401,42,0,''),(1105,34170401,43,737,'860844592'),(1105,34170401,44,1965,''),(1105,34170501,3,31100,''),(1105,34170501,4,0,''),(1105,34170501,7,1244,''),(1105,34170501,8,150,''),(1105,34170501,9,2384,''),(1105,34170501,10,300,''),(1105,34170501,12,800,''),(1105,34170501,13,0,''),(1105,34170501,14,60,''),(1105,34170501,18,0,''),(1105,34170501,20,0,''),(1105,34170501,21,0,''),(1105,34170501,22,200,''),(1105,34170501,23,15,''),(1105,34170501,24,35,''),(1105,34170501,25,0,''),(1105,34170501,26,0,''),(1105,34170501,29,0,''),(1105,34170501,30,0,''),(1105,34170501,39,0,''),(1105,34170501,40,0,''),(1105,34170501,41,0,''),(1105,34170501,42,0,''),(1105,34170501,43,0,''),(1105,34170501,44,0,''),(1106,34170401,3,31340,''),(1106,34170401,4,0,''),(1106,34170401,7,0,''),(1106,34170401,8,0,''),(1106,34170401,9,0,''),(1106,34170401,10,0,''),(1106,34170401,12,0,''),(1106,34170401,13,0,''),(1106,34170401,14,0,''),(1106,34170401,18,0,''),(1106,34170401,20,150,''),(1106,34170401,21,0,''),(1106,34170401,22,200,''),(1106,34170401,23,0,''),(1106,34170401,24,0,''),(1106,34170401,25,0,''),(1106,34170401,26,0,''),(1106,34170401,29,0,''),(1106,34170401,30,0,''),(1106,34170401,39,0,''),(1106,34170401,40,0,''),(1106,34170401,41,0,''),(1106,34170401,42,0,''),(1106,34170401,43,0,''),(1106,34170401,44,0,''),(1106,34170501,3,31340,''),(1106,34170501,4,0,''),(1106,34170501,7,0,''),(1106,34170501,8,0,''),(1106,34170501,9,0,''),(1106,34170501,10,0,''),(1106,34170501,12,0,''),(1106,34170501,13,0,''),(1106,34170501,14,0,''),(1106,34170501,18,0,''),(1106,34170501,20,150,''),(1106,34170501,21,0,''),(1106,34170501,22,200,''),(1106,34170501,23,0,''),(1106,34170501,24,0,''),(1106,34170501,25,0,''),(1106,34170501,26,0,''),(1106,34170501,29,0,''),(1106,34170501,30,0,''),(1106,34170501,39,0,''),(1106,34170501,40,0,''),(1106,34170501,41,0,''),(1106,34170501,42,0,''),(1106,34170501,43,0,''),(1106,34170501,44,0,''),(1107,34170401,3,19950,''),(1107,34170401,4,0,''),(1107,34170401,7,0,''),(1107,34170401,8,0,''),(1107,34170401,9,0,''),(1107,34170401,10,0,''),(1107,34170401,12,0,''),(1107,34170401,13,0,''),(1107,34170401,14,0,''),(1107,34170401,18,0,''),(1107,34170401,20,0,''),(1107,34170401,21,0,''),(1107,34170401,22,200,''),(1107,34170401,23,0,''),(1107,34170401,24,0,''),(1107,34170401,25,0,''),(1107,34170401,26,0,''),(1107,34170401,29,0,''),(1107,34170401,30,0,''),(1107,34170401,39,0,''),(1107,34170401,40,0,''),(1107,34170401,41,0,''),(1107,34170401,42,0,''),(1107,34170401,43,0,''),(1107,34170401,44,0,''),(1107,34170501,3,19950,''),(1107,34170501,4,0,''),(1107,34170501,7,0,''),(1107,34170501,8,0,''),(1107,34170501,9,0,''),(1107,34170501,10,0,''),(1107,34170501,12,0,''),(1107,34170501,13,0,''),(1107,34170501,14,0,''),(1107,34170501,18,0,''),(1107,34170501,20,0,''),(1107,34170501,21,0,''),(1107,34170501,22,200,''),(1107,34170501,23,0,''),(1107,34170501,24,0,''),(1107,34170501,25,0,''),(1107,34170501,26,0,''),(1107,34170501,29,0,''),(1107,34170501,30,0,''),(1107,34170501,39,0,''),(1107,34170501,40,0,''),(1107,34170501,41,0,''),(1107,34170501,42,0,''),(1107,34170501,43,0,''),(1107,34170501,44,0,''),(1108,34170401,3,31340,''),(1108,34170401,4,0,''),(1108,34170401,7,0,''),(1108,34170401,8,0,''),(1108,34170401,9,0,''),(1108,34170401,10,0,''),(1108,34170401,12,0,''),(1108,34170401,13,0,''),(1108,34170401,14,500,''),(1108,34170401,18,0,''),(1108,34170401,20,0,''),(1108,34170401,21,0,''),(1108,34170401,22,200,''),(1108,34170401,23,0,''),(1108,34170401,24,0,''),(1108,34170401,25,0,''),(1108,34170401,26,0,''),(1108,34170401,29,0,''),(1108,34170401,30,0,''),(1108,34170401,39,0,''),(1108,34170401,40,0,''),(1108,34170401,41,0,''),(1108,34170401,42,0,''),(1108,34170401,43,0,''),(1108,34170401,44,0,''),(1108,34170501,3,31340,''),(1108,34170501,4,0,''),(1108,34170501,7,0,''),(1108,34170501,8,0,''),(1108,34170501,9,0,''),(1108,34170501,10,0,''),(1108,34170501,12,0,''),(1108,34170501,13,0,''),(1108,34170501,14,500,''),(1108,34170501,18,0,''),(1108,34170501,20,0,''),(1108,34170501,21,0,''),(1108,34170501,22,200,''),(1108,34170501,23,0,''),(1108,34170501,24,0,''),(1108,34170501,25,0,''),(1108,34170501,26,0,''),(1108,34170501,29,0,''),(1108,34170501,30,0,''),(1108,34170501,39,0,''),(1108,34170501,40,0,''),(1108,34170501,41,0,''),(1108,34170501,42,0,''),(1108,34170501,43,0,''),(1108,34170501,44,0,''),(1109,34170401,3,19950,''),(1109,34170401,4,0,''),(1109,34170401,7,0,''),(1109,34170401,8,0,''),(1109,34170401,9,0,''),(1109,34170401,10,0,''),(1109,34170401,12,0,''),(1109,34170401,13,0,''),(1109,34170401,14,0,''),(1109,34170401,18,0,''),(1109,34170401,20,0,''),(1109,34170401,21,140,''),(1109,34170401,22,200,''),(1109,34170401,23,0,''),(1109,34170401,24,0,''),(1109,34170401,25,0,''),(1109,34170401,26,0,''),(1109,34170401,29,0,''),(1109,34170401,30,0,''),(1109,34170401,39,0,''),(1109,34170401,40,0,''),(1109,34170401,41,0,''),(1109,34170401,42,0,''),(1109,34170401,43,0,''),(1109,34170401,44,0,''),(1109,34170501,3,19950,''),(1109,34170501,4,0,''),(1109,34170501,7,0,''),(1109,34170501,8,0,''),(1109,34170501,9,0,''),(1109,34170501,10,0,''),(1109,34170501,12,0,''),(1109,34170501,13,0,''),(1109,34170501,14,0,''),(1109,34170501,18,0,''),(1109,34170501,20,0,''),(1109,34170501,21,140,''),(1109,34170501,22,200,''),(1109,34170501,23,0,''),(1109,34170501,24,0,''),(1109,34170501,25,0,''),(1109,34170501,26,0,''),(1109,34170501,29,0,''),(1109,34170501,30,0,''),(1109,34170501,39,0,''),(1109,34170501,40,0,''),(1109,34170501,41,0,''),(1109,34170501,42,0,''),(1109,34170501,43,0,''),(1109,34170501,44,0,''),(1110,34170401,3,29300,''),(1110,34170401,4,0,''),(1110,34170401,7,0,''),(1110,34170401,8,150,''),(1110,34170401,9,2244,''),(1110,34170401,10,300,''),(1110,34170401,12,0,''),(1110,34170401,13,800,''),(1110,34170401,14,14,''),(1110,34170401,18,0,''),(1110,34170401,20,0,''),(1110,34170401,21,0,''),(1110,34170401,22,200,''),(1110,34170401,23,15,''),(1110,34170401,24,35,''),(1110,34170401,25,0,''),(1110,34170401,26,10000,''),(1110,34170401,29,0,''),(1110,34170401,30,500,'6/10'),(1110,34170401,39,0,''),(1110,34170401,40,0,''),(1110,34170401,41,0,''),(1110,34170401,42,3216,''),(1110,34170401,43,0,''),(1110,34170401,44,1770,''),(1110,34170501,3,29300,''),(1110,34170501,4,0,''),(1110,34170501,7,1172,''),(1110,34170501,8,150,''),(1110,34170501,9,2244,''),(1110,34170501,10,300,''),(1110,34170501,12,800,''),(1110,34170501,13,0,''),(1110,34170501,14,60,''),(1110,34170501,18,0,''),(1110,34170501,20,0,''),(1110,34170501,21,0,''),(1110,34170501,22,200,''),(1110,34170501,23,15,''),(1110,34170501,24,35,''),(1110,34170501,25,0,''),(1110,34170501,26,10000,''),(1110,34170501,29,0,''),(1110,34170501,30,500,'7/10'),(1110,34170501,39,0,''),(1110,34170501,40,0,''),(1110,34170501,41,0,''),(1110,34170501,42,0,''),(1110,34170501,43,0,''),(1110,34170501,44,0,''),(1111,34170401,3,60400,''),(1111,34170401,4,0,''),(1111,34170401,7,0,''),(1111,34170401,8,240,''),(1111,34170401,9,4694,''),(1111,34170401,10,300,''),(1111,34170401,12,0,''),(1111,34170401,13,800,''),(1111,34170401,14,0,''),(1111,34170401,18,0,''),(1111,34170401,20,1800,''),(1111,34170401,21,0,''),(1111,34170401,22,200,''),(1111,34170401,23,60,''),(1111,34170401,24,140,''),(1111,34170401,25,10000,''),(1111,34170401,26,0,''),(1111,34170401,29,0,''),(1111,34170401,30,0,''),(1111,34170401,39,0,''),(1111,34170401,40,0,''),(1111,34170401,41,50,''),(1111,34170401,42,200,''),(1111,34170401,43,0,''),(1111,34170401,44,0,''),(1111,34170501,3,60400,''),(1111,34170501,4,0,''),(1111,34170501,7,0,''),(1111,34170501,8,240,''),(1111,34170501,9,4694,''),(1111,34170501,10,300,''),(1111,34170501,12,800,''),(1111,34170501,13,0,''),(1111,34170501,14,0,''),(1111,34170501,18,0,''),(1111,34170501,20,1800,''),(1111,34170501,21,0,''),(1111,34170501,22,200,''),(1111,34170501,23,60,''),(1111,34170501,24,140,''),(1111,34170501,25,10000,''),(1111,34170501,26,0,''),(1111,34170501,29,0,''),(1111,34170501,30,0,''),(1111,34170501,39,0,''),(1111,34170501,40,0,''),(1111,34170501,41,50,''),(1111,34170501,42,0,''),(1111,34170501,43,0,''),(1111,34170501,44,0,''),(1112,34170401,3,17200,''),(1112,34170401,4,1300,''),(1112,34170401,7,0,''),(1112,34170401,8,95,''),(1112,34170401,9,0,''),(1112,34170401,10,300,''),(1112,34170401,12,0,''),(1112,34170401,13,0,''),(1112,34170401,14,60,''),(1112,34170401,18,0,''),(1112,34170401,20,0,''),(1112,34170401,21,0,''),(1112,34170401,22,15,''),(1112,34170401,23,0,''),(1112,34170401,24,0,''),(1112,34170401,25,0,''),(1112,34170401,26,0,''),(1112,34170401,29,0,''),(1112,34170401,30,500,'6/10'),(1112,34170401,39,0,''),(1112,34170401,40,0,''),(1112,34170401,41,0,''),(1112,34170401,42,615,''),(1112,34170401,43,0,''),(1112,34170401,44,18500,''),(1112,34170501,3,17200,''),(1112,34170501,4,0,''),(1112,34170501,7,688,''),(1112,34170501,8,95,''),(1112,34170501,9,0,''),(1112,34170501,10,300,''),(1112,34170501,12,0,''),(1112,34170501,13,0,''),(1112,34170501,14,60,''),(1112,34170501,18,0,''),(1112,34170501,20,0,''),(1112,34170501,21,80,''),(1112,34170501,22,200,''),(1112,34170501,23,15,''),(1112,34170501,24,35,''),(1112,34170501,25,0,''),(1112,34170501,26,0,''),(1112,34170501,27,1789,''),(1112,34170501,29,0,''),(1112,34170501,30,500,''),(1112,34170501,39,0,''),(1112,34170501,40,0,''),(1112,34170501,41,0,''),(1112,34170501,42,0,''),(1112,34170501,43,0,''),(1112,34170501,44,0,''),(1113,34170401,3,60400,''),(1113,34170401,4,0,''),(1113,34170401,7,0,''),(1113,34170401,8,240,''),(1113,34170401,9,4604,''),(1113,34170401,10,300,''),(1113,34170401,12,0,''),(1113,34170401,13,800,''),(1113,34170401,14,0,''),(1113,34170401,18,0,''),(1113,34170401,20,2500,''),(1113,34170401,21,0,''),(1113,34170401,22,200,''),(1113,34170401,23,30,''),(1113,34170401,24,70,''),(1113,34170401,25,10000,''),(1113,34170401,26,0,''),(1113,34170401,29,0,''),(1113,34170401,30,0,''),(1113,34170401,39,0,''),(1113,34170401,40,0,''),(1113,34170401,41,50,''),(1113,34170401,42,200,''),(1113,34170401,43,536,'861875559'),(1113,34170401,44,0,''),(1113,34170501,3,60400,''),(1113,34170501,4,0,''),(1113,34170501,7,0,''),(1113,34170501,8,240,''),(1113,34170501,9,4604,''),(1113,34170501,10,300,''),(1113,34170501,12,800,''),(1113,34170501,13,0,''),(1113,34170501,14,0,''),(1113,34170501,18,0,''),(1113,34170501,20,2500,''),(1113,34170501,21,0,''),(1113,34170501,22,200,''),(1113,34170501,23,30,''),(1113,34170501,24,70,''),(1113,34170501,25,10000,''),(1113,34170501,26,0,''),(1113,34170501,29,0,''),(1113,34170501,30,0,''),(1113,34170501,39,0,''),(1113,34170501,40,0,''),(1113,34170501,41,50,''),(1113,34170501,42,0,''),(1113,34170501,43,0,''),(1113,34170501,44,0,''),(1114,34170401,3,55200,''),(1114,34170401,4,0,''),(1114,34170401,7,0,''),(1114,34170401,8,240,''),(1114,34170401,9,4292,''),(1114,34170401,10,300,''),(1114,34170401,12,0,''),(1114,34170401,13,800,''),(1114,34170401,14,0,''),(1114,34170401,18,0,''),(1114,34170401,20,1500,''),(1114,34170401,21,0,''),(1114,34170401,22,200,''),(1114,34170401,23,30,''),(1114,34170401,24,70,''),(1114,34170401,25,15000,''),(1114,34170401,26,0,''),(1114,34170401,29,0,''),(1114,34170401,30,0,''),(1114,34170401,39,0,''),(1114,34170401,40,0,''),(1114,34170401,41,50,''),(1114,34170401,42,200,''),(1114,34170401,43,0,''),(1114,34170401,44,0,''),(1114,34170501,3,55200,''),(1114,34170501,4,0,''),(1114,34170501,7,0,''),(1114,34170501,8,240,''),(1114,34170501,9,4292,''),(1114,34170501,10,300,''),(1114,34170501,12,800,''),(1114,34170501,13,0,''),(1114,34170501,14,0,''),(1114,34170501,18,0,''),(1114,34170501,20,1500,''),(1114,34170501,21,0,''),(1114,34170501,22,200,''),(1114,34170501,23,30,''),(1114,34170501,24,70,''),(1114,34170501,25,15000,''),(1114,34170501,26,0,''),(1114,34170501,29,0,''),(1114,34170501,30,0,''),(1114,34170501,39,0,''),(1114,34170501,40,0,''),(1114,34170501,41,50,''),(1114,34170501,42,0,''),(1114,34170501,43,0,''),(1114,34170501,44,0,''),(1115,34170401,3,21100,''),(1115,34170401,4,1900,''),(1115,34170401,7,0,''),(1115,34170401,8,150,''),(1115,34170401,9,0,''),(1115,34170401,10,300,''),(1115,34170401,12,0,''),(1115,34170401,13,0,''),(1115,34170401,14,0,''),(1115,34170401,18,0,''),(1115,34170401,20,0,''),(1115,34170401,21,0,''),(1115,34170401,22,30,''),(1115,34170401,23,0,''),(1115,34170401,24,0,''),(1115,34170401,25,0,''),(1115,34170401,26,0,''),(1115,34170401,29,0,''),(1115,34170401,30,0,''),(1115,34170401,39,0,''),(1115,34170401,40,0,''),(1115,34170401,41,0,''),(1115,34170401,42,0,''),(1115,34170401,43,0,''),(1115,34170401,44,23000,''),(1115,34170501,3,21100,''),(1115,34170501,4,0,''),(1115,34170501,7,844,''),(1115,34170501,8,150,''),(1115,34170501,9,0,''),(1115,34170501,10,300,''),(1115,34170501,12,0,''),(1115,34170501,13,0,''),(1115,34170501,14,0,''),(1115,34170501,18,0,''),(1115,34170501,20,0,''),(1115,34170501,21,140,''),(1115,34170501,22,200,''),(1115,34170501,23,30,''),(1115,34170501,24,70,''),(1115,34170501,25,0,''),(1115,34170501,26,0,''),(1115,34170501,29,0,''),(1115,34170501,30,0,''),(1115,34170501,39,0,''),(1115,34170501,40,0,''),(1115,34170501,41,0,''),(1115,34170501,42,0,''),(1115,34170501,43,0,''),(1115,34170501,44,0,''),(1116,34170401,3,19950,''),(1116,34170401,4,0,''),(1116,34170401,7,0,''),(1116,34170401,8,0,''),(1116,34170401,9,0,''),(1116,34170401,10,0,''),(1116,34170401,12,0,''),(1116,34170401,13,0,''),(1116,34170401,14,0,''),(1116,34170401,18,0,''),(1116,34170401,20,0,''),(1116,34170401,21,0,''),(1116,34170401,22,200,''),(1116,34170401,23,0,''),(1116,34170401,24,0,''),(1116,34170401,25,0,''),(1116,34170401,26,0,''),(1116,34170401,29,0,''),(1116,34170401,30,0,''),(1116,34170401,39,0,''),(1116,34170401,40,0,''),(1116,34170401,41,0,''),(1116,34170401,42,0,''),(1116,34170401,43,0,''),(1116,34170401,44,0,''),(1116,34170501,3,19950,''),(1116,34170501,4,0,''),(1116,34170501,7,0,''),(1116,34170501,8,0,''),(1116,34170501,9,0,''),(1116,34170501,10,0,''),(1116,34170501,12,0,''),(1116,34170501,13,0,''),(1116,34170501,14,0,''),(1116,34170501,18,0,''),(1116,34170501,20,0,''),(1116,34170501,21,0,''),(1116,34170501,22,200,''),(1116,34170501,23,0,''),(1116,34170501,24,0,''),(1116,34170501,25,0,''),(1116,34170501,26,0,''),(1116,34170501,29,0,''),(1116,34170501,30,0,''),(1116,34170501,39,0,''),(1116,34170501,40,0,''),(1116,34170501,41,0,''),(1116,34170501,42,0,''),(1116,34170501,43,0,''),(1116,34170501,44,0,''),(1117,34170401,3,53600,''),(1117,34170401,4,0,''),(1117,34170401,7,0,''),(1117,34170401,8,240,''),(1117,34170401,9,4110,''),(1117,34170401,10,300,''),(1117,34170401,12,0,''),(1117,34170401,13,800,''),(1117,34170401,14,0,''),(1117,34170401,18,0,''),(1117,34170401,20,800,''),(1117,34170401,21,0,''),(1117,34170401,22,200,''),(1117,34170401,23,30,''),(1117,34170401,24,70,''),(1117,34170401,25,6000,''),(1117,34170401,26,0,''),(1117,34170401,29,0,''),(1117,34170401,30,0,''),(1117,34170401,39,0,''),(1117,34170401,40,0,''),(1117,34170401,41,50,''),(1117,34170401,42,0,''),(1117,34170401,43,579,'860361777'),(1117,34170401,44,0,''),(1117,34170501,3,53600,''),(1117,34170501,4,0,''),(1117,34170501,7,0,''),(1117,34170501,8,240,''),(1117,34170501,9,4110,''),(1117,34170501,10,300,''),(1117,34170501,12,800,''),(1117,34170501,13,0,''),(1117,34170501,14,0,''),(1117,34170501,18,0,''),(1117,34170501,20,800,''),(1117,34170501,21,0,''),(1117,34170501,22,200,''),(1117,34170501,23,30,''),(1117,34170501,24,70,''),(1117,34170501,25,6000,''),(1117,34170501,26,0,''),(1117,34170501,29,0,''),(1117,34170501,30,0,''),(1117,34170501,39,0,''),(1117,34170501,40,0,''),(1117,34170501,41,50,''),(1117,34170501,42,0,''),(1117,34170501,43,0,''),(1117,34170501,44,0,''),(1118,34170401,3,31340,''),(1118,34170401,4,0,''),(1118,34170401,7,0,''),(1118,34170401,8,0,''),(1118,34170401,9,0,''),(1118,34170401,10,0,''),(1118,34170401,12,0,''),(1118,34170401,13,0,''),(1118,34170401,14,0,''),(1118,34170401,18,0,''),(1118,34170401,20,0,''),(1118,34170401,21,0,''),(1118,34170401,22,200,''),(1118,34170401,23,0,''),(1118,34170401,24,0,''),(1118,34170401,25,0,''),(1118,34170401,26,0,''),(1118,34170401,29,0,''),(1118,34170401,30,0,''),(1118,34170401,39,0,''),(1118,34170401,40,0,''),(1118,34170401,41,0,''),(1118,34170401,42,0,''),(1118,34170401,43,0,''),(1118,34170401,44,0,''),(1118,34170501,3,31340,''),(1118,34170501,4,0,''),(1118,34170501,7,0,''),(1118,34170501,8,0,''),(1118,34170501,9,0,''),(1118,34170501,10,0,''),(1118,34170501,12,0,''),(1118,34170501,13,0,''),(1118,34170501,14,0,''),(1118,34170501,18,0,''),(1118,34170501,20,0,''),(1118,34170501,21,0,''),(1118,34170501,22,200,''),(1118,34170501,23,0,''),(1118,34170501,24,0,''),(1118,34170501,25,0,''),(1118,34170501,26,0,''),(1118,34170501,29,0,''),(1118,34170501,30,0,''),(1118,34170501,39,0,''),(1118,34170501,40,0,''),(1118,34170501,41,0,''),(1118,34170501,42,0,''),(1118,34170501,43,0,''),(1118,34170501,44,0,''),(1119,34170401,3,19950,''),(1119,34170401,4,0,''),(1119,34170401,7,0,''),(1119,34170401,8,0,''),(1119,34170401,9,0,''),(1119,34170401,10,0,''),(1119,34170401,12,0,''),(1119,34170401,13,0,''),(1119,34170401,14,0,''),(1119,34170401,18,0,''),(1119,34170401,20,0,''),(1119,34170401,21,0,''),(1119,34170401,22,200,''),(1119,34170401,23,0,''),(1119,34170401,24,0,''),(1119,34170401,25,0,''),(1119,34170401,26,0,''),(1119,34170401,29,0,''),(1119,34170401,30,0,''),(1119,34170401,39,0,''),(1119,34170401,40,0,''),(1119,34170401,41,0,''),(1119,34170401,42,0,''),(1119,34170401,43,0,''),(1119,34170401,44,0,''),(1119,34170501,3,19950,''),(1119,34170501,4,0,''),(1119,34170501,7,0,''),(1119,34170501,8,0,''),(1119,34170501,9,0,''),(1119,34170501,10,0,''),(1119,34170501,12,0,''),(1119,34170501,13,0,''),(1119,34170501,14,0,''),(1119,34170501,18,0,''),(1119,34170501,20,0,''),(1119,34170501,21,0,''),(1119,34170501,22,200,''),(1119,34170501,23,0,''),(1119,34170501,24,0,''),(1119,34170501,25,0,''),(1119,34170501,26,0,''),(1119,34170501,29,0,''),(1119,34170501,30,0,''),(1119,34170501,39,0,''),(1119,34170501,40,0,''),(1119,34170501,41,0,''),(1119,34170501,42,0,''),(1119,34170501,43,0,''),(1119,34170501,44,0,''),(1120,34170401,3,29300,''),(1120,34170401,4,0,''),(1120,34170401,7,0,''),(1120,34170401,8,150,''),(1120,34170401,9,2244,''),(1120,34170401,10,300,''),(1120,34170401,12,0,''),(1120,34170401,13,800,''),(1120,34170401,14,60,''),(1120,34170401,18,60,''),(1120,34170401,20,0,''),(1120,34170401,21,0,''),(1120,34170401,22,200,''),(1120,34170401,23,15,''),(1120,34170401,24,35,''),(1120,34170401,25,0,''),(1120,34170401,26,11000,''),(1120,34170401,29,0,''),(1120,34170401,30,500,'6/10'),(1120,34170401,39,0,''),(1120,34170401,40,1925,'1661019(32/59)'),(1120,34170401,41,0,''),(1120,34170401,42,0,''),(1120,34170401,43,0,''),(1120,34170401,44,0,''),(1120,34170501,3,29300,''),(1120,34170501,4,0,''),(1120,34170501,7,1172,''),(1120,34170501,8,150,''),(1120,34170501,9,2244,''),(1120,34170501,10,300,''),(1120,34170501,12,800,''),(1120,34170501,13,0,''),(1120,34170501,14,60,''),(1120,34170501,18,60,''),(1120,34170501,20,0,''),(1120,34170501,21,0,''),(1120,34170501,22,200,''),(1120,34170501,23,15,''),(1120,34170501,24,35,''),(1120,34170501,25,0,''),(1120,34170501,26,9000,''),(1120,34170501,29,0,''),(1120,34170501,30,500,'7/10'),(1120,34170501,39,0,''),(1120,34170501,40,1925,'33/59'),(1120,34170501,41,0,''),(1120,34170501,42,0,''),(1120,34170501,43,0,''),(1120,34170501,44,0,''),(1121,34170401,3,62200,''),(1121,34170401,4,0,''),(1121,34170401,7,0,''),(1121,34170401,8,240,''),(1121,34170401,9,0,''),(1121,34170401,10,0,''),(1121,34170401,12,0,''),(1121,34170401,13,0,''),(1121,34170401,14,0,''),(1121,34170401,18,0,''),(1121,34170401,20,3000,''),(1121,34170401,21,0,''),(1121,34170401,22,200,''),(1121,34170401,23,60,''),(1121,34170401,24,140,''),(1121,34170401,25,9000,''),(1121,34170401,26,0,''),(1121,34170401,29,0,''),(1121,34170401,30,0,''),(1121,34170401,39,0,''),(1121,34170401,40,0,''),(1121,34170401,41,50,''),(1121,34170401,42,0,''),(1121,34170401,43,321,'861875610'),(1121,34170401,44,0,''),(1121,34170501,3,62200,''),(1121,34170501,4,0,''),(1121,34170501,7,0,''),(1121,34170501,8,240,''),(1121,34170501,9,0,''),(1121,34170501,10,0,''),(1121,34170501,12,0,''),(1121,34170501,13,0,''),(1121,34170501,14,0,''),(1121,34170501,18,0,''),(1121,34170501,20,3000,''),(1121,34170501,21,0,''),(1121,34170501,22,200,''),(1121,34170501,23,60,''),(1121,34170501,24,140,''),(1121,34170501,25,9000,''),(1121,34170501,26,0,''),(1121,34170501,29,0,''),(1121,34170501,30,0,''),(1121,34170501,39,0,''),(1121,34170501,40,0,''),(1121,34170501,41,50,''),(1121,34170501,42,0,''),(1121,34170501,43,0,''),(1121,34170501,44,0,''),(1122,34170401,3,43500,''),(1122,34170401,4,0,''),(1122,34170401,7,0,''),(1122,34170401,8,240,''),(1122,34170401,9,3358,''),(1122,34170401,10,300,''),(1122,34170401,12,0,''),(1122,34170401,13,800,''),(1122,34170401,14,0,''),(1122,34170401,18,0,''),(1122,34170401,20,800,''),(1122,34170401,21,0,''),(1122,34170401,22,200,''),(1122,34170401,23,30,''),(1122,34170401,24,70,''),(1122,34170401,25,25000,''),(1122,34170401,26,0,''),(1122,34170401,29,0,''),(1122,34170401,30,0,''),(1122,34170401,39,0,''),(1122,34170401,40,0,''),(1122,34170401,41,0,''),(1122,34170401,42,0,''),(1122,34170401,43,0,''),(1122,34170401,44,0,''),(1122,34170501,3,43500,''),(1122,34170501,4,0,''),(1122,34170501,7,0,''),(1122,34170501,8,240,''),(1122,34170501,9,3358,''),(1122,34170501,10,300,''),(1122,34170501,12,800,''),(1122,34170501,13,0,''),(1122,34170501,14,0,''),(1122,34170501,18,0,''),(1122,34170501,20,800,''),(1122,34170501,21,0,''),(1122,34170501,22,200,''),(1122,34170501,23,30,''),(1122,34170501,24,70,''),(1122,34170501,25,25000,''),(1122,34170501,26,0,''),(1122,34170501,29,0,''),(1122,34170501,30,0,''),(1122,34170501,39,0,''),(1122,34170501,40,0,''),(1122,34170501,41,0,''),(1122,34170501,42,0,''),(1122,34170501,43,0,''),(1122,34170501,44,0,''),(1123,34170401,3,28400,''),(1123,34170401,4,0,''),(1123,34170401,7,0,''),(1123,34170401,8,150,''),(1123,34170401,9,2208,''),(1123,34170401,10,300,''),(1123,34170401,12,0,''),(1123,34170401,13,800,''),(1123,34170401,14,60,''),(1123,34170401,18,0,''),(1123,34170401,20,0,''),(1123,34170401,21,0,''),(1123,34170401,22,200,''),(1123,34170401,23,15,''),(1123,34170401,24,35,''),(1123,34170401,25,0,''),(1123,34170401,26,18000,''),(1123,34170401,29,0,''),(1123,34170401,30,500,'6/10'),(1123,34170401,39,0,''),(1123,34170401,40,0,''),(1123,34170401,41,0,''),(1123,34170401,42,2478,''),(1123,34170401,43,3712,'860844782'),(1123,34170401,44,1738,''),(1123,34170501,3,28400,''),(1123,34170501,4,0,''),(1123,34170501,7,1136,''),(1123,34170501,8,150,''),(1123,34170501,9,2208,''),(1123,34170501,10,300,''),(1123,34170501,12,800,''),(1123,34170501,13,0,''),(1123,34170501,14,60,''),(1123,34170501,18,0,''),(1123,34170501,20,0,''),(1123,34170501,21,0,''),(1123,34170501,22,200,''),(1123,34170501,23,15,''),(1123,34170501,24,35,''),(1123,34170501,25,0,''),(1123,34170501,26,15000,''),(1123,34170501,29,0,''),(1123,34170501,30,500,'7/10'),(1123,34170501,39,0,''),(1123,34170501,40,0,''),(1123,34170501,41,0,''),(1123,34170501,42,0,''),(1123,34170501,43,0,''),(1123,34170501,44,0,''),(1124,34170401,3,39900,''),(1124,34170401,4,0,''),(1124,34170401,7,0,''),(1124,34170401,8,240,''),(1124,34170401,9,3066,''),(1124,34170401,10,300,''),(1124,34170401,12,0,''),(1124,34170401,13,800,''),(1124,34170401,14,0,''),(1124,34170401,18,0,''),(1124,34170401,20,100,''),(1124,34170401,21,0,''),(1124,34170401,22,600,''),(1124,34170401,23,30,''),(1124,34170401,24,70,''),(1124,34170401,25,10000,''),(1124,34170401,26,0,''),(1124,34170401,29,0,''),(1124,34170401,30,0,''),(1124,34170401,39,0,''),(1124,34170401,40,0,''),(1124,34170401,41,0,''),(1124,34170401,42,3812,''),(1124,34170401,43,0,''),(1124,34170401,44,0,''),(1124,34170501,3,39900,''),(1124,34170501,4,0,''),(1124,34170501,7,0,''),(1124,34170501,8,240,''),(1124,34170501,9,3066,''),(1124,34170501,10,300,''),(1124,34170501,12,0,''),(1124,34170501,13,800,''),(1124,34170501,14,0,''),(1124,34170501,18,0,''),(1124,34170501,20,100,''),(1124,34170501,21,0,''),(1124,34170501,22,200,''),(1124,34170501,23,30,''),(1124,34170501,24,70,''),(1124,34170501,25,10000,''),(1124,34170501,26,0,''),(1124,34170501,29,0,''),(1124,34170501,30,0,''),(1124,34170501,39,0,''),(1124,34170501,40,0,''),(1124,34170501,41,0,''),(1124,34170501,42,0,''),(1124,34170501,43,0,''),(1124,34170501,44,0,''),(1125,34170401,3,25920,''),(1125,34170401,4,0,''),(1125,34170401,7,0,''),(1125,34170401,8,150,''),(1125,34170401,9,1915,''),(1125,34170401,10,270,''),(1125,34170401,12,0,''),(1125,34170401,13,800,''),(1125,34170401,14,54,''),(1125,34170401,18,0,''),(1125,34170401,20,0,''),(1125,34170401,21,0,''),(1125,34170401,22,200,''),(1125,34170401,23,15,''),(1125,34170401,24,35,''),(1125,34170401,25,0,''),(1125,34170401,26,5000,''),(1125,34170401,29,0,''),(1125,34170401,30,0,''),(1125,34170401,39,0,''),(1125,34170401,40,0,''),(1125,34170401,41,0,''),(1125,34170401,42,200,''),(1125,34170401,43,0,'860193604'),(1125,34170401,44,0,''),(1125,34170501,3,28800,''),(1125,34170501,4,0,''),(1125,34170501,7,1152,''),(1125,34170501,8,150,''),(1125,34170501,9,2128,''),(1125,34170501,10,300,''),(1125,34170501,12,800,''),(1125,34170501,13,0,''),(1125,34170501,14,60,''),(1125,34170501,18,0,''),(1125,34170501,20,0,''),(1125,34170501,21,0,''),(1125,34170501,22,200,''),(1125,34170501,23,15,''),(1125,34170501,24,35,''),(1125,34170501,25,0,''),(1125,34170501,26,5000,''),(1125,34170501,29,0,''),(1125,34170501,30,0,''),(1125,34170501,39,0,''),(1125,34170501,40,0,''),(1125,34170501,41,0,''),(1125,34170501,42,0,''),(1125,34170501,43,0,''),(1125,34170501,44,0,''),(1126,34170401,3,31100,''),(1126,34170401,4,0,''),(1126,34170401,7,0,''),(1126,34170401,8,150,''),(1126,34170401,9,2384,''),(1126,34170401,10,300,''),(1126,34170401,12,0,''),(1126,34170401,13,800,''),(1126,34170401,14,52,''),(1126,34170401,18,60,''),(1126,34170401,20,200,''),(1126,34170401,21,0,''),(1126,34170401,22,200,''),(1126,34170401,23,15,''),(1126,34170401,24,35,''),(1126,34170401,25,0,''),(1126,34170401,26,6000,''),(1126,34170401,29,0,''),(1126,34170401,30,0,''),(1126,34170401,39,0,''),(1126,34170401,40,0,''),(1126,34170401,41,0,''),(1126,34170401,42,200,''),(1126,34170401,43,0,''),(1126,34170401,44,1965,''),(1126,34170501,3,31100,''),(1126,34170501,4,0,''),(1126,34170501,7,1244,''),(1126,34170501,8,150,''),(1126,34170501,9,2384,''),(1126,34170501,10,300,''),(1126,34170501,12,800,''),(1126,34170501,13,0,''),(1126,34170501,14,60,''),(1126,34170501,18,60,''),(1126,34170501,20,200,''),(1126,34170501,21,0,''),(1126,34170501,22,200,''),(1126,34170501,23,15,''),(1126,34170501,24,35,''),(1126,34170501,25,0,''),(1126,34170501,26,5000,''),(1126,34170501,29,0,''),(1126,34170501,30,0,''),(1126,34170501,39,0,''),(1126,34170501,40,0,''),(1126,34170501,41,0,''),(1126,34170501,42,0,''),(1126,34170501,43,0,''),(1126,34170501,44,0,''),(1127,34170401,3,31340,''),(1127,34170401,4,0,''),(1127,34170401,7,0,''),(1127,34170401,8,0,''),(1127,34170401,9,0,''),(1127,34170401,10,0,''),(1127,34170401,12,0,''),(1127,34170401,13,0,''),(1127,34170401,14,0,''),(1127,34170401,18,0,''),(1127,34170401,20,0,''),(1127,34170401,21,0,''),(1127,34170401,22,200,''),(1127,34170401,23,0,''),(1127,34170401,24,0,''),(1127,34170401,25,0,''),(1127,34170401,26,0,''),(1127,34170401,29,0,''),(1127,34170401,30,0,''),(1127,34170401,39,0,''),(1127,34170401,40,0,''),(1127,34170401,41,0,''),(1127,34170401,42,0,''),(1127,34170401,43,0,''),(1127,34170401,44,0,''),(1127,34170501,3,31340,''),(1127,34170501,4,0,''),(1127,34170501,7,0,''),(1127,34170501,8,0,''),(1127,34170501,9,0,''),(1127,34170501,10,0,''),(1127,34170501,12,0,''),(1127,34170501,13,0,''),(1127,34170501,14,0,''),(1127,34170501,18,0,''),(1127,34170501,20,0,''),(1127,34170501,21,0,''),(1127,34170501,22,200,''),(1127,34170501,23,0,''),(1127,34170501,24,0,''),(1127,34170501,25,0,''),(1127,34170501,26,0,''),(1127,34170501,29,0,''),(1127,34170501,30,0,''),(1127,34170501,39,0,''),(1127,34170501,40,0,''),(1127,34170501,41,0,''),(1127,34170501,42,0,''),(1127,34170501,43,0,''),(1127,34170501,44,0,''),(1128,34170401,3,23100,''),(1128,34170401,4,0,''),(1128,34170401,7,0,''),(1128,34170401,8,95,''),(1128,34170401,9,0,''),(1128,34170401,10,300,''),(1128,34170401,12,0,''),(1128,34170401,13,0,''),(1128,34170401,14,4,''),(1128,34170401,18,0,''),(1128,34170401,20,0,''),(1128,34170401,21,80,''),(1128,34170401,22,200,''),(1128,34170401,23,15,''),(1128,34170401,24,35,''),(1128,34170401,25,0,''),(1128,34170401,26,6000,''),(1128,34170401,29,0,''),(1128,34170401,30,500,'6/10'),(1128,34170401,39,0,''),(1128,34170401,40,0,''),(1128,34170401,41,0,''),(1128,34170401,42,0,''),(1128,34170401,43,0,''),(1128,34170401,44,1420,''),(1128,34170501,3,23100,''),(1128,34170501,4,0,''),(1128,34170501,7,924,''),(1128,34170501,8,95,''),(1128,34170501,9,0,''),(1128,34170501,10,300,''),(1128,34170501,12,0,''),(1128,34170501,13,0,''),(1128,34170501,14,60,''),(1128,34170501,18,0,''),(1128,34170501,20,0,''),(1128,34170501,21,80,''),(1128,34170501,22,200,''),(1128,34170501,23,15,''),(1128,34170501,24,35,''),(1128,34170501,25,0,''),(1128,34170501,26,6000,''),(1128,34170501,29,0,''),(1128,34170501,30,500,'7/10'),(1128,34170501,39,0,''),(1128,34170501,40,0,''),(1128,34170501,41,0,''),(1128,34170501,42,0,''),(1128,34170501,43,0,''),(1128,34170501,44,0,''),(1129,34170401,3,29300,''),(1129,34170401,4,0,''),(1129,34170401,7,0,''),(1129,34170401,8,150,''),(1129,34170401,9,2256,''),(1129,34170401,10,300,''),(1129,34170401,12,0,''),(1129,34170401,13,800,''),(1129,34170401,14,60,''),(1129,34170401,18,0,''),(1129,34170401,20,0,''),(1129,34170401,21,0,''),(1129,34170401,22,200,''),(1129,34170401,23,15,''),(1129,34170401,24,35,''),(1129,34170401,25,0,''),(1129,34170401,26,8000,''),(1129,34170401,29,0,''),(1129,34170401,30,500,'6/10'),(1129,34170401,39,0,''),(1129,34170401,40,0,''),(1129,34170401,41,0,''),(1129,34170401,42,200,''),(1129,34170401,43,0,'861880238'),(1129,34170401,44,0,''),(1129,34170501,3,29300,''),(1129,34170501,4,0,''),(1129,34170501,7,1172,''),(1129,34170501,8,150,''),(1129,34170501,9,2256,''),(1129,34170501,10,300,''),(1129,34170501,12,800,''),(1129,34170501,13,0,''),(1129,34170501,14,60,''),(1129,34170501,18,0,''),(1129,34170501,20,0,''),(1129,34170501,21,0,''),(1129,34170501,22,200,''),(1129,34170501,23,15,''),(1129,34170501,24,35,''),(1129,34170501,25,0,''),(1129,34170501,26,8000,''),(1129,34170501,29,0,''),(1129,34170501,30,500,'7/10'),(1129,34170501,39,0,''),(1129,34170501,40,0,''),(1129,34170501,41,0,''),(1129,34170501,42,0,''),(1129,34170501,43,0,''),(1129,34170501,44,0,''),(1130,34170401,3,34300,''),(1130,34170401,4,0,''),(1130,34170401,7,0,''),(1130,34170401,8,240,''),(1130,34170401,9,2642,''),(1130,34170401,10,300,''),(1130,34170401,12,0,''),(1130,34170401,13,800,''),(1130,34170401,14,0,''),(1130,34170401,18,0,''),(1130,34170401,20,100,''),(1130,34170401,21,0,''),(1130,34170401,22,200,''),(1130,34170401,23,30,''),(1130,34170401,24,70,''),(1130,34170401,25,10000,''),(1130,34170401,26,0,''),(1130,34170401,29,0,''),(1130,34170401,30,0,''),(1130,34170401,39,0,''),(1130,34170401,40,0,''),(1130,34170401,41,0,''),(1130,34170401,42,0,''),(1130,34170401,43,2042,'861968448'),(1130,34170401,44,0,''),(1130,34170501,3,34300,''),(1130,34170501,4,0,''),(1130,34170501,7,0,''),(1130,34170501,8,240,''),(1130,34170501,9,2642,''),(1130,34170501,10,300,''),(1130,34170501,12,800,''),(1130,34170501,13,0,''),(1130,34170501,14,0,''),(1130,34170501,18,0,''),(1130,34170501,20,100,''),(1130,34170501,21,0,''),(1130,34170501,22,200,''),(1130,34170501,23,30,''),(1130,34170501,24,70,''),(1130,34170501,25,10000,''),(1130,34170501,26,0,''),(1130,34170501,29,0,''),(1130,34170501,30,0,''),(1130,34170501,39,0,''),(1130,34170501,40,0,''),(1130,34170501,41,0,''),(1130,34170501,42,0,''),(1130,34170501,43,0,''),(1130,34170501,44,0,''),(1131,34170401,3,19950,''),(1131,34170401,4,0,''),(1131,34170401,7,0,''),(1131,34170401,8,0,''),(1131,34170401,9,0,''),(1131,34170401,10,0,''),(1131,34170401,12,0,''),(1131,34170401,13,0,''),(1131,34170401,14,0,''),(1131,34170401,18,0,''),(1131,34170401,20,0,''),(1131,34170401,21,140,''),(1131,34170401,22,200,''),(1131,34170401,23,0,''),(1131,34170401,24,0,''),(1131,34170401,25,0,''),(1131,34170401,26,0,''),(1131,34170401,29,0,''),(1131,34170401,30,0,''),(1131,34170401,39,0,''),(1131,34170401,40,0,''),(1131,34170401,41,0,''),(1131,34170401,42,0,''),(1131,34170401,43,0,''),(1131,34170401,44,0,''),(1131,34170501,3,19950,''),(1131,34170501,4,0,''),(1131,34170501,7,0,''),(1131,34170501,8,0,''),(1131,34170501,9,0,''),(1131,34170501,10,0,''),(1131,34170501,12,0,''),(1131,34170501,13,0,''),(1131,34170501,14,0,''),(1131,34170501,18,0,''),(1131,34170501,20,0,''),(1131,34170501,21,140,''),(1131,34170501,22,200,''),(1131,34170501,23,0,''),(1131,34170501,24,0,''),(1131,34170501,25,0,''),(1131,34170501,26,0,''),(1131,34170501,29,0,''),(1131,34170501,30,0,''),(1131,34170501,39,0,''),(1131,34170501,40,0,''),(1131,34170501,41,0,''),(1131,34170501,42,0,''),(1131,34170501,43,0,''),(1131,34170501,44,0,''),(1132,34170401,3,29300,''),(1132,34170401,4,0,''),(1132,34170401,7,0,''),(1132,34170401,8,150,''),(1132,34170401,9,2244,''),(1132,34170401,10,300,''),(1132,34170401,12,0,''),(1132,34170401,13,800,''),(1132,34170401,14,60,''),(1132,34170401,18,0,''),(1132,34170401,20,0,''),(1132,34170401,21,0,''),(1132,34170401,22,200,''),(1132,34170401,23,15,''),(1132,34170401,24,35,''),(1132,34170401,25,0,''),(1132,34170401,26,7000,''),(1132,34170401,29,0,''),(1132,34170401,30,500,'6/10'),(1132,34170401,39,0,''),(1132,34170401,40,2500,'1661163(17/37)'),(1132,34170401,41,0,''),(1132,34170401,42,5136,''),(1132,34170401,43,0,''),(1132,34170401,44,1770,''),(1132,34170501,3,29300,''),(1132,34170501,4,0,''),(1132,34170501,7,1172,''),(1132,34170501,8,150,''),(1132,34170501,9,2244,''),(1132,34170501,10,300,''),(1132,34170501,12,800,''),(1132,34170501,13,0,''),(1132,34170501,14,60,''),(1132,34170501,18,0,''),(1132,34170501,20,0,''),(1132,34170501,21,0,''),(1132,34170501,22,200,''),(1132,34170501,23,15,''),(1132,34170501,24,35,''),(1132,34170501,25,0,''),(1132,34170501,26,7000,''),(1132,34170501,29,0,''),(1132,34170501,30,500,'7/10'),(1132,34170501,39,0,''),(1132,34170501,40,2500,'18/37'),(1132,34170501,41,0,''),(1132,34170501,42,0,''),(1132,34170501,43,0,''),(1132,34170501,44,0,''),(1133,34170401,3,31100,''),(1133,34170401,4,0,''),(1133,34170401,7,0,''),(1133,34170401,8,150,''),(1133,34170401,9,2358,''),(1133,34170401,10,300,''),(1133,34170401,12,0,''),(1133,34170401,13,800,''),(1133,34170401,14,60,''),(1133,34170401,18,0,''),(1133,34170401,20,0,''),(1133,34170401,21,0,''),(1133,34170401,22,200,''),(1133,34170401,23,15,''),(1133,34170401,24,35,''),(1133,34170401,25,0,''),(1133,34170401,26,11000,''),(1133,34170401,29,0,''),(1133,34170401,30,500,'6/10'),(1133,34170401,39,0,''),(1133,34170401,40,0,''),(1133,34170401,41,0,''),(1133,34170401,42,0,''),(1133,34170401,43,0,''),(1133,34170401,44,1895,''),(1133,34170501,3,31100,''),(1133,34170501,4,0,''),(1133,34170501,7,1244,''),(1133,34170501,8,150,''),(1133,34170501,9,2358,''),(1133,34170501,10,300,''),(1133,34170501,12,800,''),(1133,34170501,13,0,''),(1133,34170501,14,60,''),(1133,34170501,18,0,''),(1133,34170501,20,0,''),(1133,34170501,21,0,''),(1133,34170501,22,200,''),(1133,34170501,23,15,''),(1133,34170501,24,35,''),(1133,34170501,25,0,''),(1133,34170501,26,10000,''),(1133,34170501,29,0,''),(1133,34170501,30,500,'7/10'),(1133,34170501,39,0,''),(1133,34170501,40,0,''),(1133,34170501,41,0,''),(1133,34170501,42,0,''),(1133,34170501,43,0,''),(1133,34170501,44,0,''),(1134,34170401,3,58600,''),(1134,34170401,4,0,''),(1134,34170401,7,0,''),(1134,34170401,8,240,''),(1134,34170401,9,0,''),(1134,34170401,10,300,''),(1134,34170401,12,0,''),(1134,34170401,13,0,''),(1134,34170401,14,0,''),(1134,34170401,18,0,''),(1134,34170401,20,800,''),(1134,34170401,21,0,''),(1134,34170401,22,200,''),(1134,34170401,23,30,''),(1134,34170401,24,70,''),(1134,34170401,25,9000,''),(1134,34170401,26,0,''),(1134,34170401,29,0,''),(1134,34170401,30,0,''),(1134,34170401,39,0,''),(1134,34170401,40,0,''),(1134,34170401,41,50,''),(1134,34170401,42,0,''),(1134,34170401,43,0,''),(1134,34170401,44,0,''),(1134,34170501,3,58600,''),(1134,34170501,4,0,''),(1134,34170501,7,0,''),(1134,34170501,8,240,''),(1134,34170501,9,0,''),(1134,34170501,10,300,''),(1134,34170501,12,0,''),(1134,34170501,13,0,''),(1134,34170501,14,0,''),(1134,34170501,18,0,''),(1134,34170501,20,800,''),(1134,34170501,21,0,''),(1134,34170501,22,200,''),(1134,34170501,23,30,''),(1134,34170501,24,70,''),(1134,34170501,25,9000,''),(1134,34170501,26,0,''),(1134,34170501,29,0,''),(1134,34170501,30,0,''),(1134,34170501,39,0,''),(1134,34170501,40,0,''),(1134,34170501,41,50,''),(1134,34170501,42,0,''),(1134,34170501,43,0,''),(1134,34170501,44,0,''),(1135,34170401,3,15670,''),(1135,34170401,4,0,''),(1135,34170401,7,0,''),(1135,34170401,8,0,''),(1135,34170401,9,0,''),(1135,34170401,10,0,''),(1135,34170401,12,0,''),(1135,34170401,13,0,''),(1135,34170401,14,0,''),(1135,34170401,18,0,''),(1135,34170401,20,0,''),(1135,34170401,21,200,''),(1135,34170401,22,200,''),(1135,34170401,23,0,''),(1135,34170401,24,0,''),(1135,34170401,25,0,''),(1135,34170401,26,0,''),(1135,34170401,29,0,''),(1135,34170401,30,0,''),(1135,34170401,39,0,''),(1135,34170401,40,0,''),(1135,34170401,41,0,''),(1135,34170401,42,0,''),(1135,34170401,43,0,''),(1135,34170401,44,0,''),(1135,34170501,3,15670,''),(1135,34170501,4,0,''),(1135,34170501,7,0,''),(1135,34170501,8,0,''),(1135,34170501,9,0,''),(1135,34170501,10,0,''),(1135,34170501,12,0,''),(1135,34170501,13,0,''),(1135,34170501,14,0,''),(1135,34170501,18,0,''),(1135,34170501,20,0,''),(1135,34170501,21,200,''),(1135,34170501,22,200,''),(1135,34170501,23,0,''),(1135,34170501,24,0,''),(1135,34170501,25,0,''),(1135,34170501,26,0,''),(1135,34170501,29,0,''),(1135,34170501,30,0,''),(1135,34170501,39,0,''),(1135,34170501,40,0,''),(1135,34170501,41,0,''),(1135,34170501,42,0,''),(1135,34170501,43,0,''),(1135,34170501,44,0,''),(1136,34170401,3,31340,''),(1136,34170401,4,0,''),(1136,34170401,7,0,''),(1136,34170401,8,0,''),(1136,34170401,9,0,''),(1136,34170401,10,0,''),(1136,34170401,12,0,''),(1136,34170401,13,0,''),(1136,34170401,14,0,''),(1136,34170401,18,0,''),(1136,34170401,20,700,''),(1136,34170401,21,140,''),(1136,34170401,22,200,''),(1136,34170401,23,0,''),(1136,34170401,24,0,''),(1136,34170401,25,0,''),(1136,34170401,26,0,''),(1136,34170401,29,0,''),(1136,34170401,30,0,''),(1136,34170401,39,0,''),(1136,34170401,40,0,''),(1136,34170401,41,0,''),(1136,34170401,42,0,''),(1136,34170401,43,2056,''),(1136,34170401,44,0,''),(1136,34170501,3,31340,''),(1136,34170501,4,0,''),(1136,34170501,7,0,''),(1136,34170501,8,0,''),(1136,34170501,9,0,''),(1136,34170501,10,0,''),(1136,34170501,12,0,''),(1136,34170501,13,0,''),(1136,34170501,14,0,''),(1136,34170501,18,0,''),(1136,34170501,20,700,''),(1136,34170501,21,140,''),(1136,34170501,22,200,''),(1136,34170501,23,0,''),(1136,34170501,24,0,''),(1136,34170501,25,0,''),(1136,34170501,26,0,''),(1136,34170501,29,0,''),(1136,34170501,30,0,''),(1136,34170501,39,0,''),(1136,34170501,40,0,''),(1136,34170501,41,0,''),(1136,34170501,42,0,''),(1136,34170501,43,2056,''),(1136,34170501,44,0,''),(1137,34170401,3,68000,''),(1137,34170401,4,0,''),(1137,34170401,7,0,''),(1137,34170401,8,240,''),(1137,34170401,9,4868,''),(1137,34170401,10,300,''),(1137,34170401,12,0,''),(1137,34170401,13,800,''),(1137,34170401,14,0,''),(1137,34170401,18,0,''),(1137,34170401,20,4500,''),(1137,34170401,21,0,''),(1137,34170401,22,200,''),(1137,34170401,23,60,''),(1137,34170401,24,140,''),(1137,34170401,25,25000,''),(1137,34170401,26,0,''),(1137,34170401,29,0,''),(1137,34170401,30,0,''),(1137,34170401,39,0,''),(1137,34170401,40,4000,'1661154(32/50)'),(1137,34170401,41,0,''),(1137,34170401,42,0,''),(1137,34170401,43,0,'0'),(1137,34170401,44,0,''),(1137,34170501,3,68000,''),(1137,34170501,4,0,''),(1137,34170501,7,0,''),(1137,34170501,8,240,''),(1137,34170501,9,4868,''),(1137,34170501,10,300,''),(1137,34170501,12,0,''),(1137,34170501,13,800,''),(1137,34170501,14,0,''),(1137,34170501,18,0,''),(1137,34170501,20,4500,''),(1137,34170501,21,0,''),(1137,34170501,22,200,''),(1137,34170501,23,60,''),(1137,34170501,24,140,''),(1137,34170501,25,25000,''),(1137,34170501,26,0,''),(1137,34170501,29,0,''),(1137,34170501,30,0,''),(1137,34170501,39,0,''),(1137,34170501,40,4000,'33/50'),(1137,34170501,41,0,''),(1137,34170501,42,0,''),(1137,34170501,43,0,''),(1137,34170501,44,0,''),(1138,34170401,3,25600,''),(1138,34170401,4,0,''),(1138,34170401,7,0,''),(1138,34170401,8,150,''),(1138,34170401,9,0,''),(1138,34170401,10,300,''),(1138,34170401,12,0,''),(1138,34170401,13,0,''),(1138,34170401,14,44,''),(1138,34170401,18,0,''),(1138,34170401,20,0,''),(1138,34170401,21,80,''),(1138,34170401,22,200,''),(1138,34170401,23,15,''),(1138,34170401,24,35,''),(1138,34170401,25,0,''),(1138,34170401,26,3000,''),(1138,34170401,29,0,''),(1138,34170401,30,500,'6/10'),(1138,34170401,39,0,''),(1138,34170401,40,0,''),(1138,34170401,41,0,''),(1138,34170401,42,4685,''),(1138,34170401,43,0,''),(1138,34170401,44,1640,''),(1138,34170501,3,25600,''),(1138,34170501,4,0,''),(1138,34170501,7,1024,''),(1138,34170501,8,150,''),(1138,34170501,9,0,''),(1138,34170501,10,300,''),(1138,34170501,12,0,''),(1138,34170501,13,0,''),(1138,34170501,14,60,''),(1138,34170501,18,0,''),(1138,34170501,20,0,''),(1138,34170501,21,80,''),(1138,34170501,22,200,''),(1138,34170501,23,15,''),(1138,34170501,24,35,''),(1138,34170501,25,0,''),(1138,34170501,26,3000,''),(1138,34170501,29,0,''),(1138,34170501,30,500,'7/10'),(1138,34170501,39,0,''),(1138,34170501,40,0,''),(1138,34170501,41,0,''),(1138,34170501,42,0,''),(1138,34170501,43,0,''),(1138,34170501,44,0,''),(1139,34170401,3,55200,''),(1139,34170401,4,0,''),(1139,34170401,7,0,''),(1139,34170401,8,240,''),(1139,34170401,9,4276,''),(1139,34170401,10,300,''),(1139,34170401,12,0,''),(1139,34170401,13,800,''),(1139,34170401,14,0,''),(1139,34170401,18,0,''),(1139,34170401,20,500,''),(1139,34170401,21,0,''),(1139,34170401,22,200,''),(1139,34170401,23,30,''),(1139,34170401,24,70,''),(1139,34170401,25,6000,''),(1139,34170401,26,0,''),(1139,34170401,29,0,''),(1139,34170401,30,0,''),(1139,34170401,39,0,''),(1139,34170401,40,0,''),(1139,34170401,41,50,''),(1139,34170401,42,200,''),(1139,34170401,43,0,''),(1139,34170401,44,0,''),(1139,34170501,3,55200,''),(1139,34170501,4,0,''),(1139,34170501,7,0,''),(1139,34170501,8,240,''),(1139,34170501,9,4276,''),(1139,34170501,10,300,''),(1139,34170501,12,800,''),(1139,34170501,13,0,''),(1139,34170501,14,0,''),(1139,34170501,18,0,''),(1139,34170501,20,500,''),(1139,34170501,21,0,''),(1139,34170501,22,200,''),(1139,34170501,23,30,''),(1139,34170501,24,70,''),(1139,34170501,25,6000,''),(1139,34170501,26,0,''),(1139,34170501,29,0,''),(1139,34170501,30,0,''),(1139,34170501,39,0,''),(1139,34170501,40,0,''),(1139,34170501,41,50,''),(1139,34170501,42,0,''),(1139,34170501,43,0,''),(1139,34170501,44,0,''),(1140,34170401,3,27600,''),(1140,34170401,4,0,''),(1140,34170401,7,0,''),(1140,34170401,8,150,''),(1140,34170401,9,0,''),(1140,34170401,10,300,''),(1140,34170401,12,0,''),(1140,34170401,13,0,''),(1140,34170401,14,48,''),(1140,34170401,18,0,''),(1140,34170401,20,0,''),(1140,34170401,21,80,''),(1140,34170401,22,200,''),(1140,34170401,23,15,''),(1140,34170401,24,35,''),(1140,34170401,25,0,''),(1140,34170401,26,5000,''),(1140,34170401,29,0,''),(1140,34170401,30,500,'6/10'),(1140,34170401,39,0,''),(1140,34170401,40,0,''),(1140,34170401,41,0,''),(1140,34170401,42,2993,''),(1140,34170401,43,2611,'860846901'),(1140,34170401,44,1705,''),(1140,34170501,3,27600,''),(1140,34170501,4,0,''),(1140,34170501,7,1104,''),(1140,34170501,8,150,''),(1140,34170501,9,0,''),(1140,34170501,10,300,''),(1140,34170501,12,0,''),(1140,34170501,13,0,''),(1140,34170501,14,60,''),(1140,34170501,18,0,''),(1140,34170501,20,0,''),(1140,34170501,21,80,''),(1140,34170501,22,200,''),(1140,34170501,23,15,''),(1140,34170501,24,35,''),(1140,34170501,25,0,''),(1140,34170501,26,5000,''),(1140,34170501,29,0,''),(1140,34170501,30,500,'7/10'),(1140,34170501,39,0,''),(1140,34170501,40,0,''),(1140,34170501,41,0,''),(1140,34170501,42,0,''),(1140,34170501,43,0,''),(1140,34170501,44,0,''),(1141,34170401,3,31100,''),(1141,34170401,4,0,''),(1141,34170401,7,0,''),(1141,34170401,8,150,''),(1141,34170401,9,2352,''),(1141,34170401,10,300,''),(1141,34170401,12,0,''),(1141,34170401,13,800,''),(1141,34170401,14,60,''),(1141,34170401,18,0,''),(1141,34170401,20,0,''),(1141,34170401,21,0,''),(1141,34170401,22,200,''),(1141,34170401,23,15,''),(1141,34170401,24,35,''),(1141,34170401,25,0,''),(1141,34170401,26,0,''),(1141,34170401,29,0,''),(1141,34170401,30,0,''),(1141,34170401,39,0,''),(1141,34170401,40,0,''),(1141,34170401,41,0,''),(1141,34170401,42,2224,''),(1141,34170401,43,0,''),(1141,34170401,44,1930,''),(1141,34170501,3,31100,''),(1141,34170501,4,0,''),(1141,34170501,7,0,''),(1141,34170501,8,150,''),(1141,34170501,9,2352,''),(1141,34170501,10,300,''),(1141,34170501,12,0,''),(1141,34170501,13,800,''),(1141,34170501,14,60,''),(1141,34170501,18,0,''),(1141,34170501,20,0,''),(1141,34170501,21,0,''),(1141,34170501,22,200,''),(1141,34170501,23,15,''),(1141,34170501,24,35,''),(1141,34170501,25,0,''),(1141,34170501,26,0,''),(1141,34170501,29,0,''),(1141,34170501,30,0,''),(1141,34170501,39,0,''),(1141,34170501,40,0,''),(1141,34170501,41,0,''),(1141,34170501,42,0,''),(1141,34170501,43,0,''),(1141,34170501,44,0,''),(1142,34170401,3,31340,''),(1142,34170401,4,0,''),(1142,34170401,7,0,''),(1142,34170401,8,0,''),(1142,34170401,9,0,''),(1142,34170401,10,0,''),(1142,34170401,12,0,''),(1142,34170401,13,0,''),(1142,34170401,14,0,''),(1142,34170401,18,0,''),(1142,34170401,20,0,''),(1142,34170401,21,0,''),(1142,34170401,22,200,''),(1142,34170401,23,0,''),(1142,34170401,24,0,''),(1142,34170401,25,0,''),(1142,34170401,26,0,''),(1142,34170401,29,0,''),(1142,34170401,30,0,''),(1142,34170401,39,0,''),(1142,34170401,40,0,''),(1142,34170401,41,0,''),(1142,34170401,42,0,''),(1142,34170401,43,0,''),(1142,34170401,44,0,''),(1142,34170501,3,31340,''),(1142,34170501,4,0,''),(1142,34170501,7,0,''),(1142,34170501,8,0,''),(1142,34170501,9,0,''),(1142,34170501,10,0,''),(1142,34170501,12,0,''),(1142,34170501,13,0,''),(1142,34170501,14,0,''),(1142,34170501,18,0,''),(1142,34170501,20,0,''),(1142,34170501,21,0,''),(1142,34170501,22,200,''),(1142,34170501,23,0,''),(1142,34170501,24,0,''),(1142,34170501,25,0,''),(1142,34170501,26,0,''),(1142,34170501,29,0,''),(1142,34170501,30,0,''),(1142,34170501,39,0,''),(1142,34170501,40,0,''),(1142,34170501,41,0,''),(1142,34170501,42,0,''),(1142,34170501,43,0,''),(1142,34170501,44,0,''),(1143,34170401,3,52000,''),(1143,34170401,4,0,''),(1143,34170401,7,0,''),(1143,34170401,8,240,''),(1143,34170401,9,4002,''),(1143,34170401,10,300,''),(1143,34170401,12,0,''),(1143,34170401,13,800,''),(1143,34170401,14,0,''),(1143,34170401,18,0,''),(1143,34170401,20,1000,''),(1143,34170401,21,0,''),(1143,34170401,22,200,''),(1143,34170401,23,60,''),(1143,34170401,24,140,''),(1143,34170401,25,10000,''),(1143,34170401,26,0,''),(1143,34170401,29,0,''),(1143,34170401,30,0,''),(1143,34170401,39,0,''),(1143,34170401,40,0,''),(1143,34170401,41,0,''),(1143,34170401,42,0,''),(1143,34170401,43,0,''),(1143,34170401,44,0,''),(1143,34170501,3,0,''),(1143,34170501,4,0,''),(1143,34170501,7,0,''),(1143,34170501,8,0,''),(1143,34170501,9,0,''),(1143,34170501,10,0,''),(1143,34170501,12,0,''),(1143,34170501,13,0,''),(1143,34170501,14,0,''),(1143,34170501,18,0,''),(1143,34170501,20,0,''),(1143,34170501,21,0,''),(1143,34170501,22,0,''),(1143,34170501,23,0,''),(1143,34170501,24,0,''),(1143,34170501,25,0,''),(1143,34170501,26,0,''),(1143,34170501,29,0,''),(1143,34170501,30,0,''),(1143,34170501,39,0,''),(1143,34170501,40,0,''),(1143,34170501,41,0,''),(1143,34170501,42,0,''),(1143,34170501,43,0,''),(1143,34170501,44,0,''),(1144,34170401,3,28400,''),(1144,34170401,4,0,''),(1144,34170401,7,0,''),(1144,34170401,8,150,''),(1144,34170401,9,2208,''),(1144,34170401,10,300,''),(1144,34170401,12,0,''),(1144,34170401,13,800,''),(1144,34170401,14,60,''),(1144,34170401,18,60,''),(1144,34170401,20,0,''),(1144,34170401,21,0,''),(1144,34170401,22,200,''),(1144,34170401,23,15,''),(1144,34170401,24,35,''),(1144,34170401,25,0,''),(1144,34170401,26,3000,''),(1144,34170401,29,0,''),(1144,34170401,30,500,'6/10'),(1144,34170401,39,0,''),(1144,34170401,40,0,''),(1144,34170401,41,0,''),(1144,34170401,42,3841,''),(1144,34170401,43,0,'864158928'),(1144,34170401,44,0,''),(1144,34170501,3,20154,''),(1144,34170501,4,0,''),(1144,34170501,7,806,''),(1144,34170501,8,106,''),(1144,34170501,9,1567,''),(1144,34170501,10,213,''),(1144,34170501,12,567,''),(1144,34170501,13,0,''),(1144,34170501,14,43,''),(1144,34170501,18,43,''),(1144,34170501,20,0,''),(1144,34170501,21,0,''),(1144,34170501,22,200,''),(1144,34170501,23,15,''),(1144,34170501,24,35,''),(1144,34170501,25,0,''),(1144,34170501,26,3000,''),(1144,34170501,29,0,''),(1144,34170501,30,500,'7/10'),(1144,34170501,39,0,''),(1144,34170501,40,0,''),(1144,34170501,41,0,''),(1144,34170501,42,0,''),(1144,34170501,43,0,''),(1144,34170501,44,0,''),(1145,34170401,3,55200,''),(1145,34170401,4,0,''),(1145,34170401,7,0,''),(1145,34170401,8,240,''),(1145,34170401,9,4214,''),(1145,34170401,10,300,''),(1145,34170401,12,0,''),(1145,34170401,13,800,''),(1145,34170401,14,0,''),(1145,34170401,18,100,''),(1145,34170401,20,2250,''),(1145,34170401,21,0,''),(1145,34170401,22,200,''),(1145,34170401,23,30,''),(1145,34170401,24,70,''),(1145,34170401,25,25000,''),(1145,34170401,26,0,''),(1145,34170401,29,0,''),(1145,34170401,30,0,''),(1145,34170401,39,0,''),(1145,34170401,40,0,''),(1145,34170401,41,0,''),(1145,34170401,42,0,''),(1145,34170401,43,0,''),(1145,34170401,44,0,''),(1145,34170501,3,55200,''),(1145,34170501,4,0,''),(1145,34170501,7,0,''),(1145,34170501,8,240,''),(1145,34170501,9,4214,''),(1145,34170501,10,300,''),(1145,34170501,12,800,''),(1145,34170501,13,0,''),(1145,34170501,14,0,''),(1145,34170501,18,100,''),(1145,34170501,20,2250,''),(1145,34170501,21,0,''),(1145,34170501,22,200,''),(1145,34170501,23,30,''),(1145,34170501,24,70,''),(1145,34170501,25,25000,''),(1145,34170501,26,0,''),(1145,34170501,29,0,''),(1145,34170501,30,0,''),(1145,34170501,39,0,''),(1145,34170501,40,0,''),(1145,34170501,41,0,''),(1145,34170501,42,0,''),(1145,34170501,43,0,''),(1145,34170501,44,0,''),(1146,34170401,3,19900,''),(1146,34170401,4,0,''),(1146,34170401,7,0,''),(1146,34170401,8,95,''),(1146,34170401,9,0,''),(1146,34170401,10,300,''),(1146,34170401,12,0,''),(1146,34170401,13,0,''),(1146,34170401,14,0,''),(1146,34170401,18,0,''),(1146,34170401,20,0,''),(1146,34170401,21,0,''),(1146,34170401,22,30,''),(1146,34170401,23,0,''),(1146,34170401,24,0,''),(1146,34170401,25,0,''),(1146,34170401,26,0,''),(1146,34170401,29,0,''),(1146,34170401,30,0,''),(1146,34170401,39,0,''),(1146,34170401,40,0,''),(1146,34170401,41,0,''),(1146,34170401,42,0,''),(1146,34170401,43,0,''),(1146,34170401,44,19900,''),(1146,34170501,3,19900,''),(1146,34170501,4,0,''),(1146,34170501,7,796,''),(1146,34170501,8,150,''),(1146,34170501,9,1546,''),(1146,34170501,10,300,''),(1146,34170501,12,200,''),(1146,34170501,13,0,''),(1146,34170501,14,0,''),(1146,34170501,18,0,''),(1146,34170501,20,0,''),(1146,34170501,21,0,''),(1146,34170501,22,200,''),(1146,34170501,23,30,''),(1146,34170501,24,70,''),(1146,34170501,25,0,''),(1146,34170501,26,0,''),(1146,34170501,29,0,''),(1146,34170501,30,0,''),(1146,34170501,39,0,''),(1146,34170501,40,0,''),(1146,34170501,41,50,''),(1146,34170501,42,0,''),(1146,34170501,43,0,''),(1146,34170501,44,0,''),(1147,34170401,3,26400,''),(1147,34170401,4,0,''),(1147,34170401,7,0,''),(1147,34170401,8,150,''),(1147,34170401,9,0,''),(1147,34170401,10,300,''),(1147,34170401,12,0,''),(1147,34170401,13,0,''),(1147,34170401,14,60,''),(1147,34170401,18,0,''),(1147,34170401,20,0,''),(1147,34170401,21,0,''),(1147,34170401,22,200,''),(1147,34170401,23,15,''),(1147,34170401,24,35,''),(1147,34170401,25,0,''),(1147,34170401,26,5500,''),(1147,34170401,29,0,''),(1147,34170401,30,500,'6/10'),(1147,34170401,39,0,''),(1147,34170401,40,0,''),(1147,34170401,41,0,''),(1147,34170401,42,200,''),(1147,34170401,43,1503,''),(1147,34170401,44,1640,''),(1147,34170501,3,26400,''),(1147,34170501,4,0,''),(1147,34170501,7,1056,''),(1147,34170501,8,150,''),(1147,34170501,9,0,''),(1147,34170501,10,300,''),(1147,34170501,12,0,''),(1147,34170501,13,0,''),(1147,34170501,14,60,''),(1147,34170501,18,0,''),(1147,34170501,20,0,''),(1147,34170501,21,0,''),(1147,34170501,22,200,''),(1147,34170501,23,15,''),(1147,34170501,24,35,''),(1147,34170501,25,0,''),(1147,34170501,26,5500,''),(1147,34170501,29,0,''),(1147,34170501,30,500,'7/10'),(1147,34170501,39,0,''),(1147,34170501,40,0,''),(1147,34170501,41,0,''),(1147,34170501,42,0,''),(1147,34170501,43,0,''),(1147,34170501,44,0,''),(1148,34170401,3,42800,''),(1148,34170401,4,0,''),(1148,34170401,7,0,''),(1148,34170401,8,240,''),(1148,34170401,9,3296,''),(1148,34170401,10,300,''),(1148,34170401,12,0,''),(1148,34170401,13,800,''),(1148,34170401,14,0,''),(1148,34170401,18,0,''),(1148,34170401,20,600,''),(1148,34170401,21,0,''),(1148,34170401,22,200,''),(1148,34170401,23,30,''),(1148,34170401,24,70,''),(1148,34170401,25,10000,''),(1148,34170401,26,0,''),(1148,34170401,29,0,''),(1148,34170401,30,0,''),(1148,34170401,39,0,''),(1148,34170401,40,0,''),(1148,34170401,41,50,''),(1148,34170401,42,7328,''),(1148,34170401,43,0,''),(1148,34170401,44,0,''),(1148,34170501,3,42800,''),(1148,34170501,4,0,''),(1148,34170501,7,0,''),(1148,34170501,8,240,''),(1148,34170501,9,3296,''),(1148,34170501,10,300,''),(1148,34170501,12,800,''),(1148,34170501,13,0,''),(1148,34170501,14,0,''),(1148,34170501,18,0,''),(1148,34170501,20,600,''),(1148,34170501,21,0,''),(1148,34170501,22,200,''),(1148,34170501,23,30,''),(1148,34170501,24,70,''),(1148,34170501,25,10000,''),(1148,34170501,26,0,''),(1148,34170501,29,0,''),(1148,34170501,30,0,''),(1148,34170501,39,0,''),(1148,34170501,40,0,''),(1148,34170501,41,50,''),(1148,34170501,42,0,''),(1148,34170501,43,0,''),(1148,34170501,44,0,''),(1149,34170401,3,28400,''),(1149,34170401,4,0,''),(1149,34170401,7,0,''),(1149,34170401,8,150,''),(1149,34170401,9,2180,''),(1149,34170401,10,300,''),(1149,34170401,12,0,''),(1149,34170401,13,800,''),(1149,34170401,14,60,''),(1149,34170401,18,60,''),(1149,34170401,20,0,''),(1149,34170401,21,0,''),(1149,34170401,22,200,''),(1149,34170401,23,15,''),(1149,34170401,24,35,''),(1149,34170401,25,0,''),(1149,34170401,26,5000,''),(1149,34170401,29,0,''),(1149,34170401,30,500,'6/10'),(1149,34170401,39,0,''),(1149,34170401,40,1985,'1661092(19/60)'),(1149,34170401,41,0,''),(1149,34170401,42,5610,''),(1149,34170401,43,292,'861969701'),(1149,34170401,44,1770,''),(1149,34170501,3,28400,''),(1149,34170501,4,0,''),(1149,34170501,7,0,''),(1149,34170501,8,150,''),(1149,34170501,9,2180,''),(1149,34170501,10,300,''),(1149,34170501,12,0,''),(1149,34170501,13,800,''),(1149,34170501,14,60,''),(1149,34170501,18,60,''),(1149,34170501,20,0,''),(1149,34170501,21,0,''),(1149,34170501,22,200,''),(1149,34170501,23,15,''),(1149,34170501,24,35,''),(1149,34170501,25,0,''),(1149,34170501,26,5000,''),(1149,34170501,29,0,''),(1149,34170501,30,500,'7/10'),(1149,34170501,39,0,''),(1149,34170501,40,1985,'20/60'),(1149,34170501,41,0,''),(1149,34170501,42,0,''),(1149,34170501,43,292,''),(1149,34170501,44,0,''),(1150,34170401,3,31340,''),(1150,34170401,4,0,''),(1150,34170401,7,0,''),(1150,34170401,8,0,''),(1150,34170401,9,0,''),(1150,34170401,10,0,''),(1150,34170401,12,0,''),(1150,34170401,13,0,''),(1150,34170401,14,0,''),(1150,34170401,18,0,''),(1150,34170401,20,100,''),(1150,34170401,21,0,''),(1150,34170401,22,200,''),(1150,34170401,23,0,''),(1150,34170401,24,0,''),(1150,34170401,25,0,''),(1150,34170401,26,0,''),(1150,34170401,29,0,''),(1150,34170401,30,0,''),(1150,34170401,39,0,''),(1150,34170401,40,0,''),(1150,34170401,41,0,''),(1150,34170401,42,0,''),(1150,34170401,43,0,''),(1150,34170401,44,0,''),(1150,34170501,3,31340,''),(1150,34170501,4,0,''),(1150,34170501,7,0,''),(1150,34170501,8,0,''),(1150,34170501,9,0,''),(1150,34170501,10,0,''),(1150,34170501,12,0,''),(1150,34170501,13,0,''),(1150,34170501,14,0,''),(1150,34170501,18,0,''),(1150,34170501,20,100,''),(1150,34170501,21,0,''),(1150,34170501,22,200,''),(1150,34170501,23,0,''),(1150,34170501,24,0,''),(1150,34170501,25,0,''),(1150,34170501,26,0,''),(1150,34170501,29,0,''),(1150,34170501,30,0,''),(1150,34170501,39,0,''),(1150,34170501,40,0,''),(1150,34170501,41,0,''),(1150,34170501,42,0,''),(1150,34170501,43,0,''),(1150,34170501,44,0,''),(1151,34170401,3,27200,''),(1151,34170401,4,0,''),(1151,34170401,7,0,''),(1151,34170401,8,150,''),(1151,34170401,9,2056,''),(1151,34170401,10,300,''),(1151,34170401,12,0,''),(1151,34170401,13,800,''),(1151,34170401,14,44,''),(1151,34170401,18,0,''),(1151,34170401,20,0,''),(1151,34170401,21,0,''),(1151,34170401,22,200,''),(1151,34170401,23,15,''),(1151,34170401,24,35,''),(1151,34170401,25,0,''),(1151,34170401,26,3000,''),(1151,34170401,29,0,''),(1151,34170401,30,500,'6/10'),(1151,34170401,39,0,''),(1151,34170401,40,0,''),(1151,34170401,41,0,''),(1151,34170401,42,4105,''),(1151,34170401,43,0,'0'),(1151,34170401,44,1705,''),(1151,34170501,3,27200,''),(1151,34170501,4,0,''),(1151,34170501,7,0,''),(1151,34170501,8,150,''),(1151,34170501,9,2056,''),(1151,34170501,10,300,''),(1151,34170501,12,0,''),(1151,34170501,13,800,''),(1151,34170501,14,60,''),(1151,34170501,18,0,''),(1151,34170501,20,0,''),(1151,34170501,21,0,''),(1151,34170501,22,200,''),(1151,34170501,23,15,''),(1151,34170501,24,35,''),(1151,34170501,25,0,''),(1151,34170501,26,3000,''),(1151,34170501,29,0,''),(1151,34170501,30,500,'7/10'),(1151,34170501,39,0,''),(1151,34170501,40,0,''),(1151,34170501,41,0,''),(1151,34170501,42,0,''),(1151,34170501,43,0,''),(1151,34170501,44,0,''),(1152,34170401,3,17700,''),(1152,34170401,4,0,''),(1152,34170401,7,0,''),(1152,34170401,8,95,''),(1152,34170401,9,3540,''),(1152,34170401,10,300,''),(1152,34170401,12,0,''),(1152,34170401,13,800,''),(1152,34170401,14,60,''),(1152,34170401,18,0,''),(1152,34170401,20,0,''),(1152,34170401,21,0,''),(1152,34170401,22,15,''),(1152,34170401,23,0,''),(1152,34170401,24,0,''),(1152,34170401,25,0,''),(1152,34170401,26,0,''),(1152,34170401,29,0,''),(1152,34170401,30,500,'6/10'),(1152,34170401,39,0,''),(1152,34170401,40,0,''),(1152,34170401,41,0,''),(1152,34170401,42,0,''),(1152,34170401,43,0,''),(1152,34170401,44,17700,''),(1152,34170501,3,17700,''),(1152,34170501,4,0,''),(1152,34170501,7,708,''),(1152,34170501,8,95,''),(1152,34170501,9,1378,''),(1152,34170501,10,300,''),(1152,34170501,12,0,''),(1152,34170501,13,200,''),(1152,34170501,14,60,''),(1152,34170501,18,0,''),(1152,34170501,20,0,''),(1152,34170501,21,0,''),(1152,34170501,22,200,''),(1152,34170501,23,15,''),(1152,34170501,24,35,''),(1152,34170501,25,0,''),(1152,34170501,26,0,''),(1152,34170501,27,1841,''),(1152,34170501,29,0,''),(1152,34170501,30,500,'7/10'),(1152,34170501,39,0,''),(1152,34170501,40,0,''),(1152,34170501,41,0,''),(1152,34170501,42,0,''),(1152,34170501,43,0,''),(1152,34170501,44,0,''),(1153,34170401,3,39800,''),(1153,34170401,4,0,''),(1153,34170401,7,0,''),(1153,34170401,8,240,''),(1153,34170401,9,3046,''),(1153,34170401,10,300,''),(1153,34170401,12,0,''),(1153,34170401,13,800,''),(1153,34170401,14,0,''),(1153,34170401,18,75,''),(1153,34170401,20,120,''),(1153,34170401,21,0,''),(1153,34170401,22,200,''),(1153,34170401,23,30,''),(1153,34170401,24,70,''),(1153,34170401,25,12000,''),(1153,34170401,26,0,''),(1153,34170401,29,0,''),(1153,34170401,30,0,''),(1153,34170401,39,5000,''),(1153,34170401,40,3500,'1660922(25/43)'),(1153,34170401,41,0,''),(1153,34170401,42,200,''),(1153,34170401,43,0,''),(1153,34170401,44,0,''),(1153,34170501,3,39800,''),(1153,34170501,4,0,''),(1153,34170501,7,0,''),(1153,34170501,8,240,''),(1153,34170501,9,3046,''),(1153,34170501,10,300,''),(1153,34170501,12,0,''),(1153,34170501,13,800,''),(1153,34170501,14,0,''),(1153,34170501,18,75,''),(1153,34170501,20,0,''),(1153,34170501,21,0,''),(1153,34170501,22,200,''),(1153,34170501,23,30,''),(1153,34170501,24,70,''),(1153,34170501,25,12000,''),(1153,34170501,26,0,''),(1153,34170501,29,0,''),(1153,34170501,30,0,''),(1153,34170501,39,5000,'6/9'),(1153,34170501,40,3500,'1660922(26/43)'),(1153,34170501,41,0,''),(1153,34170501,42,0,''),(1153,34170501,43,0,''),(1153,34170501,44,0,''),(1154,34170401,3,21100,''),(1154,34170401,4,1900,''),(1154,34170401,7,0,''),(1154,34170401,8,150,''),(1154,34170401,9,0,''),(1154,34170401,10,300,''),(1154,34170401,12,0,''),(1154,34170401,13,0,''),(1154,34170401,14,0,''),(1154,34170401,18,0,''),(1154,34170401,20,0,''),(1154,34170401,21,0,''),(1154,34170401,22,30,''),(1154,34170401,23,0,''),(1154,34170401,24,0,''),(1154,34170401,25,0,''),(1154,34170401,26,0,''),(1154,34170401,29,0,''),(1154,34170401,30,0,''),(1154,34170401,39,0,''),(1154,34170401,40,0,''),(1154,34170401,41,0,''),(1154,34170401,42,0,''),(1154,34170401,43,0,''),(1154,34170401,44,23000,''),(1154,34170501,3,21100,''),(1154,34170501,4,0,''),(1154,34170501,7,844,''),(1154,34170501,8,150,''),(1154,34170501,9,0,''),(1154,34170501,10,300,''),(1154,34170501,12,0,''),(1154,34170501,13,0,''),(1154,34170501,14,0,''),(1154,34170501,18,0,''),(1154,34170501,20,0,''),(1154,34170501,21,200,''),(1154,34170501,22,200,''),(1154,34170501,23,30,''),(1154,34170501,24,70,''),(1154,34170501,25,0,''),(1154,34170501,26,0,''),(1154,34170501,27,2194,''),(1154,34170501,29,0,''),(1154,34170501,30,0,''),(1154,34170501,39,0,''),(1154,34170501,40,0,''),(1154,34170501,41,0,''),(1154,34170501,42,0,''),(1154,34170501,43,0,''),(1154,34170501,44,0,''),(1155,34170401,3,41100,''),(1155,34170401,4,0,''),(1155,34170401,7,0,''),(1155,34170401,8,240,''),(1155,34170401,9,3148,''),(1155,34170401,10,300,''),(1155,34170401,12,0,''),(1155,34170401,13,800,''),(1155,34170401,14,0,''),(1155,34170401,18,0,''),(1155,34170401,20,0,''),(1155,34170401,21,0,''),(1155,34170401,22,200,''),(1155,34170401,23,30,''),(1155,34170401,24,70,''),(1155,34170401,25,20000,''),(1155,34170401,26,0,''),(1155,34170401,29,0,''),(1155,34170401,30,0,''),(1155,34170401,39,0,''),(1155,34170401,40,0,''),(1155,34170401,41,0,''),(1155,34170401,42,0,''),(1155,34170401,43,0,''),(1155,34170401,44,0,''),(1155,34170501,3,41100,''),(1155,34170501,4,0,''),(1155,34170501,7,0,''),(1155,34170501,8,240,''),(1155,34170501,9,3148,''),(1155,34170501,10,300,''),(1155,34170501,12,0,''),(1155,34170501,13,800,''),(1155,34170501,14,0,''),(1155,34170501,18,0,''),(1155,34170501,20,0,''),(1155,34170501,21,0,''),(1155,34170501,22,200,''),(1155,34170501,23,30,''),(1155,34170501,24,70,''),(1155,34170501,25,20000,''),(1155,34170501,26,0,''),(1155,34170501,29,0,''),(1155,34170501,30,0,''),(1155,34170501,39,0,''),(1155,34170501,40,0,''),(1155,34170501,41,0,''),(1155,34170501,42,0,''),(1155,34170501,43,0,''),(1155,34170501,44,0,''),(1156,34170401,3,31340,''),(1156,34170401,4,0,''),(1156,34170401,7,0,''),(1156,34170401,8,0,''),(1156,34170401,9,0,''),(1156,34170401,10,0,''),(1156,34170401,12,0,''),(1156,34170401,13,0,''),(1156,34170401,14,0,''),(1156,34170401,18,0,''),(1156,34170401,20,0,''),(1156,34170401,21,0,''),(1156,34170401,22,200,''),(1156,34170401,23,0,''),(1156,34170401,24,0,''),(1156,34170401,25,0,''),(1156,34170401,26,0,''),(1156,34170401,29,0,''),(1156,34170401,30,0,''),(1156,34170401,39,0,''),(1156,34170401,40,0,''),(1156,34170401,41,0,''),(1156,34170401,42,0,''),(1156,34170401,43,0,''),(1156,34170401,44,0,''),(1156,34170501,3,31340,''),(1156,34170501,4,0,''),(1156,34170501,7,0,''),(1156,34170501,8,0,''),(1156,34170501,9,0,''),(1156,34170501,10,0,''),(1156,34170501,12,0,''),(1156,34170501,13,0,''),(1156,34170501,14,0,''),(1156,34170501,18,0,''),(1156,34170501,20,0,''),(1156,34170501,21,0,''),(1156,34170501,22,200,''),(1156,34170501,23,0,''),(1156,34170501,24,0,''),(1156,34170501,25,0,''),(1156,34170501,26,0,''),(1156,34170501,29,0,''),(1156,34170501,30,0,''),(1156,34170501,39,0,''),(1156,34170501,40,0,''),(1156,34170501,41,0,''),(1156,34170501,42,0,''),(1156,34170501,43,0,''),(1156,34170501,44,0,''),(1157,34170401,3,31340,''),(1157,34170401,4,0,''),(1157,34170401,7,0,''),(1157,34170401,8,0,''),(1157,34170401,9,0,''),(1157,34170401,10,0,''),(1157,34170401,12,0,''),(1157,34170401,13,0,''),(1157,34170401,14,0,''),(1157,34170401,18,0,''),(1157,34170401,20,0,''),(1157,34170401,21,0,''),(1157,34170401,22,200,''),(1157,34170401,23,0,''),(1157,34170401,24,0,''),(1157,34170401,25,0,''),(1157,34170401,26,0,''),(1157,34170401,29,0,''),(1157,34170401,30,0,''),(1157,34170401,39,0,''),(1157,34170401,40,0,''),(1157,34170401,41,0,''),(1157,34170401,42,0,''),(1157,34170401,43,0,''),(1157,34170401,44,0,''),(1157,34170501,3,31340,''),(1157,34170501,4,0,''),(1157,34170501,7,0,''),(1157,34170501,8,0,''),(1157,34170501,9,0,''),(1157,34170501,10,0,''),(1157,34170501,12,0,''),(1157,34170501,13,0,''),(1157,34170501,14,0,''),(1157,34170501,18,0,''),(1157,34170501,20,0,''),(1157,34170501,21,0,''),(1157,34170501,22,200,''),(1157,34170501,23,0,''),(1157,34170501,24,0,''),(1157,34170501,25,0,''),(1157,34170501,26,0,''),(1157,34170501,29,0,''),(1157,34170501,30,0,''),(1157,34170501,39,0,''),(1157,34170501,40,0,''),(1157,34170501,41,0,''),(1157,34170501,42,0,''),(1157,34170501,43,0,''),(1157,34170501,44,0,''),(1158,34170401,3,19950,''),(1158,34170401,4,0,''),(1158,34170401,7,0,''),(1158,34170401,8,0,''),(1158,34170401,9,0,''),(1158,34170401,10,0,''),(1158,34170401,12,0,''),(1158,34170401,13,0,''),(1158,34170401,14,0,''),(1158,34170401,18,0,''),(1158,34170401,20,0,''),(1158,34170401,21,0,''),(1158,34170401,22,200,''),(1158,34170401,23,0,''),(1158,34170401,24,0,''),(1158,34170401,25,0,''),(1158,34170401,26,0,''),(1158,34170401,29,0,''),(1158,34170401,30,0,''),(1158,34170401,39,0,''),(1158,34170401,40,0,''),(1158,34170401,41,0,''),(1158,34170401,42,0,''),(1158,34170401,43,0,''),(1158,34170401,44,0,''),(1158,34170501,3,19950,''),(1158,34170501,4,0,''),(1158,34170501,7,0,''),(1158,34170501,8,0,''),(1158,34170501,9,0,''),(1158,34170501,10,0,''),(1158,34170501,12,0,''),(1158,34170501,13,0,''),(1158,34170501,14,0,''),(1158,34170501,18,0,''),(1158,34170501,20,0,''),(1158,34170501,21,0,''),(1158,34170501,22,200,''),(1158,34170501,23,0,''),(1158,34170501,24,0,''),(1158,34170501,25,0,''),(1158,34170501,26,0,''),(1158,34170501,29,0,''),(1158,34170501,30,0,''),(1158,34170501,39,0,''),(1158,34170501,40,0,''),(1158,34170501,41,0,''),(1158,34170501,42,0,''),(1158,34170501,43,0,''),(1158,34170501,44,0,''),(1159,34170401,3,31100,''),(1159,34170401,4,0,''),(1159,34170401,7,0,''),(1159,34170401,8,150,''),(1159,34170401,9,2358,''),(1159,34170401,10,300,''),(1159,34170401,12,0,''),(1159,34170401,13,800,''),(1159,34170401,14,24,''),(1159,34170401,18,60,''),(1159,34170401,20,0,''),(1159,34170401,21,0,''),(1159,34170401,22,200,''),(1159,34170401,23,15,''),(1159,34170401,24,35,''),(1159,34170401,25,0,''),(1159,34170401,26,0,''),(1159,34170401,29,0,''),(1159,34170401,30,0,''),(1159,34170401,39,0,''),(1159,34170401,40,0,''),(1159,34170401,41,0,''),(1159,34170401,42,0,''),(1159,34170401,43,0,''),(1159,34170401,44,1895,''),(1159,34170501,3,31100,''),(1159,34170501,4,0,''),(1159,34170501,7,1244,''),(1159,34170501,8,150,''),(1159,34170501,9,2358,''),(1159,34170501,10,300,''),(1159,34170501,12,800,''),(1159,34170501,13,0,''),(1159,34170501,14,60,''),(1159,34170501,18,60,''),(1159,34170501,20,0,''),(1159,34170501,21,0,''),(1159,34170501,22,200,''),(1159,34170501,23,15,''),(1159,34170501,24,35,''),(1159,34170501,25,0,''),(1159,34170501,26,0,''),(1159,34170501,29,0,''),(1159,34170501,30,0,''),(1159,34170501,39,0,''),(1159,34170501,40,0,''),(1159,34170501,41,0,''),(1159,34170501,42,0,''),(1159,34170501,43,0,''),(1159,34170501,44,0,''),(1160,34170501,3,52000,''),(1160,34170501,8,240,''),(1160,34170501,9,4002,''),(1160,34170501,10,300,''),(1160,34170501,12,800,''),(1160,34170501,13,0,''),(1160,34170501,20,1000,''),(1160,34170501,22,200,''),(1160,34170501,23,60,''),(1160,34170501,24,140,''),(1160,34170501,25,10000,''),(1161,34170501,3,31340,''),(1161,34170501,22,200,'');
/*!40000 ALTER TABLE `salary` ENABLE KEYS */;
UNLOCK TABLES;

--
-- Table structure for table `salary_type`
--

DROP TABLE IF EXISTS `salary_type`;
/*!40101 SET @saved_cs_client     = @@character_set_client */;
/*!40101 SET character_set_client = utf8 */;
CREATE TABLE `salary_type` (
  `salary_type_id` int(11) NOT NULL,
  `name` varchar(50) NOT NULL,
  `code1` varchar(5) NOT NULL,
  `code2` varchar(5) NOT NULL,
  `type` varchar(1) NOT NULL,
  PRIMARY KEY (`salary_type_id`)
) ENGINE=InnoDB DEFAULT CHARSET=latin1;
/*!40101 SET character_set_client = @saved_cs_client */;

--
-- Dumping data for table `salary_type`
--

LOCK TABLES `salary_type` WRITE;
/*!40000 ALTER TABLE `salary_type` DISABLE KEYS */;
INSERT INTO `salary_type` VALUES (1,'Pay of Officer','0101','0','+'),(2,'Grade Pay of Officer ','0101','0','+'),(3,'Pay of Establishment','0102','0','+'),(4,'Grade Pay of Establishment ','0102','0','+'),(5,'NPA','0128','0','+'),(6,'Leave Salary Encash ','0109','0','+'),(7,'Dearness Allowance ','0103','0','+'),(8,'Compansatory Local Allowance ','0111','0','+'),(9,'House Rent Allowance ','0110','0','+'),(10,'Medical Allowance ','0107','0','+'),(11,'Book Allowance ','0104','0','+'),(12,'Transport Allowance ','0113','0','+'),(13,'Interim Relief ','0112','0','+'),(14,'Washing Allowance ','0132','0','+'),(15,'Uniform Allowance ','0131','0','+'),(16,'Nursing Allownace ','0129','0','+'),(17,'Special Post Allowance','0104','0','+'),(18,'Family Welfare Allowance ','0104','0','+'),(19,'Ceiling Extra ','0104','0','+'),(20,'Income Tax','9510','0','-'),(21,'Rent of Building ','9560','0','-'),(22,'Professional Tax ','9570','0','-'),(23,'SIS I/F','9581','0','-'),(24,'SIS S/F','9582','0','-'),(25,'GPF non IV ','9670','0','-'),(26,'GPF IV','9531','0','-'),(27,'CPF','9690','0','-'),(28,'Recovery of Pay of Officer','0101','0','-'),(29,'Recovery of Pay of Establishment','0102','0','-'),(30,'Festival Advance Recovery','5701','0','-'),(31,'Food Grains Advance Recovery','5801','0','-'),(32,'Car Advance Recovery','9741','0','-'),(33,'HBA Recovery (Principle)','9591','0','-'),(34,'Festival Advance','5701','0','+'),(35,'Food Grains Advance','5801','0','+'),(36,'Car Advance','9741','0','+'),(37,'HBA','9591','0','+'),(38,'GPF  Advance non IV ','9670','0','+'),(39,'GPF Advance Recovery non IV','9670','0','-'),(40,'HBA Recovery (Interest)','9591','0','-'),(41,'Spl Pay (Infection Allowance)','','','+'),(42,'GMCS Society','','','-'),(43,'LIC','','','-'),(44,'Dearness Pay','','','+'),(45,'GPF Advance IV ','','','+'),(46,'GPF Advance Recovery IV ','','','-');
/*!40000 ALTER TABLE `salary_type` ENABLE KEYS */;
UNLOCK TABLES;

--
-- Table structure for table `salaryy`
--

DROP TABLE IF EXISTS `salaryy`;
/*!40101 SET @saved_cs_client     = @@character_set_client */;
/*!40101 SET character_set_client = utf8 */;
CREATE TABLE `salaryy` (
  `staff_id` bigint(20) NOT NULL,
  `bill_group` int(11) NOT NULL,
  `bill_number` int(11) NOT NULL,
  `fullname` varchar(300) NOT NULL,
  `department` varchar(200) NOT NULL,
  `post` varchar(100) NOT NULL,
  `from_date` date NOT NULL,
  `to_date` date NOT NULL,
  `bill_type` varchar(100) NOT NULL,
  `remark` varchar(100) NOT NULL,
  `Pay_of_Officer_0101(+)` float NOT NULL,
  `Grade_Pay_of_Officer_0101(+)` float NOT NULL,
  `Pay_of_Establishment_0102(+)` float NOT NULL,
  `Grade_Pay_of_Establishment_0102(+)` float NOT NULL,
  `NPA_0128(+)` float NOT NULL,
  `Leave_Salary_Encash_0109(+)` float NOT NULL,
  `Dearness_Allowance_0103(+)` float NOT NULL,
  `Compansatory_Local_Allowance_0111(+)` float NOT NULL,
  `House_Rent_Allowance_0110(+)` float NOT NULL,
  `Medical_Allowance_0107(+)` float NOT NULL,
  `BA_0104(+)` float NOT NULL,
  `Transport_Allowance_0113(+)` float NOT NULL,
  `Interim_Relief_0112(+)` float NOT NULL,
  `Washing_Allowance_0132(+)` float NOT NULL,
  `Uniform_Allowance_0131(+)` float NOT NULL,
  `Nursing_Allownace_0129(+)` float NOT NULL,
  `Special_Post_Allow_0104(+)` float NOT NULL,
  `Family_Welfare_Allow_0104(+)` float NOT NULL,
  `Ceiling_Extra_0104(+)` int(11) NOT NULL,
  `Income_Tax_9510(-)` float NOT NULL,
  `Rent_of_Building_9560(-)` float NOT NULL,
  `Professional_Tax_9570(-)` float NOT NULL,
  `SIS_I_9581(-)` float NOT NULL,
  `SIS_S_9582(-)` float NOT NULL,
  `GPF_non_IV_9670(-)` float NOT NULL,
  `GPF_IV_9531(-)` float NOT NULL,
  `CPF_9690(-)` float NOT NULL,
  `Festival_A_5701(-)` float NOT NULL,
  `Food_Grains_A_5801(-)` float NOT NULL,
  `Car_A_9741(-)` float NOT NULL,
  `HBA_9591(-)` float NOT NULL,
  `Pay_of_Officer_0101(-)` float NOT NULL,
  `Pay_of_Establishment_0102(-)` float NOT NULL,
  `bank_acc_number` varchar(50) NOT NULL,
  `bank` varchar(100) NOT NULL,
  `gpf_acc` varchar(50) NOT NULL,
  `cpf_acc` varchar(100) NOT NULL,
  `pan` varchar(20) NOT NULL,
  `quarter` varchar(20) NOT NULL,
  `budget_head` varchar(100) NOT NULL,
  `pay_scale` varchar(100) NOT NULL,
  `old_pay_scale` varchar(100) NOT NULL,
  PRIMARY KEY (`staff_id`,`bill_group`)
) ENGINE=InnoDB DEFAULT CHARSET=latin1;
/*!40101 SET character_set_client = @saved_cs_client */;

--
-- Dumping data for table `salaryy`
--

LOCK TABLES `salaryy` WRITE;
/*!40000 ALTER TABLE `salaryy` DISABLE KEYS */;
INSERT INTO `salaryy` VALUES (1,12170301,11,'A.N. PANDYA','IHBT','Professor','2017-03-01','2017-03-31','Pay Bill','',49980,10000,0,0,14995,0,93719,240,14995,300,100,1600,0,0,0,0,0,0,0,37500,0,200,120,280,16000,0,0,0,0,0,0,0,0,'111110001466','Dena Bank','MED/GUJ/26372','','ACSPP5785D','','','37400-67000','16400-22400'),(1,12170401,11,'A.N. PANDYA','IHBT','Professor','2017-04-01','2017-03-31','Pay Bill','April-2017',49980,10000,0,0,14995,0,93719,240,14995,300,100,1600,0,0,0,0,0,0,0,37500,0,200,120,280,16000,0,0,0,0,0,0,0,0,'111110001466','Dena Bank','MED/GUJ/26372','','ACSPP5785D','','','37400-67000','16400-22400'),(2,12170301,3,'ABHAY KAVISVAR','Community Medicine','Associate Professor','2017-03-01','2017-03-31','Pay Bill','',49830,9000,0,0,14708,0,91923,240,14708,300,100,1600,0,0,0,0,0,0,0,37000,0,200,120,280,20000,0,0,0,0,0,0,0,0,'111110001944','Dena Bank','MED/GUJ/26652','','ADPPK7627P','','','15600-39100','12000-16500'),(2,12170401,3,'ABHAY KAVISVAR','Community Medicine','Associate Professor','2017-04-01','2017-03-31','Pay Bill','',49830,9000,0,0,14708,0,91923,240,14708,300,100,1600,0,0,0,0,0,0,0,37000,0,200,120,280,20000,0,0,0,0,0,0,0,0,'111110001944','Dena Bank','MED/GUJ/26652','','ADPPK7627P','','','15600-39100','12000-16500'),(3,12170301,4,'ALKA UDAYANIYA','Anatomy','Professor','2017-03-01','2017-03-31','Pay Bill','March 2017',53450,10000,0,0,15863,0,99141,240,0,300,100,0,0,0,0,0,0,0,0,35300,600,200,120,280,50000,0,0,0,0,0,0,0,0,'111110003687','Dena Bank','MED/GUJ/37969','','AFSPS2698B','A-16, PRO.QRTS','','37400-67000','16400-22400'),(3,12170401,4,'ALKA UDAYANIYA','Anatomy','Professor','2017-04-01','2017-03-31','Pay Bill','April-2017',53450,10000,0,0,15863,0,99141,240,0,300,100,0,0,0,0,0,0,0,0,35300,600,200,120,280,50000,0,0,0,0,0,0,0,0,'111110003687','Dena Bank','MED/GUJ/37969','','AFSPS2698B','A-16, PRO.QRTS','','37400-67000','16400-22400'),(4,12170301,9,'ALPANA MATHUR','Physiology','Associate Professor','2017-03-01','2017-03-31','Pay Bill','',44820,9000,0,0,13455,0,84094,240,0,300,100,0,0,0,0,0,0,0,0,23000,600,200,120,280,12110,0,0,0,0,0,0,0,0,'111110004966','Dena Bank','2010140746600013','','AEMPM3116M','A-2 PROF QUART','','37400-67000','12000-16500'),(4,12170401,9,'ALPANA MATHUR','Physiology','Associate Professor','2017-04-01','2017-03-31','Pay Bill','',44820,9000,0,0,13455,0,84094,240,0,300,100,0,0,0,0,0,0,0,0,23000,600,200,120,280,12110,0,0,0,0,0,0,0,0,'111110004966','Dena Bank','2010140746600013','','AEMPM3116M','A-2 PROF QUART','','37400-67000','12000-16500'),(5,12170301,11,'ALPESH PARMAR','General surgery','Assistant Professor','2017-03-01','2017-03-31','Pay Bill','',20990,7000,0,0,6998,0,43735,240,6998,300,100,1600,0,0,0,0,0,0,0,8000,0,200,0,0,0,0,0,0,0,0,0,0,0,'111110029235','Dena Bank','NOT ALLOTED','','CBJPP7341H','','','15600-39100','10000-15000'),(5,12170401,11,'ALPESH PARMAR','General surgery','Assistant Professor','2017-04-01','2017-03-31','Pay Bill','',20990,7000,0,0,6998,0,43735,240,6998,300,100,1600,0,0,0,0,0,0,0,8000,0,200,0,0,0,0,0,0,0,0,0,0,0,'111110029235','Dena Bank','NOT ALLOTED','','CBJPP7341H','','','15600-39100','10000-15000'),(6,12170301,4,'ANAND V. CHAUDHARY','ENT','Assistant Professor','2017-03-01','2017-03-31','Pay Bill','',18600,7000,0,0,6400,0,40000,240,6400,300,100,1600,0,0,0,0,0,0,0,4000,0,200,120,280,0,0,0,0,0,0,0,0,0,'111110025106','Dena Bank','NOT ALLOTED','','AFJPC1150R','','','15600-39100','10000-15200'),(6,12170401,4,'ANAND V. CHAUDHARY','ENT','Assistant Professor','2017-04-01','2017-03-31','Pay Bill','',18600,7000,0,0,6400,0,40000,240,6400,300,100,1600,0,0,0,0,0,0,0,4000,0,200,120,280,0,0,0,0,0,0,0,0,0,'111110025106','Dena Bank','NOT ALLOTED','','AFJPC1150R','','','15600-39100','10000-15200'),(7,12170301,11,'ANITA SINHA','Pharmacology','Assistant Professor','2017-03-01','2017-03-31','Pay Bill','',27460,7000,0,0,8615,0,53844,240,8615,300,100,1600,0,0,0,0,0,0,0,10000,0,200,120,280,10000,0,0,0,0,0,0,0,0,'111110004214','Dena Bank','MED/GUJ/35103','','AIJPS6098P','','','15600-39100','10000-15200'),(7,12170401,11,'ANITA SINHA','Pharmacology','Assistant Professor','2017-04-01','2017-03-31','Pay Bill','',27460,7000,0,0,8615,0,53844,240,8615,300,100,1600,0,0,0,0,0,0,0,10000,0,200,120,280,10000,0,0,0,0,0,0,0,0,'111110004214','Dena Bank','MED/GUJ/35103','','AIJPS6098P','','','15600-39100','10000-15200'),(8,12170301,9,'ANJALI M. MODI','Community Medicine','Associate Professor','2017-03-01','2017-03-31','Pay Bill','',24520,7000,0,0,7880,0,49250,240,0,300,100,0,0,0,0,0,0,0,0,9000,600,200,120,280,7092,0,0,0,0,0,0,0,0,'111110005445','Dena Bank','2010140746600001','','ABJPM7523Q','E-8,ASSO.PROF.','','15600-39100','10000-15200'),(8,12170401,9,'ANJALI M. MODI','Community Medicine','Associate Professor','2017-04-01','2017-03-31','Pay Bill','',24520,7000,0,0,7880,0,49250,240,0,300,100,0,0,0,0,0,0,0,0,9000,600,200,120,280,7092,0,0,0,0,0,0,0,0,'111110005445','Dena Bank','2010140746600001','','ABJPM7523Q','E-8,ASSO.PROF.','','15600-39100','10000-15200'),(9,12170301,4,'ANJANI SHRIVASTAVA','Obstetrics and Gynecology','Associate Professor','2017-03-01','2017-03-31','Pay Bill','',48110,9000,0,0,14278,0,89235,240,0,300,100,0,0,0,0,0,0,0,0,29000,600,200,0,0,0,0,0,0,0,0,0,0,0,'111110003050','Dena Bank','NOT ALLOTED','','AHHPS2260E','A-6, PROF.QURT','','37400-67000','12000-16500'),(9,12170401,4,'ANJANI SHRIVASTAVA','Obstetrics and Gynecology','Associate Professor','2017-04-01','2017-03-31','Pay Bill','',48110,9000,0,0,14278,0,89235,240,0,300,100,0,0,0,0,0,0,0,0,29000,600,200,0,0,0,0,0,0,0,0,0,0,0,'111110003050','Dena Bank','NOT ALLOTED','','AHHPS2260E','A-6, PROF.QURT','','37400-67000','12000-16500'),(10,12170301,9,'ANSHUL GUPTA','Orthopedics','Associate Professor','2017-03-01','2017-03-31','Pay Bill','',41720,9000,0,0,12680,0,79250,240,0,0,100,0,0,0,0,0,0,0,0,24500,600,200,120,280,11412,0,0,0,0,0,0,0,0,'111110004248','Dena Bank','2010140746600005','','AJPPG0046C','A-10 PROF QUART','','37400-67000','12000-16500'),(10,12170401,9,'ANSHUL GUPTA','Orthopedics','Associate Professor','2017-04-01','2017-03-31','Pay Bill','',41720,9000,0,0,12680,0,79250,240,0,0,100,0,0,0,0,0,0,0,0,24500,600,200,120,280,11412,0,0,0,0,0,0,0,0,'111110004248','Dena Bank','2010140746600005','','AJPPG0046C','A-10 PROF QUART','','37400-67000','12000-16500'),(11,12170301,44,'APEXA H. RANA','Dentistry','Tutor','2017-03-01','2017-03-31','Pay Bill','',61500,0,0,0,5210,0,0,240,5210,300,100,1600,0,0,0,0,0,0,0,4800,0,200,0,0,0,0,0,0,0,0,0,0,0,'111110029626','Dena Bank','NOT ALLOTED','','BFOPR6668R','','','9300-34800','8000-13500'),(11,12170401,44,'APEXA H. RANA','Dentistry','Tutor','2017-04-01','2017-03-31','Pay Bill','',61500,0,0,0,5210,0,0,240,5210,300,100,1600,0,0,0,0,0,0,0,4800,0,200,0,0,0,0,0,0,0,0,0,0,0,'111110029626','Dena Bank','NOT ALLOTED','','BFOPR6668R','','','9300-34800','8000-13500'),(12,12170301,99,'ARCHANA M. PATEL','Pathology','Tutor','2017-03-01','2017-03-31','Pay Bill','',65200,0,0,0,5530,0,0,240,0,300,100,0,0,0,0,0,0,0,0,5000,600,200,120,280,6520,0,0,0,0,0,0,0,0,'111110005587','Dena Bank','2015140746600051','','AVTPP0048B','D1/5,A.P.QURTS','','9300-34800','8000-13500'),(12,12170401,99,'ARCHANA M. PATEL','Pathology','Tutor','2017-04-01','2017-03-31','Pay Bill','',65200,0,0,0,5530,0,0,240,0,300,100,0,0,0,0,0,0,0,0,5000,600,200,120,280,6520,0,0,0,0,0,0,0,0,'111110005587','Dena Bank','2015140746600051','','AVTPP0048B','D1/5,A.P.QURTS','','9300-34800','8000-13500'),(13,12170301,11,'ARPTIA J. NISHAL','Pathology','Associate Professor','2017-03-01','2017-03-31','Pay Bill','',48110,9000,0,0,14278,0,89235,240,14278,300,100,1600,0,0,0,0,0,0,0,35000,0,200,120,280,15000,0,0,0,0,0,0,0,0,'111110002336','Dena Bank','MED/GUJ/40641','','AAXPN6048C','','','37400-67000','12000-16500'),(13,12170401,11,'ARPTIA J. NISHAL','Pathology','Associate Professor','2017-04-01','2017-03-31','Pay Bill','',48110,9000,0,0,14278,0,89235,240,14278,300,100,1600,0,0,0,0,0,0,0,35000,0,200,120,280,15000,0,0,0,0,0,0,0,0,'111110002336','Dena Bank','MED/GUJ/40641','','AAXPN6048C','','','37400-67000','12000-16500'),(14,12170301,44,'ASHISH C. ZALA','Pharmacology','Tutor','2017-03-01','2017-03-31','Pay Bill','',0,0,0,0,0,0,0,0,0,0,0,0,0,0,0,0,0,0,0,0,0,0,0,0,0,0,0,0,0,0,0,0,0,'111110025907','Dena Bank','NOT ALLOTED','','AAMPZ1431G','C-4 CHANDRALOK','','9300-34800','8000-13500'),(14,12170401,44,'ASHISH C. ZALA','Pharmacology','Tutor','2017-04-01','2017-03-31','Pay Bill','',0,0,0,0,0,0,0,0,0,0,0,0,0,0,0,0,0,0,0,0,0,0,0,0,0,0,0,0,0,0,0,0,0,'111110025907','Dena Bank','NOT ALLOTED','','AAMPZ1431G','C-4 CHANDRALOK','','9300-34800','8000-13500'),(15,12170301,44,'ASTHA JAIN','Anatomy','Tutor','2017-03-01','2017-03-31','Pay Bill','',61500,0,0,0,5210,0,0,240,5210,300,100,1600,0,0,0,0,0,0,0,2000,0,200,0,0,0,0,0,0,0,0,0,0,0,'111110035290','Dena Bank','NOT ALLOTED','','ANTPJ2541B','','','9300-34800','8000-13500'),(15,12170401,44,'ASTHA JAIN','Anatomy','Tutor','2017-04-01','2017-03-31','Pay Bill','',61500,0,0,0,5210,0,0,240,5210,300,100,1600,0,0,0,0,0,0,0,2000,0,200,0,0,0,0,0,0,0,0,0,0,0,'111110035290','Dena Bank','NOT ALLOTED','','ANTPJ2541B','','','9300-34800','8000-13500'),(16,12170301,4,'B. DIVAKAR','Pharmacology','Assistant Professor','2017-03-01','2017-03-31','Pay Bill','',20170,7000,0,0,6793,0,42454,240,0,300,100,0,0,0,0,0,0,0,0,5000,0,200,120,280,0,0,0,0,0,0,0,0,0,'111110005458','Dena Bank','','','AQXPM7226K','','','15600-39100','10000-15200'),(16,12170401,4,'B. DIVAKAR','Pharmacology','Assistant Professor','2017-04-01','2017-03-31','Pay Bill','',20170,7000,0,0,6793,0,42454,240,0,300,100,0,0,0,0,0,0,0,0,5000,0,200,120,280,0,0,0,0,0,0,0,0,0,'111110005458','Dena Bank','','','AQXPM7226K','','','15600-39100','10000-15200'),(17,12170301,4,'B.M. JHA','Microbiology','Associate Professor','2017-03-01','2017-03-31','Pay Bill','',59000,9000,0,0,17000,0,106250,240,17000,300,100,1600,0,0,0,0,0,0,5190,38000,0,200,120,280,0,0,0,0,0,0,0,0,0,'111110001993','Dena Bank','MED/GUJ/26424','','ABSPJ6967C','','','37400-67000','12000-16500'),(17,12170401,4,'B.M. JHA','Microbiology','Associate Professor','2017-04-01','2017-03-31','Pay Bill','',59000,9000,0,0,17000,0,106250,240,17000,300,100,1600,0,0,0,0,0,0,5190,38000,0,200,120,280,0,0,0,0,0,0,0,0,0,'111110001993','Dena Bank','MED/GUJ/26424','','ABSPJ6967C','','','37400-67000','12000-16500'),(18,12170301,9,'B.V. UKANI','Radiology','Associate Professor','2017-03-01','2017-03-31','Pay Bill','',44820,9000,0,0,13455,0,84094,240,13455,300,100,1600,0,0,0,0,0,0,0,31000,0,200,120,280,12110,0,0,0,0,0,0,0,0,'111110005268','Dena Bank','2009140746600006','','AHZPP3935D','','','15600-39100','12000-16500'),(18,12170401,9,'B.V. UKANI','Radiology','Associate Professor','2017-04-01','2017-03-31','Pay Bill','',44820,9000,0,0,13455,0,84094,240,13455,300,100,1600,0,0,0,0,0,0,0,31000,0,200,120,280,12110,0,0,0,0,0,0,0,0,'111110005268','Dena Bank','2009140746600006','','AHZPP3935D','','','15600-39100','12000-16500'),(19,12170301,9,'BHADRESH PRAJAPATI','Anatomy','Assistant Professor','2017-03-01','2017-03-31','Pay Bill','',22700,7000,0,0,7425,0,46406,240,7425,300,100,1600,0,0,0,0,0,0,0,6000,0,200,120,280,6683,0,0,0,0,0,0,0,0,'111110023950','Dena Bank','2015140746600029','','AWGPP6773M','','','15600-39100','10000-15200'),(19,12170401,9,'BHADRESH PRAJAPATI','Anatomy','Assistant Professor','2017-04-01','2017-03-31','Pay Bill','',22700,7000,0,0,7425,0,46406,240,7425,300,100,1600,0,0,0,0,0,0,0,6000,0,200,120,280,6683,0,0,0,0,0,0,0,0,'111110023950','Dena Bank','2015140746600029','','AWGPP6773M','','','15600-39100','10000-15200'),(20,12170301,4,'BHARATI V. UMARVANSHI','Anatomy','Associate Professor','2017-03-01','2017-03-31','Pay Bill','',51600,9000,0,0,15150,0,94688,240,0,300,100,0,0,0,0,0,0,0,0,42000,600,200,120,280,50000,0,0,0,0,0,0,0,0,'111110002377','Dena Bank','MED/GUJ/26613','','AAGPU5459H','A-17, PROF.QURT','','37400-67000','12000-16500'),(20,12170401,4,'BHARATI V. UMARVANSHI','Anatomy','Associate Professor','2017-04-01','2017-03-31','Pay Bill','',51600,9000,0,0,15150,0,94688,240,0,300,100,0,0,0,0,0,0,0,0,42000,600,200,120,280,50000,0,0,0,0,0,0,0,0,'111110002377','Dena Bank','MED/GUJ/26613','','AAGPU5459H','A-17, PROF.QURT','','37400-67000','12000-16500'),(21,12170301,4,'BHAVNA GAMIT','Pathology','Associate Professor','2017-03-01','2017-03-31','Pay Bill','',48110,9000,0,0,14278,0,89235,240,14278,300,100,1600,0,0,0,0,0,0,0,32000,0,200,120,280,20000,0,0,0,0,0,0,0,0,'111110002834','Dena Bank','MED/GUJ/26657','','ADKPG9144L','','','37400-67000','12000-16500'),(21,12170401,4,'BHAVNA GAMIT','Pathology','Associate Professor','2017-04-01','2017-03-31','Pay Bill','',48110,9000,0,0,14278,0,89235,240,14278,300,100,1600,0,0,0,0,0,0,0,32000,0,200,120,280,20000,0,0,0,0,0,0,0,0,'111110002834','Dena Bank','MED/GUJ/26657','','ADKPG9144L','','','37400-67000','12000-16500'),(22,12170301,4,'BINA B. VAIDYA','General surgery','Associate Professor','2017-03-01','2017-03-31','Pay Bill','',56890,9000,0,0,16473,0,102954,240,0,300,100,0,0,0,0,0,0,0,0,37000,600,200,120,280,9000,0,0,0,0,0,0,0,0,'111110001983','Dena Bank','MED/GUJ/36762','','ABXPV0356Q','E-3,ASSO.PROF.Q','','37400-67000','12000-16500'),(22,12170401,4,'BINA B. VAIDYA','General surgery','Associate Professor','2017-04-01','2017-03-31','Pay Bill','',56890,9000,0,0,16473,0,102954,240,0,300,100,0,0,0,0,0,0,0,0,37000,600,200,120,280,9000,0,0,0,0,0,0,0,0,'111110001983','Dena Bank','MED/GUJ/36762','','ABXPV0356Q','E-3,ASSO.PROF.Q','','37400-67000','12000-16500'),(23,12170301,44,'BRIJAL S. PATEL','Pharmacology','Tutor','2017-03-01','2017-03-31','Pay Bill','',61500,0,0,0,5210,0,0,240,5210,300,100,1600,0,0,0,0,0,0,0,1500,0,200,120,280,0,0,0,0,0,0,0,0,0,'0','Dena Bank','NOT ALLOTED','','AYMPP6804F','','','9300-34800','8000-13500'),(23,12170401,44,'BRIJAL S. PATEL','Pharmacology','Tutor','2017-04-01','2017-03-31','Pay Bill','',61500,0,0,0,5210,0,0,240,5210,300,100,1600,0,0,0,0,0,0,0,1500,0,200,120,280,0,0,0,0,0,0,0,0,0,'0','Dena Bank','NOT ALLOTED','','AYMPP6804F','','','9300-34800','8000-13500'),(24,12170301,4,'BRIJESH V. PARMAR','Skin and VD','Associate Professor','2017-03-01','2017-03-31','Pay Bill','',37400,9000,0,0,11600,0,72500,240,11600,0,100,1600,0,0,0,0,0,0,0,30000,0,200,120,280,0,0,0,0,0,0,0,0,0,'111110023761','Dena Bank','NOT ALLOTED','','AHZPP8094M','','','37400-67000','12000-16500'),(24,12170401,4,'BRIJESH V. PARMAR','Skin and VD','Associate Professor','2017-04-01','2017-03-31','Pay Bill','',37400,9000,0,0,11600,0,72500,240,11600,0,100,1600,0,0,0,0,0,0,0,30000,0,200,120,280,0,0,2000,0,0,0,0,0,0,'111110023761','Dena Bank','NOT ALLOTED','','AHZPP8094M','','','37400-67000','12000-16500'),(25,12170301,9,'CHANDRESH I TAILOR','Forensic Medicine','Associate Professor','2017-03-01','2017-03-31','Pay Bill','',38800,9000,0,0,11950,0,74688,240,11950,300,100,1600,0,0,0,0,0,0,0,22000,0,200,120,280,10755,0,0,0,0,0,0,0,0,'111110003154','Dena Bank','2010140746600028','','AFAPT3547C','','','37400-67000','12000-16500'),(25,12170401,9,'CHANDRESH I TAILOR','Forensic Medicine','Associate Professor','2017-04-01','2017-03-31','Pay Bill','',38800,9000,0,0,11950,0,74688,240,11950,300,100,1600,0,0,0,0,0,0,0,22000,0,200,120,280,10755,0,0,0,0,0,0,0,0,'111110003154','Dena Bank','2010140746600028','','AFAPT3547C','','','37400-67000','12000-16500'),(26,12170301,4,'CHETAN ACHARYA','Pharmacology','Associate Professor','2017-03-01','2017-03-31','Pay Bill','',53420,9000,0,0,15605,0,97531,240,15605,300,100,1600,0,0,0,0,0,0,0,40000,0,200,120,280,75000,0,0,0,0,0,0,0,0,'111110002900','Dena Bank','MED/GUJ/26627','','ABQPA9441A','','','37400-67000','12000-16500'),(26,12170401,4,'CHETAN ACHARYA','Pharmacology','Associate Professor','2017-04-01','2017-03-31','Pay Bill','',53420,9000,0,0,15605,0,97531,240,15605,300,100,1600,0,0,0,0,0,0,0,40000,0,200,120,280,75000,0,0,0,0,0,0,0,0,'111110002900','Dena Bank','MED/GUJ/26627','','ABQPA9441A','','','37400-67000','12000-16500'),(27,12170301,11,'CHETNA R. PATEL','Pharmacology','Associate Professor','2017-03-01','2017-03-31','Pay Bill','',44820,9000,0,0,13455,0,84094,240,13455,300,100,1600,0,0,0,0,0,0,0,32000,0,200,120,280,30000,0,0,0,0,0,0,0,0,'111110005316','Dena Bank','MED/GUJ/37929','','AMGPP2262H','','','37400-67000','12000-16500'),(27,12170401,11,'CHETNA R. PATEL','Pharmacology','Associate Professor','2017-04-01','2017-03-31','Pay Bill','',44820,9000,0,0,13455,0,84094,240,13455,300,100,1600,0,0,0,0,0,0,0,32000,0,200,120,280,30000,0,0,0,0,0,0,0,0,'111110005316','Dena Bank','MED/GUJ/37929','','AMGPP2262H','','','37400-67000','12000-16500'),(28,12170301,44,'CHINTAN GAMIT','Community Medicine','Tutor','2017-03-01','2017-03-31','Pay Bill','',61500,0,0,0,5210,0,0,240,0,300,100,0,0,0,0,0,0,0,0,3800,300,200,0,0,0,0,0,0,0,0,0,0,0,'111110025411','Dena Bank','NOT ALLOTED','','AKZPG1184E','C-9 SHRIRAM BL.','','9300-34800','8000-13500'),(28,12170401,44,'CHINTAN GAMIT','Community Medicine','Tutor','2017-04-01','2017-03-31','Pay Bill','',61500,0,0,0,5210,0,0,240,0,300,100,0,0,0,0,0,0,0,0,3800,300,200,0,0,0,0,0,0,0,0,0,0,0,'111110025411','Dena Bank','NOT ALLOTED','','AKZPG1184E','C-9 SHRIRAM BL.','','9300-34800','8000-13500'),(29,12170301,9,'CHINTAN R. BHATT','Anatomy','Assistant Professor','2017-03-01','2017-03-31','Pay Bill','',22700,7000,0,0,7425,0,46406,240,7425,300,100,1600,0,0,0,0,0,0,0,6100,0,200,120,280,6683,0,0,0,0,0,0,0,0,'111110023758','Dena Bank','2009140746600013','','ALYPB2886L','','','15600-39100','10000-15200'),(29,12170401,9,'CHINTAN R. BHATT','Anatomy','Assistant Professor','2017-04-01','2017-03-31','Pay Bill','',22700,7000,0,0,7425,0,46406,240,7425,300,100,1600,0,0,0,0,0,0,0,6100,0,200,120,280,6683,0,0,0,0,0,0,0,0,'111110023758','Dena Bank','2009140746600013','','ALYPB2886L','','','15600-39100','10000-15200'),(30,12170301,11,'D. D. UMRIGAR','Skin and VD','Professor','2017-03-01','2017-03-31','Pay Bill','',58000,10000,0,0,17000,0,106250,240,17000,300,100,1600,0,0,0,0,0,0,8420,45000,0,200,120,280,15000,0,0,0,0,0,0,0,0,'111110003765','Dena Bank','MED/GUJ/26496','','AADPU1437E','','','37400-67000','16400-22400'),(30,12170401,11,'D. D. UMRIGAR','Skin and VD','Professor','2017-04-01','2017-03-31','Pay Bill','',58000,10000,0,0,17000,0,106250,240,17000,300,100,1600,0,0,0,0,0,0,8420,45000,0,200,120,280,15000,0,0,0,0,0,0,0,0,'111110003765','Dena Bank','MED/GUJ/26496','','AADPU1437E','','','37400-67000','16400-22400'),(31,12170301,11,'D. S. PATIL','Anatomy','Associate Professor','2017-03-01','2017-03-31','Pay Bill','',44820,9000,0,0,13455,0,84094,240,0,300,100,0,0,0,0,0,0,0,0,25000,0,200,120,280,9000,0,0,0,0,0,0,0,0,'111110005383','Dena Bank','MED/GUJ/37511','','AJFPP5376G','','','37400-67000','12000-16500'),(31,12170401,11,'D. S. PATIL','Anatomy','Associate Professor','2017-04-01','2017-03-31','Pay Bill','',44820,9000,0,0,13455,0,84094,240,0,300,100,0,0,0,0,0,0,0,0,25000,0,200,120,280,9000,0,0,0,0,0,0,0,0,'111110005383','Dena Bank','MED/GUJ/37511','','AJFPP5376G','','','37400-67000','12000-16500'),(32,12170301,4,'D.M. PARMAR','Physiology','Professor','2017-03-01','2017-03-31','Pay Bill','',56440,10000,0,0,16610,0,103813,240,0,300,100,0,0,0,0,0,500,0,0,35000,0,200,120,280,15000,0,0,0,0,0,0,0,0,'111110002284','Dena Bank','MED/GUJ/26656','','ACKPP5771H','E-2,BANGLOW','','37400-67000','16400-22400'),(32,12170401,4,'D.M. PARMAR','Physiology','Professor','2017-04-01','2017-03-31','Pay Bill','',56440,10000,0,0,16610,0,103813,240,0,300,100,0,0,0,0,0,500,0,0,35000,0,200,120,280,15000,0,0,0,0,0,0,0,0,'111110002284','Dena Bank','MED/GUJ/26656','','ACKPP5771H','E-2,BANGLOW','','37400-67000','16400-22400'),(33,12170301,9,'DAXA L. CHAVDA','Radiology','Assistant Professor','2017-03-01','2017-03-31','Pay Bill','',26450,7000,0,0,8363,0,52266,240,8363,300,100,1600,0,0,0,0,0,0,0,12000,0,200,120,280,7526,0,0,0,0,0,0,0,0,'111110026240','Dena Bank','2015140746600018','','AIFPC5690K','','','15600-39100','10000-15200'),(33,12170401,9,'DAXA L. CHAVDA','Radiology','Assistant Professor','2017-04-01','2017-03-31','Pay Bill','',26450,7000,0,0,8363,0,52266,240,8363,300,100,1600,0,0,0,0,0,0,0,12000,0,200,120,280,7526,0,0,0,0,0,0,0,0,'111110026240','Dena Bank','2015140746600018','','AIFPC5690K','','','15600-39100','10000-15200'),(34,12170301,44,'DEEPSHIKHA DAVE','Pathology','Tutor','2017-03-01','2017-03-31','Pay Bill','',63300,0,0,0,5368,0,0,240,5368,300,100,1600,0,0,0,0,0,0,0,2400,0,200,0,0,0,0,0,0,0,0,0,0,0,'111110027336','Dena Bank','NOT ALLOTED','','BPZPD1664L','','','9300-34800','8000-13500'),(34,12170401,44,'DEEPSHIKHA DAVE','Pathology','Tutor','2017-04-01','2017-03-31','Pay Bill','',63300,0,0,0,5368,0,0,240,5368,300,100,1600,0,0,0,0,0,0,0,2400,0,200,0,0,0,0,0,0,0,0,0,0,0,'111110027336','Dena Bank','NOT ALLOTED','','BPZPD1664L','','','9300-34800','8000-13500'),(35,12170301,12,'DEVANG M. DESAI','Cardiology','Associate Professor','2017-03-01','2017-03-31','Pay Bill','',5000,0,0,0,0,0,0,0,0,0,0,0,0,0,0,0,0,0,0,0,0,0,0,0,0,0,0,0,0,0,0,0,0,'111110004218','Dena Bank','NOT ALLOTED','','','','','fix 5000','12000-18300'),(35,12170401,12,'DEVANG M. DESAI','Cardiology','Associate Professor','2017-04-01','2017-03-31','Pay Bill','',5000,0,0,0,0,0,0,0,0,0,0,0,0,0,0,0,0,0,0,0,0,0,0,0,0,0,0,0,0,0,0,0,0,'111110004218','Dena Bank','NOT ALLOTED','','','','','fix 5000','12000-18300'),(36,12170301,9,'DEVENDRA R. CHAUDHARI','General surgery','Assistant Professor','2017-03-01','2017-03-31','Pay Bill','',21830,7000,0,0,7208,0,45048,240,7208,300,100,1600,0,0,0,0,0,0,0,8000,0,200,120,280,6487,0,0,0,0,0,0,0,0,'111110026448','Dena Bank','2014140746600014','','ANXPC0497R','','','15600-39100','10000-15200'),(36,12170401,9,'DEVENDRA R. CHAUDHARI','General surgery','Assistant Professor','2017-04-01','2017-03-31','Pay Bill','',21830,7000,0,0,7208,0,45048,240,7208,300,100,1600,0,0,0,0,0,0,0,8000,0,200,120,280,6487,0,0,0,0,0,0,0,0,'111110026448','Dena Bank','2014140746600014','','ANXPC0497R','','','15600-39100','10000-15200'),(37,12170301,9,'DHWANI DESAI','Obstetrics and Gynecology','Associate Professor','2017-03-01','2017-03-31','Pay Bill','',38800,9000,0,0,11950,0,74688,240,11950,300,100,1600,0,0,0,0,0,0,0,25000,0,200,120,280,10755,0,0,0,0,0,0,0,0,'111110004448','Dena Bank','2011140746600011','','AIZPD3970F','','','37400-67000','12000-16500'),(37,12170401,9,'DHWANI DESAI','Obstetrics and Gynecology','Associate Professor','2017-04-01','2017-03-31','Pay Bill','',38800,9000,0,0,11950,0,74688,240,11950,300,100,1600,0,0,0,0,0,0,0,25000,0,200,120,280,10755,0,0,0,0,0,0,0,0,'111110004448','Dena Bank','2011140746600011','','AIZPD3970F','','','37400-67000','12000-16500'),(38,12170301,4,'DIPTI THAKUR','Physiology','Tutor','2017-03-01','2017-03-31','Pay Bill','',19520,5400,0,0,6230,0,38938,240,6230,300,100,1600,0,0,0,0,0,0,0,5000,0,200,0,0,0,0,0,0,0,0,0,0,0,'111110035210','Dena Bank','NOT ALLOTED','','AEBPT3553J','','','9300-34800','8000-13500'),(38,12170401,4,'DIPTI THAKUR','Physiology','Tutor','2017-04-01','2017-03-31','Pay Bill','',19520,5400,0,0,6230,0,38938,240,6230,300,100,1600,0,0,0,0,0,0,0,5000,0,200,0,0,0,0,0,0,0,0,0,0,0,'111110035210','Dena Bank','NOT ALLOTED','','AEBPT3553J','','','9300-34800','8000-13500'),(39,12170301,11,'EKTA PATEL','Obstetrics and Gynecology(MCHO)','Assistant Professor','2017-03-01','2017-03-31','Pay Bill','',20170,7000,0,0,6793,0,42454,240,6793,300,100,1600,0,0,0,0,0,0,0,7200,0,200,0,0,0,0,0,0,0,0,0,0,0,'111110029836','Dena Bank','NOT ALLOTED','','BCCPP2545L','','','15600-39100','10000-15200'),(39,12170401,11,'EKTA PATEL','Obstetrics and Gynecology(MCHO)','Assistant Professor','2017-04-01','2017-03-31','Pay Bill','',20170,7000,0,0,6793,0,42454,240,6793,300,100,1600,0,0,0,0,0,0,0,7200,0,200,0,0,0,0,0,0,0,0,0,0,0,'111110029836','Dena Bank','NOT ALLOTED','','BCCPP2545L','','','15600-39100','10000-15200'),(40,12170301,4,'GANESH GOVEKAR','Forensic Medicine','Professor','2017-03-01','2017-03-31','Pay Bill','',58000,10000,0,0,17000,0,106250,240,0,300,100,0,0,0,0,0,0,0,6550,42000,0,200,120,280,9000,0,0,0,0,0,0,0,0,'111110023976','Dena Bank','MED/GUJ/35072','','AEQPG6786D','E-2/11,BUNGLOW','','37400-67000','16400-22400'),(40,12170401,4,'GANESH GOVEKAR','Forensic Medicine','Professor','2017-04-01','2017-03-31','Pay Bill','',58000,10000,0,0,17000,0,106250,240,0,300,100,0,0,0,0,0,0,0,6550,42000,0,200,120,280,9000,0,0,0,0,0,0,0,0,'111110023976','Dena Bank','MED/GUJ/35072','','AEQPG6786D','E-2/11,BUNGLOW','','37400-67000','16400-22400'),(41,12170301,11,'GEETA VAGHELA','Microbiology','Associate Professor','2017-03-01','2017-03-31','Pay Bill','',44820,9000,0,0,13455,0,84094,240,13455,300,100,1600,0,0,0,0,0,0,0,25500,0,200,120,280,10000,0,0,0,0,0,0,0,0,'111110002366','Dena Bank','MED/GUJ/26635','','AAZPV4833D','','','37400-67000','12000-16500'),(41,12170401,11,'GEETA VAGHELA','Microbiology','Associate Professor','2017-04-01','2017-03-31','Pay Bill','',44820,9000,0,0,13455,0,84094,240,13455,300,100,1600,0,0,0,0,0,0,0,25500,0,200,120,280,10000,0,0,0,0,0,0,0,0,'111110002366','Dena Bank','MED/GUJ/26635','','AAZPV4833D','','','37400-67000','12000-16500'),(42,12170301,11,'GUNVANT VAISHNAV','Obstetrics and Gynacology','Associate Professor','2017-03-01','2017-03-31','Pay Bill','',48060,9000,0,0,14265,0,89156,240,14265,300,100,1600,0,0,0,0,0,0,0,30000,0,200,120,280,10000,0,0,0,0,0,0,0,0,'','Dena Bank','PH/GUJ/36333','','ACDPV9300P','','','37400-67000','12000-16500'),(42,12170401,11,'GUNVANT VAISHNAV','Obstetrics and Gynacology','Associate Professor','2017-04-01','2017-03-31','Pay Bill','',48060,9000,0,0,14265,0,89156,240,14265,300,100,1600,0,0,0,0,0,0,0,30000,0,200,120,280,10000,0,0,0,0,0,0,0,0,'','Dena Bank','PH/GUJ/36333','','ACDPV9300P','','','37400-67000','12000-16500'),(43,12170301,9,'HARDIK ASTIK','General surgery','Assistant Professor','2017-03-01','2017-03-31','Pay Bill','',26450,7000,0,0,8363,0,52266,240,0,300,100,0,0,0,0,0,0,0,0,10000,400,200,120,280,7526,0,0,0,0,0,0,0,0,'111110024107','Dena Bank','2009140746600001','','AHPPA7817B','B-9,A.P.QUART','','15600-39100','10000-15200'),(43,12170401,9,'HARDIK ASTIK','General surgery','Assistant Professor','2017-04-01','2017-03-31','Pay Bill','',26450,7000,0,0,8363,0,52266,240,0,300,100,0,0,0,0,0,0,0,0,10000,400,200,120,280,7526,0,0,0,0,0,0,0,0,'111110024107','Dena Bank','2009140746600001','','AHPPA7817B','B-9,A.P.QUART','','15600-39100','10000-15200'),(44,12170301,4,'HARI J. MENON','Orthopedics','Professor','2017-03-01','2017-03-31','Pay Bill','',44850,10000,0,0,13713,0,85704,240,0,300,100,0,0,0,0,0,0,0,0,23000,600,200,120,280,0,0,0,0,0,0,0,0,0,'111110025108','Dena Bank','NOT ALLOTED','','AHKPM1071A','E-20,ASSO.PROF.','','37400-67000','16400-22400'),(44,12170401,4,'HARI J. MENON','Orthopedics','Professor','2017-04-01','2017-03-31','Pay Bill','',44850,10000,0,0,13713,0,85704,240,0,300,100,0,0,0,0,0,0,0,0,23000,600,200,120,280,0,0,0,0,0,0,0,0,0,'111110025108','Dena Bank','NOT ALLOTED','','AHKPM1071A','E-20,ASSO.PROF.','','37400-67000','16400-22400'),(45,12170301,4,'HARSHAD M. PATEL','Community Medicine','Associate Professor','2017-03-01','2017-03-31','Pay Bill','',46440,9000,0,0,13860,0,86625,240,13860,300,100,1600,0,0,0,0,0,0,0,28000,0,200,120,280,7000,0,0,0,0,0,0,0,0,'111110002403','Dena Bank','MED/GUJ/40421','','AKTPP7082N','PROFQU.BHAVNAGA','','37400-67000','12000-16500'),(45,12170401,4,'HARSHAD M. PATEL','Community Medicine','Associate Professor','2017-04-01','2017-03-31','Pay Bill','',46440,9000,0,0,13860,0,86625,240,13860,300,100,1600,0,0,0,0,0,0,0,28000,0,200,120,280,7000,0,0,0,0,0,0,0,0,'111110002403','Dena Bank','MED/GUJ/40421','','AKTPP7082N','PROFQU.BHAVNAGA','','37400-67000','12000-16500'),(46,12170301,4,'HETAL THAKAR','Physiology','Assistant Professor','2017-03-01','2017-03-31','Pay Bill','',31220,7000,0,0,9555,0,59719,240,9555,300,100,1600,0,0,0,0,0,0,0,15000,0,200,120,280,40000,0,0,0,0,0,0,0,0,'111110002952','Dena Bank','MED/GUJ/37915','','ABAPT4444Q','','','15600-39100','10000-15200'),(46,12170401,4,'HETAL THAKAR','Physiology','Assistant Professor','2017-04-01','2017-03-31','Pay Bill','',31220,7000,0,0,9555,0,59719,240,9555,300,100,1600,0,0,0,0,0,0,0,15000,0,200,120,280,40000,0,0,0,0,0,0,0,0,'111110002952','Dena Bank','MED/GUJ/37915','','ABAPT4444Q','','','15600-39100','10000-15200'),(47,12170301,44,'HINA G. CHAUDHARI','Physiology','Tutor','2017-03-01','2017-03-31','Pay Bill','',59700,0,0,0,5058,0,0,240,5058,300,100,1600,0,0,0,0,0,0,0,3500,300,200,0,0,0,0,0,0,0,0,0,0,0,'111110032044','Dena Bank','NOT ALLOTED','','ANNPC3618C','C4 CHANRALOK BL','','9300-34800','8000-13500'),(47,12170401,44,'HINA G. CHAUDHARI','Physiology','Tutor','2017-04-01','2017-03-31','Pay Bill','',59700,0,0,0,5058,0,0,240,5058,300,100,1600,0,0,0,0,0,0,0,3500,300,200,0,0,0,0,0,0,0,0,0,0,0,'111110032044','Dena Bank','NOT ALLOTED','','ANNPC3618C','C4 CHANRALOK BL','','9300-34800','8000-13500'),(48,12170301,44,'HITESH BHABHOR','Community Medicine','Tutor','2017-03-01','2017-03-31','Pay Bill','',59700,0,0,0,5058,0,0,240,5058,300,100,1600,0,0,0,0,0,0,0,4300,0,200,0,0,0,0,0,0,0,0,0,0,0,'111110031854','Dena Bank','NOT ALLOTED','','ANSPB5279R','','','9300-34800','8000-13500'),(48,12170401,44,'HITESH BHABHOR','Community Medicine','Tutor','2017-04-01','2017-03-31','Pay Bill','',59700,0,0,0,5058,0,0,240,5058,300,100,1600,0,0,0,0,0,0,0,4300,0,200,0,0,0,0,0,0,0,0,0,0,0,'111110031854','Dena Bank','NOT ALLOTED','','ANSPB5279R','','','9300-34800','8000-13500'),(49,12170301,44,'HITESHREE PATEL','Community Medicine','Tutor','2017-03-01','2017-03-31','Pay Bill','',65200,0,0,0,5530,0,0,240,5530,300,100,1600,0,0,0,0,0,0,0,6000,0,200,120,280,0,0,0,0,0,0,0,0,0,'111110025114','Dena Bank','STOP PAYMENT','','BKZPP3296F','','','9300-34800','8000-13500'),(49,12170401,44,'HITESHREE PATEL','Community Medicine','Tutor','2017-04-01','2017-03-31','Pay Bill','',65200,0,0,0,5530,0,0,240,5530,300,100,1600,0,0,0,0,0,0,0,6000,0,200,120,280,0,0,0,0,0,0,0,0,0,'111110025114','Dena Bank','STOP PAYMENT','','BKZPP3296F','','','9300-34800','8000-13500'),(50,12170301,11,'ILA B. UPADHYA','ENT','Associate Professor','2017-03-01','2017-03-31','Pay Bill','',53420,9000,0,0,15605,0,97531,240,15605,300,100,1600,0,0,0,0,0,0,0,40000,0,200,120,280,30000,0,0,0,0,0,0,0,0,'111110003246','Dena Bank','MED/GUJ/36871','','ACYPA9672Q','','','37400-67000','12000-16500'),(50,12170401,11,'ILA B. UPADHYA','ENT','Associate Professor','2017-04-01','2017-03-31','Pay Bill','',53420,9000,0,0,15605,0,97531,240,15605,300,100,1600,0,0,0,0,0,0,0,40000,0,200,120,280,30000,0,0,0,0,0,0,0,0,'111110003246','Dena Bank','MED/GUJ/36871','','ACYPA9672Q','','','37400-67000','12000-16500'),(51,12170301,2,'ISHA K. PATEL','Opthalmology','Assistant Professor','2017-03-01','2017-03-31','Pay Bill','',19370,7000,0,0,6593,0,41204,240,6593,300,100,1600,0,0,0,0,0,0,0,8000,0,200,0,0,0,0,0,0,0,0,0,0,0,'111110025668','Dena Bank','NOT ALLOTED','','BNDPP8005R','','','15600-39100','10000-15200'),(51,12170401,2,'ISHA K. PATEL','Opthalmology','Assistant Professor','2017-04-01','2017-03-31','Pay Bill','',19370,7000,0,0,6593,0,41204,240,6593,300,100,1600,0,0,0,0,0,0,0,8000,0,200,0,0,0,0,0,0,0,0,0,0,0,'111110025668','Dena Bank','NOT ALLOTED','','BNDPP8005R','','','15600-39100','10000-15200'),(52,12170301,1,'J. M. BRAHMBHATT','Burns and Plastic Surgery','Dean','2017-03-01','2017-03-31','Pay Bill','',58000,10000,0,0,17000,0,106250,240,0,0,100,0,0,0,0,0,3000,0,440,37000,0,200,120,280,15000,0,0,0,0,0,0,0,0,'111110002877','Dena Bank','MED/GUJ/36722','','ACFPB0234J','','','37400-67000','18400-22400'),(52,12170401,1,'J. M. BRAHMBHATT','Burns and Plastic Surgery','Dean','2017-04-01','2017-04-30','Pay Bill','April - 2017',58000,10000,0,0,17000,0,106250,240,0,0,100,0,0,0,0,0,3000,0,440,37000,0,200,120,280,15000,0,0,0,0,0,0,0,0,'111110002877','Dena Bank','MED/GUJ/36722','','ACFPB0234J','','','37400-67000','18400-22400'),(53,12170301,4,'J.K. KOSAMBIYA','Community Medicine','Associate Professor','2017-03-01','2017-03-31','Pay Bill','',57210,9000,0,0,16553,0,103454,240,0,300,100,0,0,0,0,0,0,0,0,40000,600,200,120,280,15000,0,0,0,0,0,0,0,0,'111110001248','Dena Bank','MED/GUJ/23914','','ACWPK2481R','A-4, PROF.QURT','','37400-67000','12000-16500'),(53,12170401,4,'J.K. KOSAMBIYA','Community Medicine','Associate Professor','2017-04-01','2017-03-31','Pay Bill','',57210,9000,0,0,16553,0,103454,240,0,300,100,0,0,0,0,0,0,0,0,40000,600,200,120,280,15000,0,0,0,0,0,0,0,0,'111110001248','Dena Bank','MED/GUJ/23914','','ACWPK2481R','A-4, PROF.QURT','','37400-67000','12000-16500'),(54,12170301,11,'JAGRUTI K. ANAVADIA','Obstetrics and Gynacology(NTMO)','Assistant Professor','2017-03-01','2017-03-31','Pay Bill','',20990,7000,0,0,6998,0,43735,240,6998,300,100,1600,0,0,0,0,0,0,0,8000,0,200,0,0,0,0,0,0,0,0,0,0,0,'111110027632','Dena Bank','NOT ALLOTED','','ANCPA5429N','','','15600-39100','10000-15200'),(54,12170401,11,'JAGRUTI K. ANAVADIA','Obstetrics and Gynacology(NTMO)','Assistant Professor','2017-04-01','2017-03-31','Pay Bill','',20990,7000,0,0,6998,0,43735,240,6998,300,100,1600,0,0,0,0,0,0,0,8000,0,200,0,0,0,0,0,0,0,0,0,0,0,'111110027632','Dena Bank','NOT ALLOTED','','ANCPA5429N','','','15600-39100','10000-15200'),(55,12170301,44,'JATIN CHHAYA','Community Medicine','Tutor','2017-03-01','2017-03-31','Pay Bill','',59700,0,0,0,5058,0,0,240,5058,300,100,1600,0,0,0,0,0,0,0,4300,0,200,0,0,0,0,0,0,0,0,0,0,0,'111110031928','Dena Bank','NOT ALLOTED','','ATQPC4004M','','','9300-34800','8000-13500'),(55,12170401,44,'JATIN CHHAYA','Community Medicine','Tutor','2017-04-01','2017-03-31','Pay Bill','',59700,0,0,0,5058,0,0,240,5058,300,100,1600,0,0,0,0,0,0,0,4300,0,200,0,0,0,0,0,0,0,0,0,0,0,'111110031928','Dena Bank','NOT ALLOTED','','ATQPC4004M','','','9300-34800','8000-13500'),(56,12170301,44,'JAYANT R. PATEL','Community Medicine','Tutor','2017-03-01','2017-03-31','Pay Bill','',71300,0,0,0,6048,0,0,240,6048,300,100,1600,0,0,0,0,0,0,0,8300,0,200,0,0,0,0,0,0,0,0,0,0,0,'111110024309','Dena Bank','NOT ALLOTED','','BBUPP6595D','C/12 SHRIRAM BL','','9300-34800','8000-13500'),(56,12170401,44,'JAYANT R. PATEL','Community Medicine','Tutor','2017-04-01','2017-03-31','Pay Bill','',71300,0,0,0,6048,0,0,240,6048,300,100,1600,0,0,0,0,0,0,0,8300,0,200,0,0,0,0,0,0,0,0,0,0,0,'111110024309','Dena Bank','NOT ALLOTED','','BBUPP6595D','C/12 SHRIRAM BL','','9300-34800','8000-13500'),(57,12170301,11,'JAYESH C. VASAVA','Anesthesiology','Professor','2017-03-01','2017-03-31','Pay Bill','',48140,10000,0,0,14535,0,90844,240,14535,300,100,1600,0,0,0,0,0,0,0,34000,0,200,120,280,9000,0,0,0,0,0,0,0,0,'','Dena Bank','MED/GUJ/31216','','AAUPV7731M','','','37400-67000','16400-22400'),(57,12170401,11,'JAYESH C. VASAVA','Anesthesiology','Professor','2017-04-01','2017-03-31','Pay Bill','',48140,10000,0,0,14535,0,90844,240,14535,300,100,1600,0,0,0,0,0,0,0,34000,0,200,120,280,9000,0,0,0,0,0,0,0,0,'','Dena Bank','MED/GUJ/31216','','AAUPV7731M','','','37400-67000','16400-22400'),(58,12170301,4,'JAYMIN CONTRACTOR','ENT','Professor','2017-03-01','2017-03-31','Pay Bill','',58000,10000,0,0,17000,0,106250,240,17000,300,100,1600,0,0,0,0,500,0,4730,46000,0,200,120,280,10000,0,0,0,0,0,0,0,0,'111110004017','Dena Bank','MED/GUJ/37997','','AAZPC7924L','','','37400-67000','16400-22400'),(58,12170401,4,'JAYMIN CONTRACTOR','ENT','Professor','2017-04-01','2017-03-31','Pay Bill','',58000,10000,0,0,17000,0,106250,240,17000,300,100,1600,0,0,0,0,500,0,4730,46000,0,200,120,280,10000,0,0,0,0,0,0,0,0,'111110004017','Dena Bank','MED/GUJ/37997','','AAZPC7924L','','','37400-67000','16400-22400'),(59,12170301,11,'JAYSHREE PATEL','Pharmacology','Assistant Professor','2017-03-01','2017-03-31','Pay Bill','',20990,7000,0,0,6998,0,43735,240,0,300,100,0,0,0,0,0,0,0,0,8000,400,200,0,0,0,0,0,0,0,0,0,0,0,'111110029200','Dena Bank','NOT ALLOTED','','BKLPP7180E','B-15,A.P.QURT.','','15600-39100','10000-15200'),(59,12170401,11,'JAYSHREE PATEL','Pharmacology','Assistant Professor','2017-04-01','2017-03-31','Pay Bill','',20990,7000,0,0,6998,0,43735,240,0,300,100,0,0,0,0,0,0,0,0,8000,400,200,0,0,0,0,0,0,0,0,0,0,0,'111110029200','Dena Bank','NOT ALLOTED','','BKLPP7180E','B-15,A.P.QURT.','','15600-39100','10000-15200'),(60,12170301,9,'JAYSHREE K. PATEL','Anatomy','Assistant Professor','2017-03-01','2017-03-31','Pay Bill','',20990,7000,0,0,6998,0,43735,240,6998,300,100,1600,0,0,0,0,0,0,0,5000,0,200,120,280,6298,0,0,0,0,0,0,0,0,'111110006257','Dena Bank','2010140746600032','','ANXPP1670R','','','15600-39100','10000-15200'),(60,12170401,9,'JAYSHREE K. PATEL','Anatomy','Assistant Professor','2017-04-01','2017-03-31','Pay Bill','',20990,7000,0,0,6998,0,43735,240,6998,300,100,1600,0,0,0,0,0,0,0,5000,0,200,120,280,6298,0,0,0,0,0,0,0,0,'111110006257','Dena Bank','2010140746600032','','ANXPP1670R','','','15600-39100','10000-15200'),(61,12170301,11,'JIGISHA PATADIA','Paediatrics','Associate Professor','2017-03-01','2017-03-31','Pay Bill','',48110,9000,0,0,14278,0,89235,240,14278,300,100,1600,0,0,0,0,0,0,0,30000,0,200,120,280,20000,0,0,0,0,0,0,0,0,'111110004744','Dena Bank','MED/GUJ/40573','','AGVPP1123C','','','37400-67000','12000-16500'),(61,12170401,11,'JIGISHA PATADIA','Paediatrics','Associate Professor','2017-04-01','2017-03-31','Pay Bill','',48110,9000,0,0,14278,0,89235,240,14278,300,100,1600,0,0,0,0,0,0,0,30000,0,200,120,280,20000,0,0,0,0,0,0,0,0,'111110004744','Dena Bank','MED/GUJ/40573','','AGVPP1123C','','','37400-67000','12000-16500'),(62,12170301,4,'JIGNESH PATEL','General surgery','Assistant Professor','2017-03-01','2017-03-31','Pay Bill','',22700,7000,0,0,7425,0,46406,240,7425,300,100,1600,0,0,0,0,0,0,0,4000,0,200,120,280,0,0,0,0,0,0,0,0,0,'111110026088','Dena Bank','NOT ALLOTED','','BCQPP5365J','','','15600-39100','10000-15200'),(62,12170401,4,'JIGNESH PATEL','General surgery','Assistant Professor','2017-04-01','2017-03-31','Pay Bill','',22700,7000,0,0,7425,0,46406,240,7425,300,100,1600,0,0,0,0,0,0,0,4000,0,200,120,280,0,0,0,0,0,0,0,0,0,'111110026088','Dena Bank','NOT ALLOTED','','BCQPP5365J','','','15600-39100','10000-15200'),(63,12170301,9,'JIGNESH B. SHAH','General surgery','Associate Professor','2017-03-01','2017-03-31','Pay Bill','',48110,9000,0,0,14278,0,89235,240,14278,300,100,1600,0,0,0,0,0,0,0,29000,0,200,120,280,12850,0,0,0,0,0,0,0,0,'111110004196','Dena Bank','2010140746600034','','ASMPS2900B','E-10 PROF. QUAR','','37400-67000','12000-16500'),(63,12170401,9,'JIGNESH B. SHAH','General surgery','Associate Professor','2017-04-01','2017-03-31','Pay Bill','',48110,9000,0,0,14278,0,89235,240,14278,300,100,1600,0,0,0,0,0,0,0,29000,0,200,120,280,12850,0,0,0,0,0,0,0,0,'111110004196','Dena Bank','2010140746600034','','ASMPS2900B','E-10 PROF. QUAR','','37400-67000','12000-16500'),(64,12170301,11,'JIGNESH B. PATEL','Forensic Medicine','Assistant Professor','2017-03-01','2017-03-31','Pay Bill','',20170,7000,0,0,6793,0,42454,240,0,300,100,0,0,0,0,0,0,0,0,6800,400,200,120,280,0,0,0,0,0,0,0,0,0,'111110029196','Dena Bank','NOT ALLOTED','','AXTPP3330J','B-18,A.P.QURT.','','15600-39100','10000-15200'),(64,12170401,11,'JIGNESH B. PATEL','Forensic Medicine','Assistant Professor','2017-04-01','2017-03-31','Pay Bill','',20170,7000,0,0,6793,0,42454,240,0,300,100,0,0,0,0,0,0,0,0,6800,400,200,120,280,0,0,0,0,0,0,0,0,0,'111110029196','Dena Bank','NOT ALLOTED','','AXTPP3330J','B-18,A.P.QURT.','','15600-39100','10000-15200'),(65,12170301,12,'JIGNESH J. PATEL','Orthopedics','Assistant Professor','2017-03-01','2017-03-31','Pay Bill','',17000,0,0,0,0,0,0,0,0,0,0,0,0,0,0,0,0,0,0,0,0,200,0,0,0,0,0,0,0,0,0,0,0,'111110002130','Dena Bank','NOT ALLOTED','','AGKPP9222D','','','fix 17000','10000-15200'),(65,12170401,12,'JIGNESH J. PATEL','Orthopedics','Assistant Professor','2017-04-01','2017-03-31','Pay Bill','',17000,0,0,0,0,0,0,0,0,0,0,0,0,0,0,0,0,0,0,0,0,200,0,0,0,0,0,0,0,0,0,0,0,'111110002130','Dena Bank','NOT ALLOTED','','AGKPP9222D','','','fix 17000','10000-15200'),(66,12170301,9,'JITENDRA N. PATEL','IHBT','Assistant Professor','2017-03-01','2017-03-31','Pay Bill','',18600,7000,0,0,6400,0,40000,240,6400,300,100,1600,0,0,0,0,0,0,0,7000,0,200,120,280,5760,0,0,0,0,0,0,0,0,'111110004417','Dena Bank','2015140746600038','','ATWPP9005D','','','15600-39100','10000-15200'),(66,12170401,9,'JITENDRA N. PATEL','IHBT','Assistant Professor','2017-04-01','2017-03-31','Pay Bill','',18600,7000,0,0,6400,0,40000,240,6400,300,100,1600,0,0,0,0,0,0,0,7000,0,200,120,280,5760,0,0,0,0,0,0,0,0,'111110004417','Dena Bank','2015140746600038','','ATWPP9005D','','','15600-39100','10000-15200'),(67,12170301,44,'KALPAN R. DESAI','Physiology','Tutor','2017-03-01','2017-03-31','Pay Bill','',53100,0,0,0,4910,0,0,240,4910,0,100,1600,0,0,0,0,0,0,0,3000,0,200,120,280,0,0,0,0,0,0,0,0,0,'111110034477','Dena Bank','NOT ALLOTED','','CMIPD7607L','','','9300-34800','8000-13500'),(67,12170401,44,'KALPAN R. DESAI','Physiology','Tutor','2017-04-01','2017-03-31','Pay Bill','',53100,0,0,0,4910,0,0,240,4910,0,100,1600,0,0,0,0,0,0,0,3000,0,200,120,280,0,0,0,0,0,0,0,0,0,'111110034477','Dena Bank','NOT ALLOTED','','CMIPD7607L','','','9300-34800','8000-13500'),(68,12170301,4,'KAMLESH DAVE','Psychiatry','Associate Professor','2017-03-01','2017-03-31','Pay Bill','',51600,9000,0,0,15150,0,94688,240,0,300,100,0,0,0,0,0,0,0,0,27500,0,200,120,280,10000,0,0,0,0,0,0,0,0,'111110003195','Dena Bank','MED/GUJ/40181','','AEDPD6249K','','','37400-67000','12000-16500'),(68,12170401,4,'KAMLESH DAVE','Psychiatry','Associate Professor','2017-04-01','2017-03-31','Pay Bill','',51600,9000,0,0,15150,0,94688,240,0,300,100,0,0,0,0,0,0,0,0,27500,0,200,120,280,10000,0,0,0,0,0,0,0,0,'111110003195','Dena Bank','MED/GUJ/40181','','AEDPD6249K','','','37400-67000','12000-16500'),(69,12170301,99,'KANCHAN V. KSHIRSAGAR','Radiology','Tutor','2017-03-01','2017-03-31','Pay Bill','',0,0,0,0,0,0,0,0,0,0,0,0,0,0,0,0,0,0,0,0,0,0,0,0,0,0,0,0,0,0,0,0,0,'111110025430','Dena Bank','2015140746600044','','AZMPK3845N','D-1/4 AP QUART','','9300-34800','8000-13500'),(69,12170401,99,'KANCHAN V. KSHIRSAGAR','Radiology','Tutor','2017-04-01','2017-03-31','Pay Bill','',0,0,0,0,0,0,0,0,0,0,0,0,0,0,0,0,0,0,0,0,0,0,0,0,0,0,0,0,0,0,0,0,0,'111110025430','Dena Bank','2015140746600044','','AZMPK3845N','D-1/4 AP QUART','','9300-34800','8000-13500'),(70,12170301,11,'KEDAR A. TRIVEDI','Obstetrics and Gynacology(NTMO)','Assistant Professor','2017-03-01','2017-03-31','Pay Bill','',19370,7000,0,0,6593,0,41204,240,6593,300,100,1600,0,0,0,0,0,0,0,6600,0,200,0,0,0,0,0,0,0,0,0,0,0,'111110027625','Dena Bank','NOT ALLOTED','','ANGPT9540F','','','15600-39100','10000-15200'),(70,12170401,11,'KEDAR A. TRIVEDI','Obstetrics and Gynacology(NTMO)','Assistant Professor','2017-04-01','2017-03-31','Pay Bill','',19370,7000,0,0,6593,0,41204,240,6593,300,100,1600,0,0,0,0,0,0,0,6600,0,200,0,0,0,0,0,0,0,0,0,0,0,'111110027625','Dena Bank','NOT ALLOTED','','ANGPT9540F','','','15600-39100','10000-15200'),(71,12170301,99,'KETAN B. CHAUHAN','Anatomy','Tutor','2017-03-01','2017-03-31','Pay Bill','',69200,0,0,0,5870,0,0,240,5870,300,100,1600,0,0,0,0,0,0,0,4100,0,200,120,280,6920,0,0,0,0,0,0,0,0,'111110004915','Dena Bank','2016140746600016','','AGVPC5904E','','','9600-34800','8000-13500'),(71,12170401,99,'KETAN B. CHAUHAN','Anatomy','Tutor','2017-04-01','2017-03-31','Pay Bill','',69200,0,0,0,5870,0,0,240,5870,300,100,1600,0,0,0,0,0,0,0,4100,0,200,120,280,6920,0,0,0,0,0,0,0,0,'111110004915','Dena Bank','2016140746600016','','AGVPC5904E','','','9600-34800','8000-13500'),(72,12170301,44,'KHUSHBU C. PATEL','Physiology','Tutor','2017-03-01','2017-03-31','Pay Bill','',61500,0,0,0,5210,0,0,240,5210,300,100,1600,0,0,0,0,0,0,0,4000,300,200,0,0,0,0,0,0,0,0,0,0,0,'','Dena Bank','','','BUTPP3620B','C21 PANCHSHEEL','','9300-34800',''),(72,12170401,44,'KHUSHBU C. PATEL','Physiology','Tutor','2017-04-01','2017-03-31','Pay Bill','',61500,0,0,0,5210,0,0,240,5210,300,100,1600,0,0,0,0,0,0,0,4000,300,200,0,0,0,0,0,0,0,0,0,0,0,'','Dena Bank','','','BUTPP3620B','C21 PANCHSHEEL','','9300-34800',''),(73,12170301,4,'KHYATI D. SHAMALIYA','Respiratory Medicine','Assistant Professor','2017-03-01','2017-03-31','Pay Bill','',20990,7000,0,0,6998,0,43735,240,6998,300,100,1600,0,0,0,0,0,0,0,8500,0,200,0,0,0,0,0,0,0,0,0,0,0,'111110005792','Dena Bank','STOP PAYMENT','','CIHPS5831G','','','15600-39100','10000-15200'),(73,12170401,4,'KHYATI D. SHAMALIYA','Respiratory Medicine','Assistant Professor','2017-04-01','2017-03-31','Pay Bill','',20990,7000,0,0,6998,0,43735,240,6998,300,100,1600,0,0,0,0,0,0,0,8500,0,200,0,0,0,0,0,0,0,0,0,0,0,'111110005792','Dena Bank','STOP PAYMENT','','CIHPS5831G','','','15600-39100','10000-15200'),(74,12170301,9,'KOMAL S. PATEL','Pathology','Assistant Professor','2017-03-01','2017-03-31','Pay Bill','',25470,7000,0,0,8118,0,50735,240,8118,300,100,1600,0,0,0,0,0,0,0,11000,0,200,120,280,7306,0,0,0,0,0,0,0,0,'111110004559','Dena Bank','2009140746600008','','AOQPP0883G','','','15600-39100','10000-15200'),(74,12170401,9,'KOMAL S. PATEL','Pathology','Assistant Professor','2017-04-01','2017-03-31','Pay Bill','',25470,7000,0,0,8118,0,50735,240,8118,300,100,1600,0,0,0,0,0,0,0,11000,0,200,120,280,7306,0,0,0,0,0,0,0,0,'111110004559','Dena Bank','2009140746600008','','AOQPP0883G','','','15600-39100','10000-15200'),(75,12170301,44,'KRUPALI D. PATEL','Anesthesiology','Tutor','2017-03-01','2017-03-31','Pay Bill','',53100,0,0,0,4910,0,0,240,4910,0,100,1600,0,0,0,0,0,0,0,3000,0,200,120,280,0,0,0,0,0,0,0,0,0,'3710013043','Dena Bank','NOT ALLOTED','','BYLPP7657J','','','9300-34800','8000-13500'),(75,12170401,44,'KRUPALI D. PATEL','Anesthesiology','Tutor','2017-04-01','2017-03-31','Pay Bill','',53100,0,0,0,4910,0,0,240,4910,0,100,1600,0,0,0,0,0,0,0,3000,0,200,120,280,0,0,0,0,0,0,0,0,0,'3710013043','Dena Bank','NOT ALLOTED','','BYLPP7657J','','','9300-34800','8000-13500'),(76,12170301,9,'KUNJAN PATEL','Opthalmology','Associate Professor','2017-03-01','2017-03-31','Pay Bill','',46440,9000,0,0,13860,0,86625,240,13860,300,100,1600,0,0,0,0,0,0,0,35000,0,200,120,280,12474,0,0,0,0,0,0,0,0,'111110004537','Dena Bank','2011140746600012','','AIRPP5201D','','','37400-67000','12000-16500'),(76,12170401,9,'KUNJAN PATEL','Opthalmology','Associate Professor','2017-04-01','2017-03-31','Pay Bill','',46440,9000,0,0,13860,0,86625,240,13860,300,100,1600,0,0,0,0,0,0,0,35000,0,200,120,280,12474,0,0,0,0,0,0,0,0,'111110004537','Dena Bank','2011140746600012','','AIRPP5201D','','','37400-67000','12000-16500'),(77,12170301,4,'LATIKA N. PUROHITH','Microbiology','Assistant Professor','2017-03-01','2017-03-31','Pay Bill','',29820,7000,0,0,9205,0,57531,240,9205,300,100,1600,0,0,0,0,0,0,0,11000,0,200,120,280,6000,0,0,0,0,0,0,0,0,'111110003353','Dena Bank','MED/GUJ/26699','','ANPPS3092Q','','','15600-39100','10000-15200'),(77,12170401,4,'LATIKA N. PUROHITH','Microbiology','Assistant Professor','2017-04-01','2017-03-31','Pay Bill','',29820,7000,0,0,9205,0,57531,240,9205,300,100,1600,0,0,0,0,0,0,0,11000,0,200,120,280,6000,0,0,0,0,0,0,0,0,'111110003353','Dena Bank','MED/GUJ/26699','','ANPPS3092Q','','','15600-39100','10000-15200'),(78,12170301,11,'M. H. MOMIN','Community Medicine','Assistant Professor','2017-03-01','2017-03-31','Pay Bill','',26450,7000,0,0,8363,0,52266,240,8363,300,100,1600,0,0,0,0,0,0,0,12000,0,200,120,280,5500,0,0,0,0,0,0,0,0,'111110002746','Dena Bank','MED/GUJ/40529','','ALFPM2323J','','','15600-39100','10000-15200'),(78,12170401,11,'M. H. MOMIN','Community Medicine','Assistant Professor','2017-04-01','2017-03-31','Pay Bill','',26450,7000,0,0,8363,0,52266,240,8363,300,100,1600,0,0,0,0,0,0,0,12000,0,200,120,280,5500,0,0,0,0,0,0,0,0,'111110002746','Dena Bank','MED/GUJ/40529','','ALFPM2323J','','','15600-39100','10000-15200'),(79,12170301,4,'M. K. VADEL','Radiology','Professor','2017-03-01','2017-03-31','Pay Bill','',58000,10000,0,0,17000,0,106250,240,17000,300,100,0,0,0,0,0,0,450,9000,47000,0,200,120,280,35000,0,0,0,0,0,0,0,0,'111110001909','Dena Bank','MED/GUJ/22841','','AAQPV7748G','','','37400-67000','16400-22400'),(79,12170401,4,'M. K. VADEL','Radiology','Professor','2017-04-01','2017-03-31','Pay Bill','',58000,10000,0,0,17000,0,106250,240,17000,300,100,0,0,0,0,0,0,450,9000,47000,0,200,120,280,35000,0,0,0,0,0,0,0,0,'111110001909','Dena Bank','MED/GUJ/22841','','AAQPV7748G','','','37400-67000','16400-22400'),(80,12170301,9,'MAMTA RANI VERMA','Community Medicine','Assistant Professor','2017-03-01','2017-03-31','Pay Bill','',25470,7000,0,0,8118,0,50735,240,0,300,100,0,0,0,0,0,0,0,0,6000,400,200,120,280,7306,0,0,0,0,0,0,0,0,'111110002903','Dena Bank','2010140746600038','','AGUPR0955K','B-13,A.P.QURTS','','15600-39100','10000-15200'),(80,12170401,9,'MAMTA RANI VERMA','Community Medicine','Assistant Professor','2017-04-01','2017-03-31','Pay Bill','',25470,7000,0,0,8118,0,50735,240,0,300,100,0,0,0,0,0,0,0,0,6000,400,200,120,280,7306,0,0,0,0,0,0,0,0,'111110002903','Dena Bank','2010140746600038','','AGUPR0955K','B-13,A.P.QURTS','','15600-39100','10000-15200'),(81,12170301,4,'MANDAKINI PATEL','Pathology','Associate Professor','2017-03-01','2017-03-31','Pay Bill','',58880,9000,0,0,16970,0,106063,240,16970,300,100,1600,0,0,0,0,0,0,0,43800,0,200,120,280,50000,0,0,0,0,0,0,0,0,'111110001925','Dena Bank','MED/GUJ/23847','','ABYPP3766F','','','37400-67000','12000-16500'),(81,12170401,4,'MANDAKINI PATEL','Pathology','Associate Professor','2017-04-01','2017-03-31','Pay Bill','',58880,9000,0,0,16970,0,106063,240,16970,300,100,1600,0,0,0,0,0,0,0,43800,0,200,120,280,50000,0,0,0,0,0,0,0,0,'111110001925','Dena Bank','MED/GUJ/23847','','ABYPP3766F','','','37400-67000','12000-16500'),(82,12170301,11,'MANISH CHAUDHARI','General surgery','Assistant Professor','2017-03-01','2017-03-31','Pay Bill','',22700,7000,0,0,7425,0,46406,240,0,300,100,0,0,0,0,0,0,0,0,7500,600,200,0,0,0,0,0,0,0,0,0,0,0,'111110025669','Dena Bank','NOT ALLOTED','','ALLPC7510P','B-1,A.P.QURT.','','15600-39100','10000-15200'),(82,12170401,11,'MANISH CHAUDHARI','General surgery','Assistant Professor','2017-04-01','2017-03-31','Pay Bill','',22700,7000,0,0,7425,0,46406,240,0,300,100,0,0,0,0,0,0,0,0,7500,600,200,0,0,0,0,0,0,0,0,0,0,0,'111110025669','Dena Bank','NOT ALLOTED','','ALLPC7510P','B-1,A.P.QURT.','','15600-39100','10000-15200'),(83,12170301,11,'MANISH M. PATEL','Orthopedics','Assistant Professor','2017-03-01','2017-03-31','Pay Bill','',24520,7000,0,0,7880,0,49250,240,7880,300,100,1600,0,0,0,0,0,0,0,10000,0,200,120,280,0,0,0,0,0,0,0,0,0,'111110004909','Dena Bank','NOT ALLOTED','','AVMPP5901A','','','15600-39100','10000-15200'),(83,12170401,11,'MANISH M. PATEL','Orthopedics','Assistant Professor','2017-04-01','2017-03-31','Pay Bill','',24520,7000,0,0,7880,0,49250,240,7880,300,100,1600,0,0,0,0,0,0,0,10000,0,200,120,280,0,0,0,0,0,0,0,0,0,'111110004909','Dena Bank','NOT ALLOTED','','AVMPP5901A','','','15600-39100','10000-15200'),(84,12170301,44,'MANOJ HALPATI','Pharmacology','Tutor','2017-03-01','2017-03-31','Pay Bill','',71300,0,0,0,6048,0,0,240,0,300,100,0,0,0,0,0,0,0,0,4200,300,200,0,0,0,0,0,0,0,0,0,0,0,'111110024959','Dena Bank','NOT ALLOTED','','ADLPH1840D','C/11 SHRIRAM BL','','9300-34800','8000-13500'),(84,12170401,44,'MANOJ HALPATI','Pharmacology','Tutor','2017-04-01','2017-03-31','Pay Bill','',71300,0,0,0,6048,0,0,240,0,300,100,0,0,0,0,0,0,0,0,4200,300,200,0,0,0,0,0,0,0,0,0,0,0,'111110024959','Dena Bank','NOT ALLOTED','','ADLPH1840D','C/11 SHRIRAM BL','','9300-34800','8000-13500'),(85,12170301,9,'MAYUR A. JARAG','IHBT','Associate Professor','2017-03-01','2017-03-31','Pay Bill','',43250,9000,0,0,13063,0,81641,240,13063,300,100,1600,0,0,0,0,0,0,0,30000,0,200,120,280,11756,0,0,0,0,0,0,0,0,'111110004760','Dena Bank','2010140746600050','','AFMPJ2053H','','','37400-67000','12000-16500'),(85,12170401,9,'MAYUR A. JARAG','IHBT','Associate Professor','2017-04-01','2017-03-31','Pay Bill','',43250,9000,0,0,13063,0,81641,240,13063,300,100,1600,0,0,0,0,0,0,0,30000,0,200,120,280,11756,0,0,0,0,0,0,0,0,'111110004760','Dena Bank','2010140746600050','','AFMPJ2053H','','','37400-67000','12000-16500'),(86,12170301,9,'MAYUR A. CHAUDHARI','Pharmacology','Assistant Professor','2017-03-01','2017-03-31','Pay Bill','',23600,7000,0,0,7650,0,47813,240,0,300,100,0,0,0,0,0,0,0,0,10000,600,200,120,280,6885,0,0,0,0,0,0,0,0,'111110024444','Dena Bank','2010140746600036','','AJGPC8595D','A-1, PROF. QRT','','15600-39100','10000-15200'),(86,12170401,9,'MAYUR A. CHAUDHARI','Pharmacology','Assistant Professor','2017-04-01','2017-03-31','Pay Bill','',23600,7000,0,0,7650,0,47813,240,0,300,100,0,0,0,0,0,0,0,0,10000,600,200,120,280,6885,0,0,0,0,0,0,0,0,'111110024444','Dena Bank','2010140746600036','','AJGPC8595D','A-1, PROF. QRT','','15600-39100','10000-15200'),(87,12170301,11,'MEHUL MODI','Neurosurgery','Associate Professor','2017-03-01','2017-03-31','Pay Bill','',37400,9000,0,0,11600,0,72500,240,11600,300,100,1600,0,0,0,0,0,0,0,25000,0,200,0,0,0,0,0,0,0,0,0,0,0,'111110029755','Dena Bank','NOT ALLOTED','','AUBPM6646B','','','37400-67000','12000-16500'),(87,12170401,11,'MEHUL MODI','Neurosurgery','Associate Professor','2017-04-01','2017-03-31','Pay Bill','',37400,9000,0,0,11600,0,72500,240,11600,300,100,1600,0,0,0,0,0,0,0,25000,0,200,0,0,0,0,0,0,0,0,0,0,0,'111110029755','Dena Bank','NOT ALLOTED','','AUBPM6646B','','','37400-67000','12000-16500'),(88,12170301,11,'MINAKSHI S. MODI','Anatomy','Associate Professor','2017-03-01','2017-03-31','Pay Bill','',51600,9000,0,0,15150,0,94688,240,15150,300,100,1600,0,0,0,0,0,0,0,38000,0,200,120,280,50000,0,0,0,0,0,0,0,0,'111110003318','Dena Bank','MED/GUJ/36153','','ABLPB2900N','','','37400-67000','12000-16500'),(88,12170401,11,'MINAKSHI S. MODI','Anatomy','Associate Professor','2017-04-01','2017-03-31','Pay Bill','',51600,9000,0,0,15150,0,94688,240,15150,300,100,1600,0,0,0,0,0,0,0,38000,0,200,120,280,50000,0,0,0,0,0,0,0,0,'111110003318','Dena Bank','MED/GUJ/36153','','ABLPB2900N','','','37400-67000','12000-16500'),(89,12170301,11,'MOH.ANAS M. PATNI','Community Medicine','Assistant Professor','2017-03-01','2017-03-31','Pay Bill','',20990,7000,0,0,6998,0,43735,240,6998,300,100,1600,0,0,0,0,0,0,0,8000,0,200,120,280,0,0,0,0,0,0,0,0,0,'111110005803','Dena Bank','NOT ALLOTED','','BGTPP3001J','','','15600-39100','10000-15200'),(89,12170401,11,'MOH.ANAS M. PATNI','Community Medicine','Assistant Professor','2017-04-01','2017-03-31','Pay Bill','',20990,7000,0,0,6998,0,43735,240,6998,300,100,1600,0,0,0,0,0,0,0,8000,0,200,120,280,0,0,0,0,0,0,0,0,0,'111110005803','Dena Bank','NOT ALLOTED','','BGTPP3001J','','','15600-39100','10000-15200'),(90,12170301,11,'MOHUA MOITRA','Community Medicine','Associate Professor','2017-03-01','2017-03-31','Pay Bill','',53420,9000,0,0,15605,0,97531,240,0,300,100,0,0,0,0,0,0,0,0,34000,600,200,120,280,10000,0,0,0,0,0,0,0,0,'111110002542','Dena Bank','MED/GUJ/40352','','ACHPM0849A','A-11,PROF.QURT.','','37400-67000','12000-16500'),(90,12170401,11,'MOHUA MOITRA','Community Medicine','Associate Professor','2017-04-01','2017-03-31','Pay Bill','',53420,9000,0,0,15605,0,97531,240,0,300,100,0,0,0,0,0,0,0,0,34000,600,200,120,280,10000,0,0,0,0,0,0,0,0,'111110002542','Dena Bank','MED/GUJ/40352','','ACHPM0849A','A-11,PROF.QURT.','','37400-67000','12000-16500'),(91,12170301,99,'MUBIN I. PATEL','Pathology','Tutor','2017-03-01','2017-03-31','Pay Bill','',69200,0,0,0,5870,0,0,240,5870,300,100,1600,0,0,0,0,0,0,0,2400,0,200,120,280,6920,0,0,0,0,0,0,0,0,'111110002239','Dena Bank','2015140746600049','','APAPP9575Q','','','9300-34800','8000-13500'),(91,12170401,99,'MUBIN I. PATEL','Pathology','Tutor','2017-04-01','2017-03-31','Pay Bill','',69200,0,0,0,5870,0,0,240,5870,300,100,1600,0,0,0,0,0,0,0,2400,0,200,120,280,6920,0,0,0,0,0,0,0,0,'111110002239','Dena Bank','2015140746600049','','APAPP9575Q','','','9300-34800','8000-13500'),(92,12170301,9,'MUKESH PANCHOLI','General surgery','Associate Professor','2017-03-01','2017-03-31','Pay Bill','',46440,9000,0,0,13860,0,86625,240,13860,300,100,1600,0,0,0,0,0,0,0,30000,0,200,120,280,12474,0,0,0,0,0,0,0,0,'111110024097','Dena Bank','2009140746600002','','AMUPP1637Q','A-14 PROF QUART','','37400-67000','12000-16500'),(92,12170401,9,'MUKESH PANCHOLI','General surgery','Associate Professor','2017-04-01','2017-03-31','Pay Bill','',46440,9000,0,0,13860,0,86625,240,13860,300,100,1600,0,0,0,0,0,0,0,30000,0,200,120,280,12474,0,0,0,0,0,0,0,0,'111110024097','Dena Bank','2009140746600002','','AMUPP1637Q','A-14 PROF QUART','','37400-67000','12000-16500'),(93,12170301,9,'NARESH T. CHAUHAN','Community Medicine','Assistant Professor','2017-03-01','2017-03-31','Pay Bill','',23600,7000,0,0,7650,0,47813,240,7650,300,100,1600,0,0,0,0,0,0,0,7000,0,200,120,280,6885,0,0,0,0,0,0,0,0,'111110026649','Dena Bank','2015140746600050','','AGVPC0533H','','','15600-39100','10000-15200'),(93,12170401,9,'NARESH T. CHAUHAN','Community Medicine','Assistant Professor','2017-04-01','2017-03-31','Pay Bill','',23600,7000,0,0,7650,0,47813,240,7650,300,100,1600,0,0,0,0,0,0,0,7000,0,200,120,280,6885,0,0,0,0,0,0,0,0,'111110026649','Dena Bank','2015140746600050','','AGVPC0533H','','','15600-39100','10000-15200'),(94,12170301,4,'NEELAM N. PARMAR','Anesthesiology','Assistant Professor','2017-03-01','2017-03-31','Pay Bill','',22700,7000,0,0,7425,0,46406,240,7425,300,100,1600,0,0,0,0,0,0,0,10000,0,200,120,280,0,0,0,0,0,0,0,0,0,'111110004581','Dena Bank','STOP   PAYMENT','','AQUPP2584L','','','15600-39100','10000-15200'),(94,12170401,4,'NEELAM N. PARMAR','Anesthesiology','Assistant Professor','2017-04-01','2017-03-31','Pay Bill','',22700,7000,0,0,7425,0,46406,240,7425,300,100,1600,0,0,0,0,0,0,0,10000,0,200,120,280,0,0,0,0,0,0,0,0,0,'111110004581','Dena Bank','STOP   PAYMENT','','AQUPP2584L','','','15600-39100','10000-15200'),(95,12170301,9,'NEETA BACHLAUS','Physiology','Associate Professor','2017-03-01','2017-03-31','Pay Bill','',53420,9000,0,0,15605,0,97531,240,15605,300,100,1600,0,0,0,0,0,0,0,40000,0,200,120,280,14045,0,0,0,0,0,0,0,0,'111110002837','Dena Bank','2010140746600029','','AEFPB8583A','','','37400-67000','12000-18300'),(95,12170401,9,'NEETA BACHLAUS','Physiology','Associate Professor','2017-04-01','2017-03-31','Pay Bill','',53420,9000,0,0,15605,0,97531,240,15605,300,100,1600,0,0,0,0,0,0,0,40000,0,200,120,280,14045,0,0,0,0,0,0,0,0,'111110002837','Dena Bank','2010140746600029','','AEFPB8583A','','','37400-67000','12000-18300'),(96,12170301,11,'NEETA KHANDELWAL','Neurology','Professor','2017-03-01','2017-03-31','Pay Bill','',57320,10000,0,0,16830,0,105188,240,16830,300,100,1600,0,0,0,0,0,0,0,46000,0,200,120,280,35000,0,0,0,0,0,0,0,0,'111110035200','Dena Bank','MED/GUJ/23695','','ABQPK1587P','','','37400-67000','16400-22400'),(96,12170401,11,'NEETA KHANDELWAL','Neurology','Professor','2017-04-01','2017-03-31','Pay Bill','',57320,10000,0,0,16830,0,105188,240,16830,300,100,1600,0,0,0,0,0,0,0,46000,0,200,120,280,35000,0,0,0,0,0,0,0,0,'111110035200','Dena Bank','MED/GUJ/23695','','ABQPK1587P','','','37400-67000','16400-22400'),(97,12170301,99,'NEHA D. PATEL','Pharmacology','Tutor','2017-03-01','2017-03-31','Pay Bill','',69200,0,0,0,5870,0,0,240,5870,0,100,1600,0,0,0,0,0,0,0,3700,0,200,120,280,6920,0,0,0,0,0,0,0,0,'','Dena Bank','2014140746800023','','BBZPP8892C','','','9300-34800','8000-13500'),(97,12170401,99,'NEHA D. PATEL','Pharmacology','Tutor','2017-04-01','2017-03-31','Pay Bill','',69200,0,0,0,5870,0,0,240,5870,0,100,1600,0,0,0,0,0,0,0,3700,0,200,120,280,6920,0,0,0,0,0,0,0,0,'','Dena Bank','2014140746800023','','BBZPP8892C','','','9300-34800','8000-13500'),(98,12170301,4,'NIDHI D. PATEL','Anesthesiology','Assistant Professor','2017-03-01','2017-03-31','Pay Bill','',21830,7000,0,0,7208,0,45048,240,7208,300,100,1600,0,0,0,0,0,0,0,10000,0,200,0,0,0,0,0,0,0,0,0,0,0,'111110005996','Dena Bank','NOT ALLOTED','','AJUPP2892A','B/5 A.P.QURT.','','15600-39100','10000-15200'),(98,12170401,4,'NIDHI D. PATEL','Anesthesiology','Assistant Professor','2017-04-01','2017-03-31','Pay Bill','',21830,7000,0,0,7208,0,45048,240,7208,300,100,1600,0,0,0,0,0,0,0,10000,0,200,0,0,0,0,0,0,0,0,0,0,0,'111110005996','Dena Bank','NOT ALLOTED','','AJUPP2892A','B/5 A.P.QURT.','','15600-39100','10000-15200'),(99,12170301,11,'NILAM PRAJAPATI','Obstetrics and Gynecology','Assistant Professor','2017-03-01','2017-03-31','Pay Bill','',23600,7000,0,0,7650,0,47813,240,0,300,100,0,0,0,0,0,0,0,0,8000,600,200,120,280,0,0,0,0,0,0,0,0,0,'111110025158','Dena Bank','NOT ALLOTED','','AZQPP5267R','E-7 PROF QUART.','','15600-39100','10000-15200'),(99,12170401,11,'NILAM PRAJAPATI','Obstetrics and Gynecology','Assistant Professor','2017-04-01','2017-03-31','Pay Bill','',23600,7000,0,0,7650,0,47813,240,0,300,100,0,0,0,0,0,0,0,0,8000,600,200,120,280,0,0,0,0,0,0,0,0,0,'111110025158','Dena Bank','NOT ALLOTED','','AZQPP5267R','E-7 PROF QUART.','','15600-39100','10000-15200'),(100,12170301,4,'NIMESH VERMA','General surgery','Associate Professor','2017-03-01','2017-03-31','Pay Bill','',57250,9000,0,0,16563,0,103516,240,0,300,100,0,0,0,0,0,0,0,0,40000,1040,200,120,280,15000,0,0,0,0,0,0,0,0,'111110029623','Dena Bank','MED/GUJ/36764','','AAQPV0390Q','E2/12, PROF. BU','','37400-67000','12000-16500'),(100,12170401,4,'NIMESH VERMA','General surgery','Associate Professor','2017-04-01','2017-03-31','Pay Bill','',57250,9000,0,0,16563,0,103516,240,0,300,100,0,0,0,0,0,0,0,0,40000,1040,200,120,280,15000,0,0,0,0,0,0,0,0,'111110029623','Dena Bank','MED/GUJ/36764','','AAQPV0390Q','E2/12, PROF. BU','','37400-67000','12000-16500'),(101,12170301,11,'NISHA BAROT','Burns and Plastic Surgery','Associate Professor','2017-03-01','2017-03-31','Pay Bill','',41720,9000,0,0,12680,0,79250,240,12680,300,100,1600,0,0,0,0,0,0,0,28500,0,200,0,0,0,0,0,0,0,0,0,0,0,'111110024549','Dena Bank','NOT ALLOTED','','ALXPB2321F','','','37400-67000','12000-16500'),(101,12170401,11,'NISHA BAROT','Burns and Plastic Surgery','Associate Professor','2017-04-01','2017-03-31','Pay Bill','',41720,9000,0,0,12680,0,79250,240,12680,300,100,1600,0,0,0,0,0,0,0,28500,0,200,0,0,0,0,0,0,0,0,0,0,0,'111110024549','Dena Bank','NOT ALLOTED','','ALXPB2321F','','','37400-67000','12000-16500'),(102,12170301,11,'NITIN CHAUDHARI','Orthopedics','Assistant Professor','2017-03-01','2017-03-31','Pay Bill','',23600,7000,0,0,7650,0,47813,240,7650,300,100,1600,0,0,0,0,0,0,0,10000,0,200,120,280,0,0,0,0,0,0,0,0,0,'111110025605','Dena Bank','NOT ALLOTED','','AKCPC9416C','','','15600-39100','10000-15200'),(102,12170401,11,'NITIN CHAUDHARI','Orthopedics','Assistant Professor','2017-04-01','2017-03-31','Pay Bill','',23600,7000,0,0,7650,0,47813,240,7650,300,100,1600,0,0,0,0,0,0,0,10000,0,200,120,280,0,0,0,0,0,0,0,0,0,'111110025605','Dena Bank','NOT ALLOTED','','AKCPC9416C','','','15600-39100','10000-15200'),(103,12170301,44,'NRUPAL C. PATEL','Pharmacology','Tutor','2017-03-01','2017-03-31','Pay Bill','',0,0,0,0,0,0,0,0,0,0,0,0,0,0,0,0,0,0,0,0,0,0,0,0,0,0,0,0,0,0,0,0,0,'111110032391','Dena Bank','STOP PAYMENT','','BQBPP1352C','D-1/6,A.P.QURT','','9300-34800','8000-13500'),(103,12170401,44,'NRUPAL C. PATEL','Pharmacology','Tutor','2017-04-01','2017-03-31','Pay Bill','',0,0,0,0,0,0,0,0,0,0,0,0,0,0,0,0,0,0,0,0,0,0,0,0,0,0,0,0,0,0,0,0,0,'111110032391','Dena Bank','STOP PAYMENT','','BQBPP1352C','D-1/6,A.P.QURT','','9300-34800','8000-13500'),(104,12170301,4,'P. Z. WADIA','Medicine','Associate Professor','2017-03-01','2017-03-31','Pay Bill','',59000,9000,0,0,17000,0,106250,240,17000,0,100,1600,0,0,0,0,0,0,3380,45500,0,200,120,280,9000,0,0,0,0,0,0,0,0,'111110003983','Dena Bank','MED/GUJ/26384','','AAEPW3456G','','','37400-67000','12000-16500'),(104,12170401,4,'P. Z. WADIA','Medicine','Associate Professor','2017-04-01','2017-03-31','Pay Bill','',59000,9000,0,0,17000,0,106250,240,17000,0,100,1600,0,0,0,0,0,0,3380,45500,0,200,120,280,9000,0,0,0,0,0,0,0,0,'111110003983','Dena Bank','MED/GUJ/26384','','AAEPW3456G','','','37400-67000','12000-16500'),(105,12170301,11,'PARESH H. ZANZMERA','Neurology','Associate Professor','2017-03-01','2017-03-31','Pay Bill','',37400,9000,0,0,11600,0,72500,240,11600,300,100,1600,0,0,0,0,0,0,0,20000,0,200,0,0,0,0,0,0,0,0,0,0,0,'111110006241','Dena Bank','NOT ALLOTED','','AAJPZ9127G','','','37400-67000','12000-16500'),(105,12170401,11,'PARESH H. ZANZMERA','Neurology','Associate Professor','2017-04-01','2017-03-31','Pay Bill','',37400,9000,0,0,11600,0,72500,240,11600,300,100,1600,0,0,0,0,0,0,0,20000,0,200,0,0,0,0,0,0,0,0,0,0,0,'111110006241','Dena Bank','NOT ALLOTED','','AAJPZ9127G','','','37400-67000','12000-16500'),(106,12170301,11,'PARIMAL J. PATEL','Orthopedics','Assistant Professor','2017-03-01','2017-03-31','Pay Bill','',19370,7000,0,0,6593,0,41204,240,0,300,100,0,0,0,0,0,0,0,0,5000,400,200,0,0,0,0,0,0,0,0,0,0,0,'111110032639','Dena Bank','NOT ALLOTED','','BJDPP1819H','D-20 A.P. QUART','','15600-39100','10000-15200'),(106,12170401,11,'PARIMAL J. PATEL','Orthopedics','Assistant Professor','2017-04-01','2017-03-31','Pay Bill','',19370,7000,0,0,6593,0,41204,240,0,300,100,0,0,0,0,0,0,0,0,5000,400,200,0,0,0,0,0,0,0,0,0,0,0,'111110032639','Dena Bank','NOT ALLOTED','','BJDPP1819H','D-20 A.P. QUART','','15600-39100','10000-15200'),(107,12170301,11,'PARUL J. UDHNAWALA','Obstetrics and Gynecology','Assistant Professor','2017-03-01','2017-03-31','Pay Bill','',20990,7000,0,0,6998,0,43735,240,6998,300,100,1600,0,0,0,0,0,0,0,7500,0,200,0,0,0,0,0,0,0,0,0,0,0,'111110024377','Dena Bank','STOP PAYMENT','','ACYPU0114D','','','15600-39100','10000-15200'),(107,12170401,11,'PARUL J. UDHNAWALA','Obstetrics and Gynecology','Assistant Professor','2017-04-01','2017-03-31','Pay Bill','',20990,7000,0,0,6998,0,43735,240,6998,300,100,1600,0,0,0,0,0,0,0,7500,0,200,0,0,0,0,0,0,0,0,0,0,0,'111110024377','Dena Bank','STOP PAYMENT','','ACYPU0114D','','','15600-39100','10000-15200'),(108,12170301,44,'PAYAL DANGAR','Physiology','Tutor','2017-03-01','2017-03-31','Pay Bill','',67200,0,0,0,5698,0,0,240,0,300,100,0,0,0,0,0,0,0,0,5100,400,200,120,280,0,0,0,0,0,0,0,0,0,'111110025414','Dena Bank','NOT ALLOTED','','AMXPD0003H','B-15,NEELKANTH','','9300-34800','8000-13500'),(108,12170401,44,'PAYAL DANGAR','Physiology','Tutor','2017-04-01','2017-03-31','Pay Bill','',67200,0,0,0,5698,0,0,240,0,300,100,0,0,0,0,0,0,0,0,5100,400,200,120,280,0,0,0,0,0,0,0,0,0,'111110025414','Dena Bank','NOT ALLOTED','','AMXPD0003H','B-15,NEELKANTH','','9300-34800','8000-13500'),(109,12170301,4,'PINAL C. SHAH','Pathology','Assistant Professor','2017-03-01','2017-03-31','Pay Bill','',25470,7000,0,0,8118,0,50735,240,8118,300,100,1600,0,0,0,0,0,0,0,10000,0,200,120,280,15000,0,0,0,0,0,0,0,0,'111110006246','Dena Bank','MED/GUJ/40504','','AZFPS1117A','','','15600-39100','10000-15200'),(109,12170401,4,'PINAL C. SHAH','Pathology','Assistant Professor','2017-04-01','2017-03-31','Pay Bill','',25470,7000,0,0,8118,0,50735,240,8118,300,100,1600,0,0,0,0,0,0,0,10000,0,200,120,280,15000,0,0,0,0,0,0,0,0,'111110006246','Dena Bank','MED/GUJ/40504','','AZFPS1117A','','','15600-39100','10000-15200'),(110,12170301,99,'PINKAL SHAH','Pathology','Tutor','2017-03-01','2017-03-31','Pay Bill','',71300,0,0,0,6048,0,0,240,6048,300,100,1600,0,0,0,0,0,0,0,3000,0,200,120,280,7130,0,0,0,0,0,0,0,0,'111110005929','Dena Bank','2014140746600004','','BIUPS4991R','','','9300-34800','8000-13500'),(110,12170401,99,'PINKAL SHAH','Pathology','Tutor','2017-04-01','2017-03-31','Pay Bill','',71300,0,0,0,6048,0,0,240,6048,300,100,1600,0,0,0,0,0,0,0,3000,0,200,120,280,7130,0,0,0,0,0,0,0,0,'111110005929','Dena Bank','2014140746600004','','BIUPS4991R','','','9300-34800','8000-13500'),(111,12170301,9,'PIYUSH TAILOR','Biochemistry','Associate Professor','2017-03-01','2017-03-31','Pay Bill','',41720,9000,0,0,12680,0,79250,240,0,300,100,0,0,0,0,0,0,0,0,26500,600,200,120,280,11412,0,0,0,0,0,0,0,0,'111110027146','Dena Bank','2010140746600019','','ACZPT7883P','A-8 ,PROF.QURT','','37400-67000','12000-16500'),(111,12170401,9,'PIYUSH TAILOR','Biochemistry','Associate Professor','2017-04-01','2017-03-31','Pay Bill','',41720,9000,0,0,12680,0,79250,240,0,300,100,0,0,0,0,0,0,0,0,26500,600,200,120,280,11412,0,0,0,0,0,0,0,0,'111110027146','Dena Bank','2010140746600019','','ACZPT7883P','A-8 ,PROF.QURT','','37400-67000','12000-16500'),(112,12170301,11,'PRADEEP B. GUPTA','Emergency Medicine','Professor','2017-03-01','2017-03-31','Pay Bill','',58000,10000,0,0,17000,0,106250,240,17000,300,100,1600,0,0,0,0,0,0,5050,53000,0,200,120,280,50000,0,0,0,0,0,0,0,0,'111110001818','Dena Bank','MED/GUJ/26452','','ABSPG8590N','','','37400-67000','16400-22400'),(112,12170401,11,'PRADEEP B. GUPTA','Emergency Medicine','Professor','2017-04-01','2017-03-31','Pay Bill','',58000,10000,0,0,17000,0,106250,240,17000,300,100,1600,0,0,0,0,0,0,5050,53000,0,200,120,280,50000,0,0,0,0,0,0,0,0,'111110001818','Dena Bank','MED/GUJ/26452','','ABSPG8590N','','','37400-67000','16400-22400'),(113,12170301,4,'PRADHYUMAN CHAUDHARI','Psychiatry','Assistant Professor','2017-03-01','2017-03-31','Pay Bill','',19370,7000,0,0,6593,0,41204,240,6593,0,100,1600,0,0,0,0,0,0,0,8400,0,200,0,0,0,0,0,0,0,0,0,0,0,'111110032803','Dena Bank','NOT ALLOTED','','AFJPC1683B','','','15600-39100','10000-15200'),(113,12170401,4,'PRADHYUMAN CHAUDHARI','Psychiatry','Assistant Professor','2017-04-01','2017-03-31','Pay Bill','',19370,7000,0,0,6593,0,41204,240,6593,0,100,1600,0,0,0,0,0,0,0,8400,0,200,0,0,0,0,0,0,0,0,0,0,0,'111110032803','Dena Bank','NOT ALLOTED','','AFJPC1683B','','','15600-39100','10000-15200'),(114,12170301,4,'PRAKASH PATEL','General surgery','Assistant Professor','2017-03-01','2017-03-31','Pay Bill','',21830,7000,0,0,7208,0,45048,240,7208,300,100,1600,0,0,0,0,0,0,0,9000,0,200,120,280,0,0,0,0,0,0,0,0,0,'111110027142','Dena Bank','NOT ALLOTED','','BMYPP0558D','','','15600-39100','10000-15200'),(114,12170401,4,'PRAKASH PATEL','General surgery','Assistant Professor','2017-04-01','2017-03-31','Pay Bill','',21830,7000,0,0,7208,0,45048,240,7208,300,100,1600,0,0,0,0,0,0,0,9000,0,200,120,280,0,0,0,0,0,0,0,0,0,'111110027142','Dena Bank','NOT ALLOTED','','BMYPP0558D','','','15600-39100','10000-15200'),(115,12170301,44,'PRAKASH P. MALAM','Pharmacology','Tutor','2017-03-01','2017-03-31','Pay Bill','',65200,0,0,0,5530,0,0,240,0,300,100,0,0,0,0,0,0,0,0,5000,300,200,0,0,0,0,0,0,0,0,0,0,0,'111110025854','Dena Bank','NOT ALLOTED','','AXYPM1433A','C-10,SHRIRAM BL','','9300-34800','8000-13500'),(115,12170401,44,'PRAKASH P. MALAM','Pharmacology','Tutor','2017-04-01','2017-03-31','Pay Bill','',65200,0,0,0,5530,0,0,240,0,300,100,0,0,0,0,0,0,0,0,5000,300,200,0,0,0,0,0,0,0,0,0,0,0,'111110025854','Dena Bank','NOT ALLOTED','','AXYPM1433A','C-10,SHRIRAM BL','','9300-34800','8000-13500'),(116,12170301,9,'PRASHANT R. PATEL','Pathology','Assistant Professor','2017-03-01','2017-03-31','Pay Bill','',20990,7000,0,0,6998,0,43735,240,6998,300,100,1600,0,0,0,0,0,0,0,6400,0,200,120,280,6298,0,0,0,0,0,0,0,0,'111110024598','Dena Bank','2010140746600049','','ASSPP0277A','','','15600-39100','10000-15200'),(116,12170401,9,'PRASHANT R. PATEL','Pathology','Assistant Professor','2017-04-01','2017-03-31','Pay Bill','',20990,7000,0,0,6998,0,43735,240,6998,300,100,1600,0,0,0,0,0,0,0,6400,0,200,120,280,6298,0,0,0,0,0,0,0,0,'111110024598','Dena Bank','2010140746600049','','ASSPP0277A','','','15600-39100','10000-15200'),(117,12170301,4,'PRITI KAPADIYA','Opthalmology','Professor','2017-03-01','2017-03-31','Pay Bill','',58000,10000,0,0,17000,0,106250,240,17000,300,100,1600,0,0,0,0,0,375,6550,46000,0,200,120,280,20000,0,0,0,0,0,0,0,0,'111110004725','Dena Bank','MED/GUJ/26639','','ABNPG7880Q','','','37400-67000','16400-22400'),(117,12170401,4,'PRITI KAPADIYA','Opthalmology','Professor','2017-04-01','2017-03-31','Pay Bill','',58000,10000,0,0,17000,0,106250,240,17000,300,100,1600,0,0,0,0,0,375,6550,46000,0,200,120,280,20000,0,0,0,0,0,0,0,0,'111110004725','Dena Bank','MED/GUJ/26639','','ABNPG7880Q','','','37400-67000','16400-22400'),(118,12170301,11,'PRITI YADAV','Pharmacology','Associate Professor','2017-03-01','2017-03-31','Pay Bill','',56980,9000,0,0,16495,0,103094,240,16495,300,100,1600,0,0,0,0,0,0,0,36500,0,200,120,280,20000,0,0,0,0,0,0,0,0,'111110003254','Dena Bank','MED/GUJ/37989','','AAGPY5602C','','','37400-67000','12000-16500'),(118,12170401,11,'PRITI YADAV','Pharmacology','Associate Professor','2017-04-01','2017-03-31','Pay Bill','',56980,9000,0,0,16495,0,103094,240,16495,300,100,1600,0,0,0,0,0,0,0,36500,0,200,120,280,20000,0,0,0,0,0,0,0,0,'111110003254','Dena Bank','MED/GUJ/37989','','AAGPY5602C','','','37400-67000','12000-16500'),(119,12170301,9,'PRITI B. PATEL','Opthalmology','Assistant Professor','2017-03-01','2017-03-31','Pay Bill','',23600,7000,0,0,7650,0,47813,240,7650,300,100,1600,0,0,0,0,0,0,0,8500,0,200,120,280,6885,0,0,0,0,0,0,0,0,'25710006256','Dena Bank','2011140746600004','','AXTPP6988J','','','15600-39100','10000-15200'),(119,12170401,9,'PRITI B. PATEL','Opthalmology','Assistant Professor','2017-04-01','2017-03-31','Pay Bill','',23600,7000,0,0,7650,0,47813,240,7650,300,100,1600,0,0,0,0,0,0,0,8500,0,200,120,280,6885,0,0,0,0,0,0,0,0,'25710006256','Dena Bank','2011140746600004','','AXTPP6988J','','','15600-39100','10000-15200'),(120,12170301,11,'PRIYANKA U. MODI','Medicine','Assistant Professor','2017-03-01','2017-03-31','Pay Bill','',18600,7000,0,0,6400,0,40000,240,6400,0,100,1600,0,0,0,0,0,0,0,6500,0,200,0,0,0,0,0,0,0,0,0,0,0,'111110026725','Dena Bank','NOT ALLOTED','','BFYPM1299H','','','15600-39100','10000-15200'),(120,12170401,11,'PRIYANKA U. MODI','Medicine','Assistant Professor','2017-04-01','2017-03-31','Pay Bill','',18600,7000,0,0,6400,0,40000,240,6400,0,100,1600,0,0,0,0,0,0,0,6500,0,200,0,0,0,0,0,0,0,0,0,0,0,'111110026725','Dena Bank','NOT ALLOTED','','BFYPM1299H','','','15600-39100','10000-15200'),(121,12170301,4,'PUNEET SAXENA','Biochemistry','Associate Professor','2017-03-01','2017-03-31','Pay Bill','',49830,9000,0,0,14708,0,91923,240,14708,300,100,1600,0,0,0,0,0,0,0,32500,0,200,120,280,9000,0,0,0,0,0,0,0,0,'111110004349','Dena Bank','MED/GUJ/40050','','ANCPS3024K','','','37400-67000','12000-16500'),(121,12170401,4,'PUNEET SAXENA','Biochemistry','Associate Professor','2017-04-01','2017-03-31','Pay Bill','',49830,9000,0,0,14708,0,91923,240,14708,300,100,1600,0,0,0,0,0,0,0,32500,0,200,120,280,9000,0,0,0,0,0,0,0,0,'111110004349','Dena Bank','MED/GUJ/40050','','ANCPS3024K','','','37400-67000','12000-16500'),(122,12170301,9,'PURVI DESAI','Radiology','Associate Professor','2017-03-01','2017-03-31','Pay Bill','',49830,9000,0,0,14708,0,91923,240,14708,300,100,1600,0,0,0,0,0,0,0,36000,0,200,120,280,13237,0,0,0,0,0,0,0,0,'111110002815','Dena Bank','2010140746600035','','AEYPD3821Q','','','37400-67000','12000-16500'),(122,12170401,9,'PURVI DESAI','Radiology','Associate Professor','2017-04-01','2017-03-31','Pay Bill','',49830,9000,0,0,14708,0,91923,240,14708,300,100,1600,0,0,0,0,0,0,0,36000,0,200,120,280,13237,0,0,0,0,0,0,0,0,'111110002815','Dena Bank','2010140746600035','','AEYPD3821Q','','','37400-67000','12000-16500'),(123,12170301,4,'R. N. HATHILA','Pathology','Associate Professor','2017-03-01','2017-03-31','Pay Bill','',57090,9000,0,0,16523,0,103266,240,16523,300,100,1600,0,0,0,0,0,0,0,38000,0,200,120,280,15000,0,0,0,0,0,0,0,0,'111110002299','Dena Bank','MED/GUJ/26651','','AAGPH2147B','A-3,PROF. QURTS','','37400-67000','12000-16500'),(123,12170401,4,'R. N. HATHILA','Pathology','Associate Professor','2017-04-01','2017-03-31','Pay Bill','',57090,9000,0,0,16523,0,103266,240,16523,300,100,1600,0,0,0,0,0,0,0,38000,0,200,120,280,15000,0,0,0,0,0,0,0,0,'111110002299','Dena Bank','MED/GUJ/26651','','AAGPH2147B','A-3,PROF. QURTS','','37400-67000','12000-16500'),(124,12170301,9,'RAHUL B. DAMOR','Community Medicine','Assistant Professor','2017-03-01','2017-03-31','Pay Bill','',22700,7000,0,0,7425,0,46406,240,0,300,100,0,0,0,0,0,0,0,0,5000,600,200,120,280,6683,0,0,0,0,0,0,0,0,'111110026581','Dena Bank','2015140746600045','','AMZPD8452C','E-9,ASSO.PROF.','','15600-39100','10000-15200'),(124,12170401,9,'RAHUL B. DAMOR','Community Medicine','Assistant Professor','2017-04-01','2017-03-31','Pay Bill','',22700,7000,0,0,7425,0,46406,240,0,300,100,0,0,0,0,0,0,0,0,5000,600,200,120,280,6683,0,0,0,0,0,0,0,0,'111110026581','Dena Bank','2015140746600045','','AMZPD8452C','E-9,ASSO.PROF.','','15600-39100','10000-15200'),(125,12170301,11,'RAHUL B. PATEL','ENT-NPPCD','Assistant Professor','2017-03-01','2017-03-31','Pay Bill','',23600,7000,0,0,7650,0,47813,240,7650,300,100,1600,0,0,0,0,0,0,0,9500,0,200,120,280,0,0,0,0,0,0,0,0,0,'111110004424','Dena Bank','NOT ALLOTED','','AUMPP1822B','','','15600-39100','10000-15200'),(125,12170401,11,'RAHUL B. PATEL','ENT-NPPCD','Assistant Professor','2017-04-01','2017-03-31','Pay Bill','',23600,7000,0,0,7650,0,47813,240,7650,300,100,1600,0,0,0,0,0,0,0,9500,0,200,120,280,0,0,0,0,0,0,0,0,0,'111110004424','Dena Bank','NOT ALLOTED','','AUMPP1822B','','','15600-39100','10000-15200'),(126,12170301,44,'RAHUL J. CHAUDHARI','Pharmacology','Tutor','2017-03-01','2017-03-31','Pay Bill','',63300,0,0,0,5368,0,0,240,5368,300,100,1600,0,0,0,0,0,0,0,5000,0,200,0,0,0,0,0,0,0,0,0,0,0,'111110027339','Dena Bank','NOT ALLOTED','','APIPC3517K','C/4 CHANDRALOK','','9300-34800','8000-13500'),(126,12170401,44,'RAHUL J. CHAUDHARI','Pharmacology','Tutor','2017-04-01','2017-03-31','Pay Bill','',63300,0,0,0,5368,0,0,240,5368,300,100,1600,0,0,0,0,0,0,0,5000,0,200,0,0,0,0,0,0,0,0,0,0,0,'111110027339','Dena Bank','NOT ALLOTED','','APIPC3517K','C/4 CHANDRALOK','','9300-34800','8000-13500'),(127,12170301,9,'RAJESHRI BODAT','Physiology','Associate Professor','2017-03-01','2017-03-31','Pay Bill','',43250,9000,0,0,13063,0,81641,240,0,300,100,0,0,0,0,0,0,0,0,35000,480,200,120,280,11756,0,0,0,0,0,0,0,0,'111110005948','Dena Bank','2011140746600020','','AKPPB9607H','B-17, A.P.QURTS','','37400-67000','12000-16500'),(127,12170401,9,'RAJESHRI BODAT','Physiology','Associate Professor','2017-04-01','2017-03-31','Pay Bill','',43250,9000,0,0,13063,0,81641,240,0,300,100,0,0,0,0,0,0,0,0,35000,480,200,120,280,11756,0,0,0,0,0,0,0,0,'111110005948','Dena Bank','2011140746600020','','AKPPB9607H','B-17, A.P.QURTS','','37400-67000','12000-16500'),(128,12170301,9,'RASHAVITA K PATEL','Anatomy','Assistant Professor','2017-03-01','2017-03-31','Pay Bill','',23600,7000,0,0,7650,0,47813,240,7650,300,100,1600,0,0,0,0,0,0,0,9500,0,200,120,280,6885,0,0,0,0,0,0,0,0,'111110004533','Dena Bank','2010140746600031','','ANGPP3371G','','','15600-39100','10000-15200'),(128,12170401,9,'RASHAVITA K PATEL','Anatomy','Assistant Professor','2017-04-01','2017-03-31','Pay Bill','',23600,7000,0,0,7650,0,47813,240,7650,300,100,1600,0,0,0,0,0,0,0,9500,0,200,120,280,6885,0,0,0,0,0,0,0,0,'111110004533','Dena Bank','2010140746600031','','ANGPP3371G','','','15600-39100','10000-15200'),(129,12170301,9,'RINI TEKRIWAL','Physiology','Assistant Professor','2017-03-01','2017-03-31','Pay Bill','',26230,7000,0,0,8308,0,51923,240,8308,300,100,1600,0,0,0,0,0,0,0,11000,0,200,120,280,7477,0,0,0,0,0,0,0,0,'111110004093','Dena Bank','2010140746600016','','ABLPT4758Q','','','15600-39100','10000-15200'),(129,12170401,9,'RINI TEKRIWAL','Physiology','Assistant Professor','2017-04-01','2017-03-31','Pay Bill','',26230,7000,0,0,8308,0,51923,240,8308,300,100,1600,0,0,0,0,0,0,0,11000,0,200,120,280,7477,0,0,0,0,0,0,0,0,'111110004093','Dena Bank','2010140746600016','','ABLPT4758Q','','','15600-39100','10000-15200'),(130,12170301,44,'RITAL K. PATEL','Dentistry','Tutor','2017-03-01','2017-03-31','Pay Bill','',67200,0,0,0,5698,0,0,240,5698,300,100,1600,0,0,0,0,0,0,0,10000,0,200,0,0,0,0,0,0,0,0,0,0,0,'111110025673','Dena Bank','NOT ALLOTED','','BNUPP1757R','','','9300-34800','8000-13500'),(130,12170401,44,'RITAL K. PATEL','Dentistry','Tutor','2017-04-01','2017-03-31','Pay Bill','',67200,0,0,0,5698,0,0,240,5698,300,100,1600,0,0,0,0,0,0,0,10000,0,200,0,0,0,0,0,0,0,0,0,0,0,'111110025673','Dena Bank','NOT ALLOTED','','BNUPP1757R','','','9300-34800','8000-13500'),(131,12170301,11,'RITAMBHARA MEHTA','Psychiatry','Professor','2017-03-01','2017-03-31','Pay Bill','',56440,10000,0,0,16610,0,103813,240,0,300,100,0,0,0,0,0,0,0,0,33000,1040,200,120,280,10000,0,0,0,0,0,0,0,0,'111110003989','Dena Bank','MED/GUJ/23962','','ADJPM1600L','E2/7 PROF BUN.','','37400-67000','16400-22400'),(131,12170401,11,'RITAMBHARA MEHTA','Psychiatry','Professor','2017-04-01','2017-03-31','Pay Bill','',56440,10000,0,0,16610,0,103813,240,0,300,100,0,0,0,0,0,0,0,0,33000,1040,200,120,280,10000,0,0,0,0,0,0,0,0,'111110003989','Dena Bank','MED/GUJ/23962','','ADJPM1600L','E2/7 PROF BUN.','','37400-67000','16400-22400'),(132,12170301,99,'ROHAN D. RANA','Biochemistry','Tutor','2017-03-01','2017-03-31','Pay Bill','',71300,0,0,0,6048,0,0,240,6048,300,100,1600,0,0,0,0,0,0,0,4000,0,200,120,280,7130,0,0,0,0,0,0,0,0,'111110026262','Dena Bank','2012140746600005','','AQLPR2258L','','','9300-34800','8000-13500'),(132,12170401,99,'ROHAN D. RANA','Biochemistry','Tutor','2017-04-01','2017-03-31','Pay Bill','',71300,0,0,0,6048,0,0,240,6048,300,100,1600,0,0,0,0,0,0,0,4000,0,200,120,280,7130,0,0,0,0,0,0,0,0,'111110026262','Dena Bank','2012140746600005','','AQLPR2258L','','','9300-34800','8000-13500'),(133,12170301,9,'SANDEEP KANSAL','General surgery','Associate Professor','2017-03-01','2017-03-31','Pay Bill','',51600,9000,0,0,15150,0,94688,240,15150,300,100,1600,0,0,0,0,0,0,0,31700,0,200,120,280,13635,0,0,0,0,0,0,0,0,'111110003934','Dena Bank','2010140746600015','','AIRPK4142N','','','37400-67000','12000-16500'),(133,12170401,9,'SANDEEP KANSAL','General surgery','Associate Professor','2017-04-01','2017-03-31','Pay Bill','',51600,9000,0,0,15150,0,94688,240,15150,300,100,1600,0,0,0,0,0,0,0,31700,0,200,120,280,13635,0,0,0,0,0,0,0,0,'111110003934','Dena Bank','2010140746600015','','AIRPK4142N','','','37400-67000','12000-16500'),(134,12170301,4,'SANGEETA TRIVEDI','Opthalmology','Associate Professor','2017-03-01','2017-03-31','Pay Bill','',57210,9000,0,0,16553,0,103454,240,0,300,100,0,0,0,0,0,0,0,0,38000,1040,200,120,280,10000,0,0,0,0,0,0,0,0,'111110002508','Dena Bank','MED/GUJ/26696','','AAQPT3038B','E2/13 PROF.BUNG','','37400-67000','12000-16500'),(134,12170401,4,'SANGEETA TRIVEDI','Opthalmology','Associate Professor','2017-04-01','2017-03-31','Pay Bill','',57210,9000,0,0,16553,0,103454,240,0,300,100,0,0,0,0,0,0,0,0,38000,1040,200,120,280,10000,0,0,0,0,0,0,0,0,'111110002508','Dena Bank','MED/GUJ/26696','','AAQPT3038B','E2/13 PROF.BUNG','','37400-67000','12000-16500'),(135,12170301,11,'SANGITA B. RAJDEV','Microbiology','Assistant Professor','2017-03-01','2017-03-31','Pay Bill','',21830,7000,0,0,7208,0,45048,240,0,300,100,0,0,0,0,0,0,0,0,4000,600,200,0,0,0,0,0,0,0,0,0,0,0,'111110005424','Dena Bank','NOT ALLOTED','','AOYPR9266F','D-1/1,A.P.QURT.','','15600-39100','10000-15200'),(135,12170401,11,'SANGITA B. RAJDEV','Microbiology','Assistant Professor','2017-04-01','2017-03-31','Pay Bill','',21830,7000,0,0,7208,0,45048,240,0,300,100,0,0,0,0,0,0,0,0,4000,600,200,0,0,0,0,0,0,0,0,0,0,0,'111110005424','Dena Bank','NOT ALLOTED','','AOYPR9266F','D-1/1,A.P.QURT.','','15600-39100','10000-15200'),(136,12170301,9,'SARAL BHATIA','Obstetrics and Gynecology','Associate Professor','2017-03-01','2017-03-31','Pay Bill','',44820,9000,0,0,13455,0,84094,240,0,300,100,0,0,0,0,0,0,0,0,26000,600,200,120,280,12110,0,0,0,0,0,0,0,0,'111110003569','Dena Bank','2010140746600017','','AJXPB4099A','D1/3,A.P.QURTS','','37400-67000','12000-16500'),(136,12170401,9,'SARAL BHATIA','Obstetrics and Gynecology','Associate Professor','2017-04-01','2017-03-31','Pay Bill','',44820,9000,0,0,13455,0,84094,240,0,300,100,0,0,0,0,0,0,0,0,26000,600,200,120,280,12110,0,0,0,0,0,0,0,0,'111110003569','Dena Bank','2010140746600017','','AJXPB4099A','D1/3,A.P.QURTS','','37400-67000','12000-16500'),(137,12170301,4,'SARITA H. PATEL','Biochemistry','Assistant Professor','2017-03-01','2017-03-31','Pay Bill','',20170,7000,0,0,6793,0,42454,240,0,300,100,0,0,0,0,0,0,0,0,7000,600,200,0,0,0,0,0,0,0,0,0,0,0,'111110024853','Dena Bank','NOT ALLOTED','','AWFPP4941A','A-3 PROF QUART','','15600-39100','10000-15200'),(137,12170401,4,'SARITA H. PATEL','Biochemistry','Assistant Professor','2017-04-01','2017-03-31','Pay Bill','',20170,7000,0,0,6793,0,42454,240,0,300,100,0,0,0,0,0,0,0,0,7000,600,200,0,0,0,0,0,0,0,0,0,0,0,'111110024853','Dena Bank','NOT ALLOTED','','AWFPP4941A','A-3 PROF QUART','','15600-39100','10000-15200'),(138,12170301,44,'SARITA J. MANGUKIYA','Biochemistry','Tutor','2017-03-01','2017-03-31','Pay Bill','',59700,0,0,0,5058,0,0,240,5058,300,100,1600,0,0,0,0,0,0,0,5000,0,200,0,0,0,0,0,0,0,0,0,0,0,'111110024200','Dena Bank','NOT ALLOTED','','AQNPM4905B','','','9300-34800','8000-13500'),(138,12170401,44,'SARITA J. MANGUKIYA','Biochemistry','Tutor','2017-04-01','2017-03-31','Pay Bill','',59700,0,0,0,5058,0,0,240,5058,300,100,1600,0,0,0,0,0,0,0,5000,0,200,0,0,0,0,0,0,0,0,0,0,0,'111110024200','Dena Bank','NOT ALLOTED','','AQNPM4905B','','','9300-34800','8000-13500'),(139,12170301,4,'SHAILEE N. VYAS','Community Medicine','Assistant Professor','2017-03-01','2017-03-31','Pay Bill','',20990,7000,0,0,6998,0,43735,240,6998,300,100,1600,0,0,0,0,0,0,0,10000,0,200,120,280,0,0,0,0,0,0,0,0,0,'111110024497','Dena Bank','NOT ALLOTED','','AHTPV5810H','','','15600-39100','10000-15200'),(139,12170401,4,'SHAILEE N. VYAS','Community Medicine','Assistant Professor','2017-04-01','2017-03-31','Pay Bill','',20990,7000,0,0,6998,0,43735,240,6998,300,100,1600,0,0,0,0,0,0,0,10000,0,200,120,280,0,0,0,0,0,0,0,0,0,'111110024497','Dena Bank','NOT ALLOTED','','AHTPV5810H','','','15600-39100','10000-15200'),(140,12170301,4,'SHARMISTHA PATEL','Pathology','Assistant Professor','2017-03-01','2017-03-31','Pay Bill','',32530,7000,0,0,9883,0,61766,240,9883,300,100,1600,0,0,0,0,0,0,0,17600,0,200,120,280,30000,0,0,0,0,0,0,0,0,'111110002447','Dena Bank','MED/GUJ/26581','','ABTPP9070D','','','15600-39100','10000-15200'),(140,12170401,4,'SHARMISTHA PATEL','Pathology','Assistant Professor','2017-04-01','2017-03-31','Pay Bill','',32530,7000,0,0,9883,0,61766,240,9883,300,100,1600,0,0,0,0,0,0,0,17600,0,200,120,280,30000,0,0,0,0,0,0,0,0,'111110002447','Dena Bank','MED/GUJ/26581','','ABTPP9070D','','','15600-39100','10000-15200'),(141,12170301,9,'SHIVANI D. PATEL','Opthalmology','Assistant Professor','2017-03-01','2017-03-31','Pay Bill','',22700,7000,0,0,7425,0,46406,240,7425,300,100,1600,0,0,0,0,0,0,0,8000,0,200,120,280,6683,0,0,0,0,0,0,0,0,'111110004489','Dena Bank','2011140746600013','','AHWPP3252E','','','15600-39100','10000-15600'),(141,12170401,9,'SHIVANI D. PATEL','Opthalmology','Assistant Professor','2017-04-01','2017-03-31','Pay Bill','',22700,7000,0,0,7425,0,46406,240,7425,300,100,1600,0,0,0,0,0,0,0,8000,0,200,120,280,6683,0,0,0,0,0,0,0,0,'111110004489','Dena Bank','2011140746600013','','AHWPP3252E','','','15600-39100','10000-15600'),(142,12170301,11,'SHWETA A. PATEL','Anesthesiology','Assistant Professor','2017-03-01','2017-03-31','Pay Bill','',19370,7000,0,0,6593,0,41204,240,6593,300,100,1600,0,0,0,0,0,0,0,7000,0,200,0,0,0,0,0,0,0,0,0,0,0,'111110024921','Dena Bank','NOT ALLOTED','','BGDPP4749K','','','15600-39100','10000-15200'),(142,12170401,11,'SHWETA A. PATEL','Anesthesiology','Assistant Professor','2017-04-01','2017-03-31','Pay Bill','',19370,7000,0,0,6593,0,41204,240,6593,300,100,1600,0,0,0,0,0,0,0,7000,0,200,0,0,0,0,0,0,0,0,0,0,0,'111110024921','Dena Bank','NOT ALLOTED','','BGDPP4749K','','','15600-39100','10000-15200'),(143,12170301,9,'SHWETA M. DESAI','Anatomy','Assistant Professor','2017-03-01','2017-03-31','Pay Bill','',20170,7000,0,0,6793,0,42454,240,6793,300,100,1600,0,0,0,0,0,0,0,4000,0,200,120,280,6113,0,0,0,0,0,0,0,0,'111110023913','Dena Bank','2016140746600015','','AOKPP4380E','','','15600-39100','10000-15200'),(143,12170401,9,'SHWETA M. DESAI','Anatomy','Assistant Professor','2017-04-01','2017-03-31','Pay Bill','',20170,7000,0,0,6793,0,42454,240,6793,300,100,1600,0,0,0,0,0,0,0,4000,0,200,120,280,6113,0,0,0,0,0,0,0,0,'111110023913','Dena Bank','2016140746600015','','AOKPP4380E','','','15600-39100','10000-15200'),(144,12170301,4,'SNEHLATA J. CHAUDHARI','Physiology','Associate Professor','2017-03-01','2017-03-31','Pay Bill','',51600,9000,0,0,15150,0,94688,240,15150,300,100,1600,0,0,0,0,0,0,0,40000,0,200,120,280,40000,0,0,0,0,0,0,0,0,'111110003601','Dena Bank','MED/GUJ/26375','','ADAPC2033L','','','37400-67000','12000-16500'),(144,12170401,4,'SNEHLATA J. CHAUDHARI','Physiology','Associate Professor','2017-04-01','2017-03-31','Pay Bill','',51600,9000,0,0,15150,0,94688,240,15150,300,100,1600,0,0,0,0,0,0,0,40000,0,200,120,280,40000,0,0,0,0,0,0,0,0,'111110003601','Dena Bank','MED/GUJ/26375','','ADAPC2033L','','','37400-67000','12000-16500'),(145,12170301,44,'STUTI A. JHALA','Dentistry','Tutor','2017-03-01','2017-03-31','Pay Bill','',0,0,0,0,0,0,0,0,0,0,0,0,0,0,0,0,0,0,0,0,0,0,0,0,0,0,0,0,0,0,0,0,0,'111110025679','Dena Bank','NOT ALLOTED','','AQVPJ4925E','','','9300-34800','8000-13500'),(145,12170401,44,'STUTI A. JHALA','Dentistry','Tutor','2017-04-01','2017-03-31','Pay Bill','',0,0,0,0,0,0,0,0,0,0,0,0,0,0,0,0,0,0,0,0,0,0,0,0,0,0,0,0,0,0,0,0,0,'111110025679','Dena Bank','NOT ALLOTED','','AQVPJ4925E','','','9300-34800','8000-13500'),(146,12170301,9,'SUKESHA P. GAMIT','Community Medicine','Assistant Professor','2017-03-01','2017-03-31','Pay Bill','',20170,7000,0,0,6793,0,42454,240,6793,300,100,1600,0,0,0,0,0,0,0,5500,0,200,120,280,6113,0,0,0,0,0,0,0,0,'111110006239','Dena Bank','2010140746600020','','AGQPG4259H','D1/6,A.P.QURTS','','15600-39100','10000-15200'),(146,12170401,9,'SUKESHA P. GAMIT','Community Medicine','Assistant Professor','2017-04-01','2017-03-31','Pay Bill','',20170,7000,0,0,6793,0,42454,240,6793,300,100,1600,0,0,0,0,0,0,0,5500,0,200,120,280,6113,0,0,0,0,0,0,0,0,'111110006239','Dena Bank','2010140746600020','','AGQPG4259H','D1/6,A.P.QURTS','','15600-39100','10000-15200'),(147,12170301,9,'SUNAINA PATEL','Anesthesiology','Assistant Professor','2017-03-01','2017-03-31','Pay Bill','',25470,7000,0,0,8118,0,50735,240,8118,300,100,1600,0,0,0,0,0,0,0,8000,0,200,120,280,7306,0,0,0,0,0,0,0,0,'111110023987','Dena Bank','2011140746600016','','APVPP9835L','','','15600-39100','10000-15200'),(147,12170401,9,'SUNAINA PATEL','Anesthesiology','Assistant Professor','2017-04-01','2017-03-31','Pay Bill','',25470,7000,0,0,8118,0,50735,240,8118,300,100,1600,0,0,0,0,0,0,0,8000,0,200,120,280,7306,0,0,0,0,0,0,0,0,'111110023987','Dena Bank','2011140746600016','','APVPP9835L','','','15600-39100','10000-15200'),(148,12170301,99,'SURESH G. PADSALA','Pathology','Tutor','2017-03-01','2017-03-31','Pay Bill','',71300,0,0,0,6048,0,0,240,6048,300,100,1600,0,0,0,0,0,0,0,2500,0,200,120,280,7130,0,0,0,0,0,0,0,0,'111110024489','Dena Bank','2010140746600048','','AZKPP6282A','','','9300-34800','8000-13500'),(148,12170401,99,'SURESH G. PADSALA','Pathology','Tutor','2017-04-01','2017-03-31','Pay Bill','',71300,0,0,0,6048,0,0,240,6048,300,100,1600,0,0,0,0,0,0,0,2500,0,200,120,280,7130,0,0,0,0,0,0,0,0,'111110024489','Dena Bank','2010140746600048','','AZKPP6282A','','','9300-34800','8000-13500'),(149,12170301,9,'SWAPNA APTE','Physiology','Assistant Professor','2017-03-01','2017-03-31','Pay Bill','',31200,7000,0,0,9550,0,59688,240,9550,300,100,1600,0,0,0,0,0,0,0,15800,0,200,120,280,8595,0,0,0,0,0,0,0,0,'111110002971','Dena Bank','2009140746600012','','AARPA7748N','','','15600-39100','10000-15200'),(149,12170401,9,'SWAPNA APTE','Physiology','Assistant Professor','2017-04-01','2017-03-31','Pay Bill','',31200,7000,0,0,9550,0,59688,240,9550,300,100,1600,0,0,0,0,0,0,0,15800,0,200,120,280,8595,0,0,0,0,0,0,0,0,'111110002971','Dena Bank','2009140746600012','','AARPA7748N','','','15600-39100','10000-15200'),(150,12170301,11,'SWAPNIL S. NALGE','Orthopedics','Assistant Professor','2017-03-01','2017-03-31','Pay Bill','',19370,7000,0,0,6593,0,41204,240,6593,300,100,1600,0,0,0,0,0,0,0,7000,0,200,0,0,0,0,0,0,0,0,0,0,0,'53310022773','Dena Bank','STOP PAYMENT','','AIGPN8158G','','','15600-39100','10000-15200'),(150,12170401,11,'SWAPNIL S. NALGE','Orthopedics','Assistant Professor','2017-04-01','2017-03-31','Pay Bill','',19370,7000,0,0,6593,0,41204,240,6593,300,100,1600,0,0,0,0,0,0,0,7000,0,200,0,0,0,0,0,0,0,0,0,0,0,'53310022773','Dena Bank','STOP PAYMENT','','AIGPN8158G','','','15600-39100','10000-15200'),(151,12170301,11,'SWETA T. GAMIT','Medicine','Assistant Professor','2017-03-01','2017-03-31','Pay Bill','',20170,7000,0,0,6793,0,42454,240,6793,300,100,1600,0,0,0,0,0,0,0,7000,0,200,0,0,0,0,0,0,0,0,0,0,0,'111110006179','Dena Bank','NOT ALLOTED','','AKWPG8462G','','','15600-39100','10000-15200'),(151,12170401,11,'SWETA T. GAMIT','Medicine','Assistant Professor','2017-04-01','2017-03-31','Pay Bill','',20170,7000,0,0,6793,0,42454,240,6793,300,100,1600,0,0,0,0,0,0,0,7000,0,200,0,0,0,0,0,0,0,0,0,0,0,'111110006179','Dena Bank','NOT ALLOTED','','AKWPG8462G','','','15600-39100','10000-15200'),(152,12170301,9,'TANVI R. SUKHARAMWALA','Microbiology','Assistant Professor','2017-03-01','2017-03-31','Pay Bill','',22700,7000,0,0,7425,0,46406,240,7425,300,100,1600,0,0,0,0,0,0,0,8000,0,200,120,280,6683,0,0,0,0,0,0,0,0,'111110023876','Dena Bank','2010140746600011','','ADIPP6174H','','','15600-39100','10000-15200'),(152,12170401,9,'TANVI R. SUKHARAMWALA','Microbiology','Assistant Professor','2017-04-01','2017-03-31','Pay Bill','',22700,7000,0,0,7425,0,46406,240,7425,300,100,1600,0,0,0,0,0,0,0,8000,0,200,120,280,6683,0,0,0,0,0,0,0,0,'111110023876','Dena Bank','2010140746600011','','ADIPP6174H','','','15600-39100','10000-15200'),(153,12170301,4,'TEJAL A. CHAUDHARI','Anesthesiology','Assistant Professor','2017-03-01','2017-03-31','Pay Bill','',19370,7000,0,0,6593,0,41204,240,0,300,100,0,0,0,0,0,0,0,0,6000,400,200,0,0,0,0,0,0,0,0,0,0,0,'111110032641','Dena Bank','NOT ALLOTED','','AXNPC0567E','B16 D TYPE QUAR','','15600-39100','10000-15200'),(153,12170401,4,'TEJAL A. CHAUDHARI','Anesthesiology','Assistant Professor','2017-04-01','2017-03-31','Pay Bill','',19370,7000,0,0,6593,0,41204,240,0,300,100,0,0,0,0,0,0,0,0,6000,400,200,0,0,0,0,0,0,0,0,0,0,0,'111110032641','Dena Bank','NOT ALLOTED','','AXNPC0567E','B16 D TYPE QUAR','','15600-39100','10000-15200'),(154,12170301,2,'TRUPTI M. SOLU','Opthalmology','Associate Professor','2017-03-01','2017-03-31','Pay Bill','',57090,9000,0,0,16523,0,103266,240,16523,300,100,1600,0,0,0,0,0,0,0,43000,0,200,120,280,65000,0,0,0,0,0,0,0,0,'111110002392','Dena Bank','MED/GUJ/26595','','AEZPS9899A','','','37400-67000','12000-16500'),(154,12170401,2,'TRUPTI M. SOLU','Opthalmology','Associate Professor','2017-04-01','2017-03-31','Pay Bill','',57090,9000,0,0,16523,0,103266,240,16523,300,100,1600,0,0,0,0,0,0,0,43000,0,200,120,280,65000,0,0,0,0,0,0,0,0,'111110002392','Dena Bank','MED/GUJ/26595','','AEZPS9899A','','','37400-67000','12000-16500'),(155,12170301,4,'VASUDHA M. BHAGAT','Pathology','Associate Professor','2017-03-01','2017-03-31','Pay Bill','',59000,9000,0,0,17000,0,106250,240,0,300,100,0,0,0,0,0,0,0,1570,40000,1040,200,120,280,15000,0,0,0,0,0,0,0,0,'111110001928','Dena Bank','MED/GUJ/26423','','ABIPB6551G','E-2/6 PRO BUNGL','','37400-67000','12000-16500'),(155,12170401,4,'VASUDHA M. BHAGAT','Pathology','Associate Professor','2017-04-01','2017-03-31','Pay Bill','',59000,9000,0,0,17000,0,106250,240,0,300,100,0,0,0,0,0,0,0,1570,40000,1040,200,120,280,15000,0,0,0,0,0,0,0,0,'111110001928','Dena Bank','MED/GUJ/26423','','ABIPB6551G','E-2/6 PRO BUNGL','','37400-67000','12000-16500'),(156,12170301,4,'VIJAY B. SHAH','Opthalmology','Professor','2017-03-01','2017-03-31','Pay Bill','',58000,10000,0,0,17000,0,106250,240,17000,300,100,1600,0,0,0,0,0,0,4950,40000,0,200,120,280,9000,0,0,0,0,0,0,0,0,'111110001812','Dena Bank','MED/GUJ/26508','','AEDPS2481L','','','37400-67000','16400-22400'),(156,12170401,4,'VIJAY B. SHAH','Opthalmology','Professor','2017-04-01','2017-03-31','Pay Bill','',58000,10000,0,0,17000,0,106250,240,17000,300,100,1600,0,0,0,0,0,0,4950,40000,0,200,120,280,9000,0,0,0,0,0,0,0,0,'111110001812','Dena Bank','MED/GUJ/26508','','AEDPS2481L','','','37400-67000','16400-22400'),(157,12170301,3,'VIPUL CHAUDHARI','Community Medicine','Assistant Professor','2017-03-01','2017-03-31','Pay Bill','',25840,8000,0,0,8460,0,52875,240,0,300,100,0,0,0,0,0,0,0,0,10000,0,200,120,280,7000,0,0,0,0,0,0,0,0,'111110002535','Dena Bank','MED/GUJ/40420','','AEBPC7859L','D-1/2,A.P.QURT.','','15600-39100','10000-15200'),(157,12170401,3,'VIPUL CHAUDHARI','Community Medicine','Assistant Professor','2017-04-01','2017-03-31','Pay Bill','',25840,8000,0,0,8460,0,52875,240,0,300,100,0,0,0,0,0,0,0,0,10000,0,200,120,280,7000,0,0,0,0,0,0,0,0,'111110002535','Dena Bank','MED/GUJ/40420','','AEBPC7859L','D-1/2,A.P.QURT.','','15600-39100','10000-15200'),(158,12170301,4,'VIPUL D. PATEL','Anatomy','Associate Professor','2017-03-01','2017-03-31','Pay Bill','',43250,9000,0,0,13063,0,81641,240,13063,300,100,1600,0,0,0,0,0,0,0,30000,0,200,120,280,25000,0,0,0,0,0,0,0,0,'0','Dena Bank','MED/GUJ/12490','','AESPP1672F','','','37400-67000','12000-16500'),(158,12170401,4,'VIPUL D. PATEL','Anatomy','Associate Professor','2017-04-01','2017-03-31','Pay Bill','',43250,9000,0,0,13063,0,81641,240,13063,300,100,1600,0,0,0,0,0,0,0,30000,0,200,120,280,25000,0,0,0,0,0,0,0,0,'0','Dena Bank','MED/GUJ/12490','','AESPP1672F','','','37400-67000','12000-16500'),(159,12170301,9,'YOGESH U. PATEL','Skin and VD','Assistant Professor','2017-03-01','2017-03-31','Pay Bill','',24690,7000,0,0,7923,0,49516,240,7923,300,100,1600,0,0,0,0,0,0,0,8000,0,200,120,280,7130,0,0,0,0,0,0,0,0,'111110004445','Dena Bank','2009140757400001','','ATXPP1197M','','','15600-39100','10000-15200'),(159,12170401,9,'YOGESH U. PATEL','Skin and VD','Assistant Professor','2017-04-01','2017-03-31','Pay Bill','',24690,7000,0,0,7923,0,49516,240,7923,300,100,1600,0,0,0,0,0,0,0,8000,0,200,120,280,7130,0,0,0,0,0,0,0,0,'111110004445','Dena Bank','2009140757400001','','ATXPP1197M','','','15600-39100','10000-15200'),(160,12170301,101,'KUM. AMI D. PATHAK','Psychiatry','Clinical Psychiatrist','2017-03-01','2017-03-31','Pay Bill','',44900,0,0,0,0,0,0,240,3428,0,0,800,0,0,0,0,0,0,0,2500,0,200,60,140,0,0,0,0,0,0,0,0,0,'111110034769','Dena Bank','','','AKNPP8524D','','','44900-142400','6500-10500'),(160,12170401,101,'KUM. AMI D. PATHAK','Psychiatry','Clinical Psychiatrist','2017-04-01','2017-03-31','Pay Bill','',44900,0,0,0,0,0,0,240,3428,0,0,800,0,0,0,0,0,0,0,2500,0,200,60,140,0,0,0,0,0,0,0,0,0,'111110034769','Dena Bank','','','AKNPP8524D','','','44900-142400','6500-10500');
/*!40000 ALTER TABLE `salaryy` ENABLE KEYS */;
UNLOCK TABLES;

--
-- Table structure for table `staff`
--

DROP TABLE IF EXISTS `staff`;
/*!40101 SET @saved_cs_client     = @@character_set_client */;
/*!40101 SET character_set_client = utf8 */;
CREATE TABLE `staff` (
  `staff_id` bigint(20) NOT NULL,
  `fullname` varchar(300) NOT NULL,
  `uid` bigint(20) NOT NULL,
  PRIMARY KEY (`staff_id`)
) ENGINE=InnoDB DEFAULT CHARSET=latin1;
/*!40101 SET character_set_client = @saved_cs_client */;

--
-- Dumping data for table `staff`
--

LOCK TABLES `staff` WRITE;
/*!40000 ALTER TABLE `staff` DISABLE KEYS */;
INSERT INTO `staff` VALUES (1,'A.N. PANDYA',0),(2,'ABHAY KAVISVAR',0),(3,'ALKA UDAYANIYA',0),(4,'ALPANA MATHUR',0),(5,'ALPESH PARMAR',0),(6,'ANAND V. CHAUDHARY',0),(7,'ANITA SINHA',0),(8,'ANJALI M. MODI',0),(9,'ANJANI SHRIVASTAVA',0),(10,'ANSHUL GUPTA',0),(11,'APEXA H. RANA',0),(12,'ARCHANA M. PATEL',0),(13,'ARPTIA J. NISHAL',0),(14,'ASHISH C. ZALA',0),(15,'ASTHA JAIN',0),(16,'B. DIVAKAR',0),(17,'B.M. JHA',0),(18,'B.V. UKANI',0),(19,'BHADRESH PRAJAPATI',0),(20,'BHARATI V. UMARVANSHI',0),(21,'BHAVNA GAMIT',0),(22,'BINA B. VAIDYA',0),(23,'BRIJAL S. PATEL',0),(24,'BRIJESH V. PARMAR',0),(25,'CHANDRESH I TAILOR',0),(26,'CHETAN ACHARYA',0),(27,'CHETNA R. PATEL',0),(28,'CHINTAN GAMIT',0),(29,'CHINTAN R. BHATT',0),(30,'D. D. UMRIGAR',0),(31,'D. S. PATIL',0),(32,'D.M. PARMAR',0),(33,'DAXA L. CHAVDA',0),(34,'DEEPSHIKHA DAVE',0),(35,'DEVANG M. DESAI',0),(36,'DEVENDRA R. CHAUDHARI',0),(37,'DHWANI DESAI',0),(38,'DIPTI THAKUR',0),(39,'EKTA PATEL',0),(40,'GANESH GOVEKAR',0),(41,'GEETA VAGHELA',0),(42,'GUNVANT VAISHNAV',0),(43,'HARDIK ASTIK',0),(44,'HARI J. MENON',0),(45,'HARSHAD M. PATEL',0),(46,'HETAL THAKAR',0),(47,'HINA G. CHAUDHARI',0),(48,'HITESH BHABHOR',0),(49,'HITESHREE PATEL',0),(50,'ILA B. UPADHYA',0),(51,'ISHA K. PATEL',0),(52,'J. M. BRAHMBHATT',0),(53,'J.K. KOSAMBIYA',0),(54,'JAGRUTI K. ANAVADIA',0),(55,'JATIN CHHAYA',0),(56,'JAYANT R. PATEL',0),(57,'JAYESH C. VASAVA',0),(58,'JAYMIN CONTRACTOR',0),(59,'JAYSHREE PATEL',0),(60,'JAYSHREE K. PATEL',0),(61,'JIGISHA PATADIA',0),(62,'JIGNESH PATEL',0),(63,'JIGNESH B. SHAH',0),(64,'JIGNESH B. PATEL',0),(65,'JIGNESH J. PATEL',0),(66,'JITENDRA N. PATEL',0),(67,'KALPAN R. DESAI',0),(68,'KAMLESH DAVE',0),(69,'KANCHAN V. KSHIRSAGAR',0),(70,'KEDAR A. TRIVEDI',0),(71,'KETAN B. CHAUHAN',0),(72,'KHUSHBU C. PATEL',0),(73,'KHYATI D. SHAMALIYA',0),(74,'KOMAL S. PATEL',0),(75,'KRUPALI D. PATEL',0),(76,'KUNJAN PATEL',0),(77,'LATIKA N. PUROHITH',0),(78,'M. H. MOMIN',0),(79,'M. K. VADEL',0),(80,'MAMTA RANI VERMA',0),(81,'MANDAKINI PATEL',0),(82,'MANISH CHAUDHARI',0),(83,'MANISH M. PATEL',0),(84,'MANOJ HALPATI',0),(85,'MAYUR A. JARAG',0),(86,'MAYUR A. CHAUDHARI',0),(87,'MEHUL MODI',0),(88,'MINAKSHI S. MODI',0),(89,'MOH.ANAS M. PATNI',0),(90,'MOHUA MOITRA',0),(91,'MUBIN I. PATEL',0),(92,'MUKESH PANCHOLI',0),(93,'NARESH T. CHAUHAN',0),(94,'NEELAM N. PARMAR',0),(95,'NEETA BACHLAUS',0),(96,'NEETA KHANDELWAL',0),(97,'NEHA D. PATEL',0),(98,'NIDHI D. PATEL',0),(99,'NILAM PRAJAPATI',0),(100,'NIMESH VERMA',0),(101,'NISHA BAROT',0),(102,'NITIN CHAUDHARI',0),(103,'NRUPAL C. PATEL',0),(104,'P. Z. WADIA',0),(105,'PARESH H. ZANZMERA',0),(106,'PARIMAL J. PATEL',0),(107,'PARUL J. UDHNAWALA',0),(108,'PAYAL DANGAR',0),(109,'PINAL C. SHAH',0),(110,'PINKAL SHAH',0),(111,'PIYUSH TAILOR',0),(112,'PRADEEP B. GUPTA',0),(113,'PRADHYUMAN CHAUDHARI',0),(114,'PRAKASH PATEL',0),(115,'PRAKASH P. MALAM',0),(116,'PRASHANT R. PATEL',0),(117,'PRITI KAPADIYA',0),(118,'PRITI YADAV',0),(119,'PRITI B. PATEL',0),(120,'PRIYANKA U. MODI',0),(121,'PUNEET SAXENA',0),(122,'PURVI DESAI',0),(123,'R. N. HATHILA',0),(124,'RAHUL B. DAMOR',0),(125,'RAHUL B. PATEL',0),(126,'RAHUL J. CHAUDHARI',0),(127,'RAJESHRI BODAT',0),(128,'RASHAVITA K PATEL',0),(129,'RINI TEKRIWAL',0),(130,'RITAL K. PATEL',0),(131,'RITAMBHARA MEHTA',0),(132,'ROHAN D. RANA',0),(133,'SANDEEP KANSAL',0),(134,'SANGEETA TRIVEDI',0),(135,'SANGITA B. RAJDEV',0),(136,'SARAL BHATIA',0),(137,'SARITA H. PATEL',0),(138,'SARITA J. MANGUKIYA',0),(139,'SHAILEE N. VYAS',0),(140,'SHARMISTHA PATEL',0),(141,'SHIVANI D. PATEL',0),(142,'SHWETA A. PATEL',0),(143,'SHWETA M. DESAI',0),(144,'SNEHLATA J. CHAUDHARI',0),(145,'STUTI A. JHALA',0),(146,'SUKESHA P. GAMIT',0),(147,'SUNAINA PATEL',0),(148,'SURESH G. PADSALA',0),(149,'SWAPNA APTE',0),(150,'SWAPNIL S. NALGE',0),(151,'SWETA T. GAMIT',0),(152,'TANVI R. SUKHARAMWALA',0),(153,'TEJAL A. CHAUDHARI',0),(154,'TRUPTI M. SOLU',0),(155,'VASUDHA M. BHAGAT',0),(156,'VIJAY B. SHAH',0),(157,'VIPUL CHAUDHARI',0),(158,'VIPUL D. PATEL',0),(159,'YOGESH U. PATEL',0),(160,'KUM. AMI D. PATHAK',0),(1001,'ABDUL Y SHAIKH',0),(1002,'AESHAKUMARI I PATEL',0),(1003,'AJAY S RANA',0),(1004,'AKRUTI HIREN PATEL',0),(1005,'ALIHUSEN H ANSARI',0),(1006,'ALPANA H CHAUDHARI',0),(1007,'ALPESH D RATHOD',0),(1008,'AMBA CHHOTA SOLANKI',0),(1009,'AMISHA K SOLANKI',0),(1010,'ANIL J PATEL',0),(1011,'ANIL MAGAN SOLANKI',0),(1012,'ANIL P BHATARIA',0),(1013,'ANIL TULSI SOLANKI',0),(1014,'ANILA S PATEL',0),(1015,'ANJANA B SURATI',0),(1016,'ANKITA S PATEL',0),(1017,'ANUKUMAR N GAMIT',0),(1018,'ARVIND K SURATI',0),(1019,'BALAVANT L CHAUHAN',0),(1020,'BALU P PATEL',0),(1021,'BHAGVATI M PATEL',0),(1022,'BHAVINI Y SHAH',0),(1023,'BHAVNABEN S DESAI',0),(1024,'BIPIN A PURANI',0),(1025,'BV KHAROSE',0),(1026,'CHANDRAKANT PBHARUCHI',0),(1027,'CHARU P BHATT',0),(1028,'CHETAN V JARIWALA',0),(1029,'CHETANA H PATEL',0),(1030,'CHIRAG S LAD',0),(1031,'DAHYA MOTI SOLANKI',0),(1032,'DC AHIR',0),(1033,'DEEPIKA S CHAUDHARY',0),(1034,'DEVAJI R GOHIL',0),(1035,'DEVENDRA B CHAUDHARI',0),(1036,'DHAEMISHTHA RATHVA',0),(1037,'DHANSHUKH B PATEL',0),(1038,'DHANSHUKH D SOLANKI',0),(1039,'DHARMESH N PATEL',0),(1040,'DHARMISTHA PATEL',0),(1041,'DIMPLE R SIROYA',0),(1042,'DIVYABEN R PATEL',0),(1043,'GANGA MANOJ SOLANKI',0),(1044,'GANPAT S SOLANKI',0),(1045,'GORDHAN S SOLANKI',0),(1046,'GYNANESHVAR DSURYAVANSHI',0),(1047,'HARENDRA D SOLANKI',0),(1048,'HARSHIDA CHAUDHARI',0),(1049,'HASMUKH H PATEL',0),(1050,'HEENA D THAKUREL',0),(1051,'HEMANGINI A PATEL',0),(1052,'HETALBEN B PATEL',0),(1053,'HETALKUMAR NAIK',0),(1054,'HIRA MAGAN GAMIT',0),(1055,'HITESHKUMAR M PATEL',0),(1056,'IA PATEL',0),(1057,'INDRASIGH C SOLANKI',0),(1058,'INDUBEN R SOLANKI',0),(1059,'ISHVAR M SOLANKI',0),(1060,'J K GAMIT',0),(1061,'JATINKUMAR M CHAUDHARI',0),(1062,'JAYANTI R SOLANKI',0),(1063,'JH JOSHI',0),(1064,'JIGISHABEN I GAMIT',0),(1065,'JINESH F CHAUDHARI',0),(1066,'JITENDRA N PRAJAPATI',0),(1067,'JIVRAJ U CHAUHAN',0),(1068,'K P CHAUHAN',0),(1069,'KAMLESH A VASAVA',0),(1070,'KANTI L SURATI',0),(1071,'KANTI ZINA PATEL',0),(1072,'KANTILAL C SOLANKI',0),(1073,'KANTILAL D PATEL',0),(1074,'KANU D SOLANKI',0),(1075,'KANU SOMA BHANGI',0),(1076,'KARNIK G PATEL',0),(1077,'KAVITA S HATHIWALA',0),(1078,'KAVITABEN I PATEL',0),(1079,'KEYUR N PATEL',0),(1080,'KHUSHBU RAMANIK CHOVATIYA',0),(1081,'KIRIT MAGAN SOLANKI',0),(1082,'KISHOR B VAGHANI',0),(1083,'KOKILA D PATEL',0),(1084,'LALITABEN BILLIMORIA',0),(1085,'LATABEN S GAMIT',0),(1086,'MAHAVIRSINH MAHIDA',0),(1087,'MAHESH C SHETH',0),(1088,'MAHESH V PATEL',0),(1089,'MALATI A SOLANKI',0),(1090,'MALLIKABEN NBHAVSAR',0),(1091,'MAMENDRA I PATEL',0),(1092,'MANHARBHAI J PATEL',0),(1093,'MANISHA K GOHIL',0),(1094,'MANISHA M PATEL',0),(1095,'MANISHABEN C HADIYA',0),(1096,'MANJI G PATEL',0),(1097,'MEETA R PATEL',0),(1098,'MEGHNA V PATEL',0),(1099,'MINAXI V NAIK',0),(1100,'MOHMAD S ANSARI',0),(1101,'MOTI MATHUR SOLANKI',0),(1102,'MOTIBHAI D PATEL',0),(1103,'NARENDRA D CHAUDHARI',0),(1104,'NATVAR D GARANIYA',0),(1105,'NAVIN K KARUSKAR',0),(1106,'NIHARIKA PATEL',0),(1107,'NIKUNJ M PATEL',0),(1108,'NIRALI C BHADJA',0),(1109,'NIRMALBHAI J PATEL',0),(1110,'PIYUSH D SARBHONIYA',0),(1111,'POPATBHAI P PRAJAPATI',0),(1112,'PRAKASH SHAIDANE',0),(1113,'PRAMODKUMAR CPATEL',0),(1114,'PRATAPBHAI D RATHOD',0),(1115,'PRATIBHA C PATEL',0),(1116,'PRATIKSHA D PATEL',0),(1117,'PREMABHAI V GAMIT',0),(1118,'RACHANA B PATEL',0),(1119,'RAHUL V GHOGHARI',0),(1120,'RAJENDRA I PATEL',0),(1121,'RAJENDRA M NAIK',0),(1122,'RAJENDRA N PATEL',0),(1123,'RAJESH S SOLANKI',0),(1124,'RAKESH R PATEL',0),(1125,'RAMESH D SURATI',0),(1126,'RAMESH L PATEL',0),(1127,'RAMIKSHA N PATEL',0),(1128,'RAMILA R CHAUDHARI',0),(1129,'RATILAL I PATEL',0),(1130,'RH SURTI',0),(1131,'RINABEN A PRAJAPATI',0),(1132,'RV RAVAT',0),(1133,'SALIM R MALEK',0),(1134,'SANDEEP C GOYAL',0),(1135,'SANGITABEN I RATHAVA',0),(1136,'SATYAM N PATEL',0),(1137,'SD DIVAKAR',0),(1138,'SHAILESH B SOLANKI',0),(1139,'SHANKARBHAI D CHAUDHARI',0),(1140,'SHANTI D SOLANKI',0),(1141,'SHIVAJI F MALI',0),(1142,'SHWETA J PATEL',0),(1143,'SMTPARVATI N PATEL',0),(1144,'SUBHASH C SOLANKI',0),(1145,'SUKHDEV C SONI',0),(1146,'SULTAN M LAKHANI',0),(1147,'SUMAN R HALPATI',0),(1148,'SURENDRASINH P SOLANKI',0),(1149,'THAKOR B PATEL',0),(1150,'TRUPTI C PATEL',0),(1151,'UDAY L SOLANKI',0),(1152,'UDAY S MISHRA',0),(1153,'URMILA B GAMIT',0),(1154,'URMILA M VASAVA',0),(1155,'URMISH J DHARANI',0),(1156,'VARSHA M PATEL',0),(1157,'VIBHA C PATEL',0),(1158,'YOGITA K PATEL',0),(1159,'ZINA HIRA PARMAR',0),(1160,'Parvati N Patel',0),(1161,'Preeti Premchandbhai Pandya',0);
/*!40000 ALTER TABLE `staff` ENABLE KEYS */;
UNLOCK TABLES;

--
-- Table structure for table `user`
--

DROP TABLE IF EXISTS `user`;
/*!40101 SET @saved_cs_client     = @@character_set_client */;
/*!40101 SET character_set_client = utf8 */;
CREATE TABLE `user` (
  `id` bigint(11) NOT NULL,
  `name` varchar(100) NOT NULL,
  `password` varchar(300) NOT NULL,
  `department` varchar(100) NOT NULL,
  `unit` varchar(10) NOT NULL,
  `right` int(11) NOT NULL DEFAULT '0',
  PRIMARY KEY (`id`)
) ENGINE=InnoDB DEFAULT CHARSET=latin1;
/*!40101 SET character_set_client = @saved_cs_client */;

--
-- Dumping data for table `user`
--

LOCK TABLES `user` WRITE;
/*!40000 ALTER TABLE `user` DISABLE KEYS */;
INSERT INTO `user` VALUES (1,'one','a757fca850da9cd0671fc60102e538cd','','',0),(925799566345,'Akbar Rathod','b0588794eddf85236e52c5cf269b37cc','','',0),(995369138876,'Heena Thkurel','68053af2923e00204c3ca7c6a3150cf7','','',0);
/*!40000 ALTER TABLE `user` ENABLE KEYS */;
UNLOCK TABLES;
/*!40103 SET TIME_ZONE=@OLD_TIME_ZONE */;

/*!40101 SET SQL_MODE=@OLD_SQL_MODE */;
/*!40014 SET FOREIGN_KEY_CHECKS=@OLD_FOREIGN_KEY_CHECKS */;
/*!40014 SET UNIQUE_CHECKS=@OLD_UNIQUE_CHECKS */;
/*!40101 SET CHARACTER_SET_CLIENT=@OLD_CHARACTER_SET_CLIENT */;
/*!40101 SET CHARACTER_SET_RESULTS=@OLD_CHARACTER_SET_RESULTS */;
/*!40101 SET COLLATION_CONNECTION=@OLD_COLLATION_CONNECTION */;
/*!40111 SET SQL_NOTES=@OLD_SQL_NOTES */;

-- Dump completed on 2017-05-23 22:32:12
